ID_MC,COD_MA,COD_PROY_MC,NUMERO_EXPEDIENTE,EXP_RES_MC,N_RES_MC,CUM,CAM,NUMERO_REGISTRO_SIGED,ID_ADMINISTRADO,ID_ORGANO,ID_MATERIA,ID_ESTADO_RESOLUCION,ID_ESTADO_MULTA,ID_ESTADO_PAGO,ID_UIT,F_NOTIF_DCG,F_VENC_DCG,F_RPTA_ADM,F_INIC_ANALISIS,F_FIN_ANALISIS,F_FIRMA_RES_MC,F_NOTIF_RES_MC,F_VENC_MC,F_VERIF_POST_MC,F_PAGO,F_REMISION_MEMO,PRESENTO_DESCARGOS,AMERITA_MC,REQUIERE_VERIF_CAMPO,MEDIDA_ADMINISTRATIVA,MEMO_EF,SIGED,DOC_VERIF_MC,MONTO_UIT,VALOR_UIT_APLICADO,MONTO_S,MONTO_S_CALC,MONTO_MULTA_REC,MONTO_MULTA_TFA,DIAS_NOTIF_A_RESPUESTA,DIAS_ANALISIS,DIAS_NOTIF_A_FIRMA,DIAS_FIRMA_A_VENC,DIAS_VENC_A_PAGO,DIAS_RESOL_A_VERIF,FLAG_PRESENTO_DCG,FLAG_AMERITA_MC,FLAG_PAGADA,FLAG_EJECUCION_FORZOSA,FLAG_CUMPLIO_VERIF,FUENTE_REGISTRO,FECHA_CARGA
48,,,0209-2023-DSIS-CRES,,00004-2025-OEFA/DSIS,00000022512,20250300003,2025-I01-009335,1,23,-1,3,-1,-1,11,,,,,,2025-02-28 00:00:00,,,,,,,,,"Realizar la clausura de las zonas de ingreso del ADRS “Botadero Cerro La Horca”, a través de la colocación de diques de concreto y/o similares características en la zona de ingreso y transito interno",,,,2.0,5350.0,,10700.0,,,,,,,,,0,0,0,0,0,SISUD_VW,2026-09-04 16:34:16
49,,,0213-2024-DSEM-CMIN,,00029-2025-OEFA/DSEM,00002362512,2025020000004,2025-I01-003866,-1,22,-1,4,-1,-1,11,,,,,,2025-01-27 00:00:00,,,,,,,,,"Identificar en campo el origen de la tubería ubicada en la coordenada UTM WGS 84 19K: 372029 E, 8168184 N.",,,,100.0,5350.0,,535000.0,,,,,,,,,0,0,0,0,0,SISUD_VW,2026-09-04 16:34:16
50,,,0002-2023-DSIS-CRES,,00003-2025-OEFA/DSIS,00000012512,20250300001,2025-I01-009230,4,23,-1,3,-1,-1,11,,,,,,2025-02-28 00:00:00,,,,,,,,,"Realizar las acciones de esparcido, compactación y cobertura de los residuos sólidos en las coordenadas UTM zona 18L 8822515N 189242E, 8822517N 189238E, 8822415N 189184E, con una frecuencia mínima de tres (3) veces a la semana.",,,,2.0,5350.0,,10700.0,,,,,,,,,0,0,0,0,0,SISUD_VW,2026-09-04 16:34:16
51,,,0021-2023-DSEM-CMIN,,00034-2025-OEFA/DSEM,00002332512,2025020000003,2025-I01-004234,5,22,-1,3,-1,-1,11,,,,,,2025-01-29 00:00:00,,,,,,,,,"Remediar el suelo por donde ha discurrido el flujo de agua ácida proveniente del rajo RP-219. Para la remediación se realizarán muestreos previos y posteriores a la medida, a fin de verificar su eficacia.",,,,32.0,5350.0,,171200.0,,,,,,,,,0,0,0,0,0,SISUD_VW,2026-09-04 16:34:16
52,,,0021-2023-DSEM-CMIN,,00034-2025-OEFA/DSEM,00002342512,2025020000003,2025-I01-004234,5,22,-1,3,-1,-1,11,,,,,,2025-01-29 00:00:00,,,,,,,,,"Realizar la caracterización geoquímica de los rajos RP-213 y RP-219, así como del material de relleno utilizado para el cierre de los rajos antes descritos, con la finalidad de determinar el origen de la generación de aguas ácidas.",,,,14.0,5350.0,,74900.0,,,,,,,,,0,0,0,0,0,SISUD_VW,2026-09-04 16:34:16
53,,,0021-2023-DSEM-CMIN,,00034-2025-OEFA/DSEM,00002352512,2025020000003,2025-I01-004234,-1,22,-1,3,-1,-1,11,,,,,,2025-01-29 00:00:00,,,,,,,,,"Remediar el suelo por donde ha discurrido el flujo de agua ácida proveniente del rajo RP-219. Para la remediación se realizarán muestreos previos y posteriores a la medida, a fin de verificar su eficacia.",,,,32.0,5350.0,,171200.0,,,,,,,,,0,0,0,0,0,SISUD_VW,2026-09-04 16:34:16
54,,,0156-2022-DSEM-CMIN,,00096-2025-OEFA/DSEM,00003482512,20250400065,2025-I01-018669,6,22,-1,3,-1,-1,11,,,,,,2025-04-28 00:00:00,,,,,,,,,"Captar y tratar las descargas de agua de las pozas de subdrenajes N° 1 (SW-08) y N° 2 (SW-09) del pad de lixiviación Jessica, a fin de cumplir con los Estándares Nacionales de Calidad Ambiental para Agua establecidos en el Decreto Supremo N° 015-2015-MINAM y evitar que sigan alterando la calidad del agua superficiales y de las comunidades hidrobiológicas de la quebrada Lluchusani.",,,,76.0,5350.0,,406600.0,,,,,,,,,0,0,0,0,0,SISUD_VW,2026-09-04 16:34:16
55,,,0148-2024-DSEM-CMIN,,00106-2025-OEFA/DSEM,00005032512,20250500016,2025-I01-020540,6,22,-1,3,-1,-1,11,,,,,,2025-05-09 00:00:00,,,,,,,,,"Captar el agua de contacto del depósito de desmonte ESP-ARI-1 y derivarla a la planta de tratamiento STAA Wetland Sur, a fin de que cumplan con los LMP previo a su descarga a la quebrada Apostoloni. La captación se deberá realizar de tal modo, que no exista agua de contacto ingresando hacia el canal de agua de no contacto de dicho componente, a fin de que no se afecte la quebrada Apostoloni, la flora y fauna cercanas, ni la salud de las personas",,,,12.0,5350.0,,64200.0,,,,,,,,,0,0,0,0,0,SISUD_VW,2026-09-04 16:34:16
56,,,0197-2024-DSEM-CMIN,,00107-2025-OEFA/DSEM,00005092512,20250500017,2025-I01-020542,6,22,-1,3,-1,-1,11,,,,,,2025-05-09 00:00:00,,,,,,,,,Retirar la tubería desde su origen y captar el agua de contacto hacia la poza 90 000 para su respectivo tratamiento en el STAA Wetland Sur a fin de que dichas aguas cumplan con los LMP aprobado mediante el Decreto Supremo N° 010-2010-MINAM,,,,64.0,5350.0,,342400.0,,,,,,,,,0,0,0,0,0,SISUD_VW,2026-09-04 16:34:16
57,,,0192-2023-DSEM-CMIN,,00097-2025-OEFA/DSEM,00004042512,20250400077,2025-I01-018937,7,22,-1,3,-1,-1,11,,,,,,2025-04-29 00:00:00,,,,,,,,,"Captar y tratar el efluente proveniente de la bocamina BOC-LN-LL-15 que descarga al suelo, de forma tal que éste no supere los Límites Máximos Permisibles establecidos en el Decreto Supremo Nº 010-2010-MINAM.",,,,100.0,5350.0,,535000.0,,,,,,,,,0,0,0,0,0,SISUD_VW,2026-09-04 16:34:16
58,,,0185-2024-DSEM-CMIN,,00105-2025-OEFA/DSEM,00004402512,20250500008,2025-I01-020182,6,22,-1,3,-1,-1,11,,,,,,2025-05-08 00:00:00,,,,,,,,,"Retirar la tubería corrugada, ubicada en la coordenada UTM WGS 84 19: 372020 E, 8168172 N y captar el flujo de agua de contacto proveniente del depósito de desmonte y derivarla a la planta de tratamiento STAA Wetland Sur, a fin de que cumpla con los LMP.",,,,100.0,5350.0,,535000.0,,,,,,,,,0,0,0,0,0,SISUD_VW,2026-09-04 16:34:16
59,,,0192-2023-DSEM-CMIN,,00097-2025-OEFA/DSEM,00004052512,20250400077,2025-I01-018937,7,22,-1,3,-1,-1,11,,,,,,2025-04-29 00:00:00,,,,,,,,,"Captar y tratar los efluentes provenientes del depósito de relaves RELAV-MO-LL-4, de forma tal que éstos no superen los Límites Máximos Permisibles establecidos en el Decreto Supremo Nº 010-2010-MINAM antes de ser descargado al rio Hualgayoc.",,,,100.0,5350.0,,535000.0,,,,,,,,,0,0,0,0,0,SISUD_VW,2026-09-04 16:34:16
60,,,0155-2024-DSEM-CMIN,,00102-2025-OEFA/DSEM,00004382512,20250500007,2025-I01-019776,6,22,-1,3,-1,-1,11,,,,,,2025-05-06 00:00:00,,,,,,,,,"Captar el agua de contacto del depósito de desmonte INF-1, INF-2, INF-3, ESP-ARI-1 y ESP-ARI-11 y derivarla a la planta de tratamiento STAA Wetland Sur, a fin de que cumplan con los LMP. La captación se deberá realizar de tal modo, que ya no existan afloramientos hacia la quebrada S/N 2, ni flujos de agua de contacto hacia el canal de agua de no contacto de dicho componente.",,,,5.0,5350.0,,26750.0,,,,,,,,,0,0,0,0,0,SISUD_VW,2026-09-04 16:34:16
61,,,0155-2024-DSEM-CMIN,,00102-2025-OEFA/DSEM,00004392512,20250500007,2025-I01-019776,6,22,-1,3,-1,-1,11,,,,,,2025-05-06 00:00:00,,,,,,,,,"Reparar el canal de agua de no contacto del depósito de desmonte zona norte, desde la coordenada UTM WGS 84 8168352 N; 372459 E, hasta UTM WGS 84 8168241 N; 372256 E (aproximadamente 234 m) de forma que no existan grietas que permitan el ingreso cualquier flujo de agua de contacto hacia dicho canal.",,,,3.0,5350.0,,16050.0,,,,,,,,,0,0,0,0,0,SISUD_VW,2026-09-04 16:34:16
62,,,0340-2023-DSEM-CHID,,00095-2025-OEFA/DSEM,00003692512,20250400070,2025-I01-018655,8,21,-1,3,-1,-1,11,,,,,,2025-04-28 00:00:00,,,,,,,,,Realizar la limpieza total del área afectada por el derrame de petróleo crudo ocurrido el 28 de agosto de 2023 en el km 24+341 del tramo I del Oleoducto Norperuano.,,,,64.0,5350.0,,342400.0,,,,,,,,,0,0,0,0,0,SISUD_VW,2026-09-04 16:34:16
63,,,0174-2024-DSEM-CMIN,,00100-2025-OEFA/DSEM,00004292512,20250500005,2025-I01-019556,6,22,-1,3,-1,-1,11,,,,,,2025-05-05 00:00:00,,,,,,,,,"Presentar ante la Autoridad Certificadora, la modificación de la Cuarta Modificación del Plan de Cierre de Minas de la unidad fiscalizable Florencia-Tucari, aprobada mediante Resolución Directoral N° 286-2016/MEM-DGAAM, a fin de que se incorporen aquellos componentes implementados o modificados con posterioridad a la emisión de la Resolución Directoral N° 166-2019-MINEM/DGM del 13 de septiembre de 2019, así como los cambios en el sistema de tratamiento y bombeo de lodos, y el cambio de la funcionalidad del tajo para la disposición de lodos provenientes del sistema de tratamiento de agua ácida del tajo.",,,,100.0,5350.0,,535000.0,,,,,,,,,0,0,0,0,0,SISUD_VW,2026-09-04 16:34:16
64,,,0019-2022-DSEM-CMIN,,00109-2025-OEFA/DSEM,00005262512,20250500026,2025-I01-021212,9,22,-1,3,-1,-1,11,,,,,,2025-05-13 00:00:00,,,,,,,,,"Minera Chinalco Perú S.A. no ha cumplido con ejecutar el cierre, de la ampliación (áreas divergentes) de los componentes mineros que fueron aprobadas, en el Estudio de Impacto Ambiental del Proyecto de Explotación Toromocho, aprobado con Resolución Directoral N° 411-2010-MEM/AAM, denominados como Depósito de Mineral de Baja Ley Suroeste y Depósito de Mineral de Baja Ley, toda vez que: • No habría cumplido con ejecutar las actividades de Cierre del Área divergente 1 de acuerdo a lo aprobado en el ETC, respecto al ítem 1.3 Manejo de agua, en el extremo referido al ingreso de flujos de agua al sistema de drenaje de la operación, para ser conducidos de manera regulada hacia el túnel Kingsmill. • No habría cumplido con ejecutar las actividades de Cierre del Área divergente 2 de acuerdo a lo aprobado en el ETC, en el extremo referido a los ítems 1.2 Estabilización Física y 1.3 Manejo de agua, al no haber acreditado el retiro total del mineral de baja ley, ni haber acred",,,,4.0,5350.0,,21400.0,,,,,,,,,0,0,0,0,0,SISUD_VW,2026-09-04 16:34:16
65,,,0213-2024-DSEM-CMIN,,00117-2025-OEFA/DSEM,00005982512,20250500055,2025-I01-022738,6,22,-1,3,-1,-1,11,,,,,,2025-05-22 00:00:00,,,,,,,,,"Retirar la tubería desde su origen hasta la ubicación de la misma en coordenada UTM WGS 84 19: 372029 E, 8168184, para luego captar el agua de contacto ESP-ARI-1 hacia el sistema de tratamiento de agua ácida del Tajo (STAA Wetland Sur) a fin de que cumpla con los LMP aprobado mediante el Decreto Supremo N° 010-2010-MINAM en el punto PS-02 (antes de ser descargado a la quebrada Apostoloni).",,,,100.0,5350.0,,535000.0,,,,,,,,,0,0,0,0,0,SISUD_VW,2026-09-04 16:34:16
66,,,0001-2025-DSEM-CMIN,,00111-2025-OEFA/DSEM,00005442512,20250500038,2025-I01-021866,6,22,-1,3,-1,-1,11,,,,,,2025-05-16 00:00:00,,,,,,,,,"“Retirar la tubería desde su origen hasta la ubicación de la misma en coordenadas UTM WGA 84 19: 371659 E, 8167196 N, para luego captar el agua de contacto ESP-ARI-1P y derivarla hacia el sistema de tratamiento de agua ácida (STTA Wetland Sur), a fin de que cumpla con los LMP aprobado mediante el Decreto Supremo N° 010-2010-MINAM en el punto PS-02 (antes de ser descargado a la quebrada Apostoloni)”.",,,,100.0,5350.0,,535000.0,,,,,,,,,0,0,0,0,0,SISUD_VW,2026-09-04 16:34:16
67,,,0023-2022-DSIS-CRES,,00003-2025-OEFA/ODES-LOR,00006482512,20250500069,2025-I13-019347,10,23,-1,3,-1,-1,11,,,,,,2025-04-30 00:00:00,,,,,,,,,"Medida Preventiva N° 6 Implementar un sistema de manejo de lixiviados en el Botadero carretera Requena – Yaquerana, que contemple: ii) Implementación y construcción de una poza de almacenamiento de lixiviados, la cual debe estar impermeabilizada con geomembrana, provista de una cubierta (techo) y un canal perimetral pluvial para evitar el ingreso del agua de lluvia. ** ** La poza de lixiviados, debe ser ubicada al noreste del botadero, es decir en la parte de menor elevación, para permitir que los lixiviados fluyan por gravedad hacia la poza de almacenamiento.",,,,2.0,5350.0,,10700.0,,,,,,,,,0,0,0,0,0,SISUD_VW,2026-09-04 16:34:16
68,,,0023-2022-DSIS-CRES,,00003-2025-OEFA/ODES-LOR,00006492512,20250500069,2025-I13-019347,10,23,-1,3,-1,-1,11,,,,,,2025-04-30 00:00:00,,,,,,,,,"Medida Preventiva N° 6 Implementar un sistema de manejo de lixiviados en el Botadero carretera Requena – Yaquerana, que contemple: iii) Implementación de un canal de interceptación de agua pluvial, para evitar el ingreso de agua de lluvia al ADRSM. *** ***El canal perimetral de interceptación de agua de lluvia, debe ser ubicado al noroeste del botadero, es decir, en la zona de mayor elevación, con el fin de interceptar el agua de lluvia antes de ingresar al área del botadero. Finalmente, a fin de evitar el desborde de lixiviados de la poza de almacenamiento, se deberá realizar la recirculación periódica de los lixiviados hacia el botadero.",,,,2.0,5350.0,,10700.0,,,,,,,,,0,0,0,0,0,SISUD_VW,2026-09-04 16:34:16
69,,,0023-2022-DSIS-CRES,,00003-2025-OEFA/ODES-LOR,00006472512,20250500069,2025-I13-019347,10,23,-1,3,-1,-1,11,,,,,,2025-04-30 00:00:00,,,,,,,,,"Medida Preventiva N° 6 Implementar un sistema de manejo de lixiviados en el Botadero carretera Requena – Yaquerana, que contemple: i) Implementación de drenes para la captación de lixiviados en todo el perímetro del área con residuos sólidos dispuestos. * *Los canales de los drenes perimetrales de captación de lixiviados deberán tener un ancho de 0.40 m y una profundidad de 0.40 m con una pendiente mínima de 2% que garantice que los lixiviados fluyan hacia la poza de almacenamiento. Cabe precisar que los drenes perimetrales de captación de lixiviados deberán estar conectados a la poza de almacenamiento de lixiviados a través de una tubería de 4 o 6 pulgadas de diámetro.",,,,2.0,5350.0,,10700.0,,,,,,,,,0,0,0,0,0,SISUD_VW,2026-09-04 16:34:16
70,,,0044-2025-DSEM-CMIN,,00112-2025-OEFA/DSEM,00005432512,20250500037,2025-I01-021867,6,22,-1,3,-1,-1,11,,,,,,2025-05-16 00:00:00,,,,,,,,,"“Captar el flujo de agua de contacto proveniente del depósito de desmonte, que descarga en la quebrada s/n 2, ubicado en la coordenada UTM WGS 84 Zona 19: 372314 E, 8168290 N a 4874 m.s.n.m. y derivarlo a la planta de tratamiento STAA Wetland Sur, a fin de que cumpla con los LMP aprobado mediante el Decreto Supremo N° 010-2010-MINAM”",,,,100.0,5350.0,,535000.0,,,,,,,,,0,0,0,0,0,SISUD_VW,2026-09-04 16:34:16
71,,,0213-2024-DSEM-CMIN,,00117-2025-OEFA/DSEM,00005972512,20250500055,2025-I01-022738,6,22,-1,3,-1,-1,11,,,,,,2025-05-22 00:00:00,,,,,,,,,"Identificar en campo el origen de la tubería ubicada en la coordenada UTM WGS 84 19: 372029 E, 8168184 N.",,,,100.0,5350.0,,535000.0,,,,,,,,,0,0,0,0,0,SISUD_VW,2026-09-04 16:34:16
72,,,0041-2024-DSIS-CRES,,00002-2025-OEFA/ODES-PIU,00006702512,20250500075,2025-I17-007473,11,23,-1,3,-1,-1,11,,,,,,2025-05-26 00:00:00,,,,,,,,,"MEDIDA PREVENTIVA N°3 Realizar el esparcido, nivelación, compactación y cobertura de los residuos sólidos que se encuentran fuera del sector definido en la Medida Preventiva N° 2 de la presente acta. La cobertura debe realizarse con capas de material de la zona, con un espesor no menor a 0.20 m, para asegurar su correcto confinamiento.",,,,2.0,5350.0,,10700.0,,,,,,,,,0,0,0,0,0,SISUD_VW,2026-09-04 16:34:16
73,,,0041-2024-DSIS-CRES,,00002-2025-OEFA/ODES-PIU,00006692512,20250500075,2025-I17-007473,11,23,-1,3,-1,-1,11,,,,,,2025-05-26 00:00:00,,,,,,,,,"MEDIDA PREVENTIVA N°2. Realizar la descarga, esparcido, nivelación, compactación y cobertura de los residuos sólidos que ingresan diariamente al ADRS “Botadero Municipal”, únicamente en el sector ubicado en las coordenadas UTM 599967 E, 9422790 N, considerando las siguientes actividades: (…) Realizar las operaciones de esparcimiento, nivelación, compactación y cobertura de los residuos sólidos deberán realizarse al menos una (01) vez por semana Considerando una capa de cobertura de mínimo 0.2 m. de espesor. Es preciso señalar que el área (m2 o Ha) del sector que se utilizará para la descarga de residuos sólidos deberá definirse en función de la cantidad estimada de residuos que se recibirán durante el período de esta medida.",,,,2.0,5350.0,,10700.0,,,,,,,,,0,0,0,0,0,SISUD_VW,2026-09-04 16:34:16
74,,,0001-2024-ODES-MOQ,,00006-2025-OEFA/ODES-MOQ,00008422512,20250500107,2025-I15-023513,12,27,-1,3,-1,-1,11,,,,,,2025-05-28 00:00:00,,,,,,,,,"La EMPRESA DE TRANSPORTE NACIONAL E INTERNACIONAL A.T.B. S.R.L. no realizó el transporte ni disposición final de los residuos sólidos generados como consecuencia de las acciones de limpieza de la emergencia ambiental, además, de no remitir el informe técnico que detallen las actividades realizadas para el cumplimiento de la medida administrativa N° 6, ordenada el 28 de diciembre de 2023 correspondiente al expediente N° 0041-2023-ODES-MOQ.",,,,1.0,5350.0,,5350.0,,,,,,,,,0,0,0,0,0,SISUD_VW,2026-09-04 16:34:16
75,,,0002-2025-DSEM-CMIN,,00121-2025-OEFA/DSEM,00008432512,20250500108,2025-I01-023818,6,22,-1,3,-1,-1,11,,,,,,2025-05-29 00:00:00,,,,,,,,,"Redireccionar la tubería de HDPE, ubicada en la coordenada UTM WGS 84 19: 372584 E, 8167114 N (ESP-ARI-3P), hacia el canal de coronación lado sur para que el agua de contacto ingrese a la poza auxiliar intermedia del STAA Wetland Sur, a fin de que cumpla con los LMP aprobado mediante el Decreto Supremo N° 010-2010-MINAM en el punto PS-02 antes de ser descargado a la quebrada Apostoloni.",,,,100.0,5350.0,,535000.0,,,,,,,,,0,0,0,0,0,SISUD_VW,2026-09-04 16:34:16
76,,,0078-2025-DSEM-CMIN,,00130-2025-OEFA/DSEM,00010152512,20250600008,2025-I01-025035,6,22,-1,3,-1,-1,11,,,,,,2025-06-05 00:00:00,,,,,,,,,"Captar el agua de contacto del depósito de desmonte (ESP-ARI-6, ESP-ARI-7, ESP-ARI-8 y ESP-ARI-5) y derivarla a la planta de tratamiento STAA Wetland Sur, a fin de que cumplan con los LMP 2010 previo a su descarga a la quebrada Apostoloni. La captación se deberá realizar de tal modo, que no exista agua de contacto ingresando hacia el canal de agua de no contacto de dicho componente, a fin de que no se afecte la quebrada Apostoloni, la flora y fauna cercanas ni la salud de las personas.",,,,64.0,5350.0,,342400.0,,,,,,,,,0,0,0,0,0,SISUD_VW,2026-09-04 16:34:16
77,,,0045-2025-DSEM-CMIN,,00122-2025-OEFA/DSEM,00009942512,20250600001,2025-I01-024216,6,22,-1,3,-1,-1,11,,,,,,2025-06-02 00:00:00,,,,,,,,,"Extraer, mediante el uso de una cisterna, el agua contenida en la poza revestida con geomembrana del botadero Norte ubicada en la coordenada UTM WGS84 Zona 19K 388520E y 8159767N; y posterior a ello, tratarla de manera externa.",,,,32.0,5350.0,,171200.0,,,,,,,,,0,0,0,0,0,SISUD_VW,2026-09-04 16:34:16
78,,,0256-2021-DSEM-CHID,,00125-2025-OEFA/DSEM,00009962512,20250600003,2025-I01-024409,8,21,-1,3,-1,-1,11,,,,,,2025-06-02 00:00:00,,,,,,,,,"Limpiar y descontaminar la totalidad del suelo contaminado producto de la infiltración del petróleo crudo derramado en el Km 193+000 del Ramal Norte del ONP y que equivale a aproximadamente 3 869 m3 de suelos contaminados con una presencia de hidrocarburo, que va desde 1.5% hasta 3.5%, es decir de 15,000 a 35,000 mg/kg de TPH. Para ejecutar la presente obligación, el administrado deberá presentar un Plan de trabajo que contenga un cronograma de actividades. El cronograma de actividades debe sustentarse en la información obtenida en los estudios realizados por la empresa Kanay S.A.C., y presentado por Petróleos del Perú - Petroperú S.A. al OEFA con el nombre de informe de “Evaluación del Área Impactada” - “Servicio Técnico Especializado de Limpieza, Remediación Ambiental y Disposición Final de Residuos Sólidos Generados en las Áreas Afectadas por el Derrame de Petróleo Crudo Ocurrido en el km 193 del Oleoducto Ramal Norte del Oleoducto Norperuano” o en un estudio",,,,80.0,5350.0,,428000.0,,,,,,,,,0,0,0,0,0,SISUD_VW,2026-09-04 16:34:16
79,,,0048-2025-DSEM-CELE,,00123-2025-OEFA/DSEM,00009972512,20250600004,2025-I01-024234,13,20,-1,3,-1,-1,11,,,,,,2025-06-02 00:00:00,,,,,,,,,"Limpieza total del área afectada, dentro de la central y en el terreno colindante a la C.T. El estrecho, donde se verificó la afectación al componente suelo, como consecuencia del vertimiento de residuos líquidos oleosos y aguas residuales domésticas provenientes de la poza de agua, poza API y poza séptica. El administrado deberá realizar la disposición final de los residuos sólidos peligrosos generados (suelo contaminado), como consecuencia del vertimiento de los residuos líquidos oleosos y aguas residuales domésticas provenientes de la poza de agua, poza API y poza séptica, a través de una Empresa Operadora de Residuos Sólidos registrada en el MINAM. Además, deberá realizar el monitoreo ambiental de calidad de suelo en los lugares donde se verificaron los vertimientos de los residuos líquidos oleosos y residuos domésticos provenientes de las pozas mencionadas.",,,,6.0,5350.0,,32100.0,,,,,,,,,0,0,0,0,0,SISUD_VW,2026-09-04 16:34:16
80,,,0048-2025-DSEM-CELE,,00123-2025-OEFA/DSEM,00009982512,20250600004,2025-I01-024234,13,20,-1,3,-1,-1,11,,,,,,2025-06-02 00:00:00,,,,,,,,,"Ampliar la capacidad de las pozas verificadas durante la acción de supervisión, a efectos de evitar el rebose de los fluidos contenidos en dichas pozas.",,,,10.0,5350.0,,53500.0,,,,,,,,,0,0,0,0,0,SISUD_VW,2026-09-04 16:34:16
81,,,0115-2023-DSAP-CIND,,00033-2025-OEFA/DSAP,00009992512,20250600005,2025-I01-024152,14,19,-1,3,-1,-1,11,,,,,,2025-05-30 00:00:00,,,,,,,,,"Efectuar la Actualización del PAMA aprobado con Oficio N° 07122-2009-PRODUCE/DVMYPE-I/DGI-DAAI, incluyendo su Programa de Manejo Ambiental, a efectos que PRODUCE evalúe los aspectos detallados en el Cuadro N° 01 de la presente resolución y establezca medidas de manejo ambiental permanentes para los riesgos identificados, a fin de que estos sean implementados en plazos oportunos y acordes con la protección ambiental. Para ello, el administrado en su solicitud de actualización del PAMA deberá proponer alternativas de manejo ambiental y sustentar técnicamente su eficiencia a PRODUCE. En caso el trámite de lo ordenado en la presente resolución no concluya con la aprobación de la Autoridad Certificadora por causa imputable al administrado, la medida administrativa se considerará incumplida.",,,,6.0,5350.0,,32100.0,,,,,,,,,0,0,0,0,0,SISUD_VW,2026-09-04 16:34:16
1,0067-2022-0050-2022-1-CRES,,,0067-2022-DSIS-CRES,0031-2022-OEFA/DSIS,,,,-1,-1,-1,-1,5,-1,8,,,,,,2022-07-27 00:00:00,,,,,2022-08-10 00:00:00,,S,,,0351-2022-OEFA/DSIS,2022-I01-028773,,,4600.0,,,,,,,,,,,0,1,0,1,0,LAM_OD,2026-09-04 16:34:16
2,0066-2022-0004-2023-1-CRES,,,0066-2022-DSIS-CRES,0032-2023-OEFA-DSIS,,,,-1,-1,-1,-1,5,-1,9,,,,,,2023-04-27 00:00:00,2023-04-27 00:00:00,2023-05-10 00:00:00,,,2023-05-17 00:00:00,,S,,,0297-2023-OEFA/DSIS,2023-I01-016930,,,4950.0,,,,,,,,13,,,0,1,0,1,0,LAM_OD,2026-09-04 16:34:16
3,0067-2022-0050-2022-1-CRES,,,0067-2022-DSIS-CRES,0033-2023-OEFA/DSIS,,,,-1,-1,-1,-1,5,-1,9,,,,,,2023-05-08 00:00:00,2023-05-09 00:00:00,2023-05-18 00:00:00,,,2023-05-17 00:00:00,,S,,,0296-2023-OEFA/DSIS,2023-I01-016926,,,4950.0,,,,,,,,10,,,0,1,0,1,0,LAM_OD,2026-09-04 16:34:16
4,0067-2022-ACTA 0002-5-CRES,,,0067-2022-DSIS-CRES,0033-2023-OEFA/DSIS,,,,-1,-1,-1,-1,5,-1,9,,,,,,2023-05-08 00:00:00,2023-05-09 00:00:00,2023-05-18 00:00:00,,,2023-05-17 00:00:00,,S,,,0296-2023-OEFA/DSIS,2023-I01-016926,,,4950.0,,,,,,,,10,,,0,1,0,1,0,LAM_OD,2026-09-04 16:34:16
5,0034-2023-0056-2023-4-CRES,,,0034-2023-DSIS-CRES,0038-2024-OEFA/DSIS,,,,-1,-1,-1,-1,5,-1,10,,,,,,2024-05-03 00:00:00,2024-05-06 00:00:00,2024-05-15 00:00:00,,,2024-06-11 00:00:00,N,S,,,00417-2024-OEFA/DSIS,2024-I01-020517,,,5150.0,,,,,,,,12,,,0,1,0,1,0,LAM_OD,2026-09-04 16:34:16
6,0168-2023-ACTA 0030-1-CRES,,00001682023,0168-2023-DSIS-CRES,0001-2024-OEFA/ODES-LAM,,,,-1,11,-1,-1,5,-1,10,2024-11-11 00:00:00,2024-11-20 00:00:00,,,,2024-11-26 00:00:00,2024-11-26 00:00:00,2024-12-05 00:00:00,,,2024-12-11 00:00:00,N,S,,,00234-2024-OEFA/ODES-LAM,2024-I12-047982,,,5150.0,,,,,,,15,9,,,0,1,0,1,0,LAM_OD,2026-09-04 16:34:16
7,0168-2023-ACTA 0030-2-CRES,,00001682023,0168-2023-DSIS-CRES,0001-2024-OEFA/ODES-LAM,,,,-1,11,-1,-1,5,-1,10,2024-11-11 00:00:00,2024-11-20 00:00:00,,,,2024-11-26 00:00:00,2024-11-26 00:00:00,2024-12-05 00:00:00,,,2024-12-11 00:00:00,N,S,,,00234-2024-OEFA/ODES-LAM,2024-I12-047982,,,5150.0,,,,,,,15,9,,,0,1,0,1,0,LAM_OD,2026-09-04 16:34:16
8,0168-2023-ACTA 0030-4-CRES,,00001682023,0168-2023-DSIS-CRES,0001-2024-OEFA/ODES-LAM,,,,-1,11,-1,-1,5,-1,10,2024-11-11 00:00:00,2024-11-20 00:00:00,,,,2024-11-26 00:00:00,2024-11-26 00:00:00,2024-12-05 00:00:00,,,2024-12-11 00:00:00,N,S,,,00234-2024-OEFA/ODES-LAM,2024-I12-047982,,,5150.0,,,,,,,15,9,,,0,1,0,1,0,LAM_OD,2026-09-04 16:34:16
9,0122-2023-ACTA 0039-1-CRES,,00001222023,0122-2023-DSIS-CRES,00008-2025-OEFA/ODES-LAM,,,,-1,9,-1,-1,5,-1,11,2025-02-28 00:00:00,2025-03-07 00:00:00,,,,2025-03-13 00:00:00,2025-03-17 00:00:00,2025-03-26 00:00:00,,,2025-03-28 00:00:00,N,S,,,00055-2025-OEFA/ODES-LAM,2025-I12-014126,,,5350.0,,,,,,,13,13,,,0,1,0,1,0,LAM_OD,2026-09-04 16:34:16
10,0122-2023-ACTA 0039-2-CRES,,00001222023,0122-2023-DSIS-CRES,00008-2025-OEFA/ODES-LAM,,,,-1,9,-1,-1,5,-1,11,2025-02-28 00:00:00,2025-03-07 00:00:00,,,,2025-03-13 00:00:00,2025-03-17 00:00:00,2025-03-26 00:00:00,,,2025-03-28 00:00:00,N,S,,,00055-2025-OEFA/ODES-LAM,2025-I12-014126,,,5350.0,,,,,,,13,13,,,0,1,0,1,0,LAM_OD,2026-09-04 16:34:16
11,0020-2024-ACTA 0003-2-ODLAM,,00000202024,0020-2024-DSIS-CRES,00015-2025-OEFA/ODES-LAM,,,,-1,4,-1,-1,5,-1,11,2025-06-26 00:00:00,2025-07-03 00:00:00,,,,2025-07-10 00:00:00,2025-07-11 00:00:00,2025-07-22 00:00:00,,,2025-07-30 00:00:00,N,S,,,00159-2025-OEFA/ODES-LAM,2025-I12-033516,,,5350.0,,,,,,,14,12,,,0,1,0,1,0,LAM_OD,2026-09-04 16:34:16
12,0020-2024-ACTA 0003-3-ODLAM,,00000202024,0020-2024-DSIS-CRES,00015-2025-OEFA/ODES-LAM,,,,-1,4,-1,-1,5,-1,11,2025-06-26 00:00:00,2025-07-03 00:00:00,,,,2025-07-10 00:00:00,2025-07-11 00:00:00,2025-07-22 00:00:00,,,2025-07-30 00:00:00,N,S,,,00159-2025-OEFA/ODES-LAM,2025-I12-033516,,,5350.0,,,,,,,14,12,,,0,1,0,1,0,LAM_OD,2026-09-04 16:34:16
13,0020-2024-ACTA 0003-4-ODLAM,,00000202024,0020-2024-DSIS-CRES,00015-2025-OEFA/ODES-LAM,,,,-1,4,-1,-1,5,-1,11,2025-06-26 00:00:00,2025-07-03 00:00:00,,,,2025-07-10 00:00:00,2025-07-11 00:00:00,2025-07-22 00:00:00,,,2025-07-30 00:00:00,N,S,,,00159-2025-OEFA/ODES-LAM,2025-I12-033516,,,5350.0,,,,,,,14,12,,,0,1,0,1,0,LAM_OD,2026-09-04 16:34:16
14,0122-2023-ACTA 0039-1-CRES,,00001222023,0122-2023-DSIS-CRES,00019-2025-OEFA/ODES-LAM,,,,-1,9,-1,-1,5,-1,11,2025-10-02 00:00:00,2025-10-10 00:00:00,,,,2025-10-14 00:00:00,2025-10-16 00:00:00,2025-10-27 00:00:00,,,,N,S,,,00234-2025-OEFA/ODES-LAM,2025-I12-026487-1,,,5350.0,,,,,,,12,13,,,0,1,0,1,0,LAM_OD,2026-09-04 16:34:16
15,0122-2023-ACTA 0039-2-CRES,,00001222023,0122-2023-DSIS-CRES,00019-2025-OEFA/ODES-LAM,,,,-1,9,-1,-1,5,-1,11,2025-10-02 00:00:00,2025-10-10 00:00:00,,,,2025-10-14 00:00:00,2025-10-16 00:00:00,2025-10-27 00:00:00,,,,N,S,,,00234-2025-OEFA/ODES-LAM,2025-I12-026487-1,,,5350.0,,,,,,,12,13,,,0,1,0,1,0,LAM_OD,2026-09-04 16:34:16
16,0049-2024-00011-202-1-ODLAM,,00000202025,0020-2025-ODES-LAM,00002-2026-OEFA/ODES-LAM,,,,-1,5,-1,-1,5,-1,-1,2025-12-30 00:00:00,2026-01-06 00:00:00,,,,2026-02-04 00:00:00,2026-02-06 00:00:00,2026-02-17 00:00:00,,,2026-02-18 00:00:00,N,S,,,00066-2026-OEFA/ODES-LAM,2026-I12-003961,,,,,,,,,,36,13,,,0,1,0,1,0,LAM_OD,2026-09-04 16:34:16
17,0049-2024-00011-202-4-ODLAM,,00000202025,0020-2025-ODES-LAM,00002-2026-OEFA/ODES-LAM,,,,-1,5,-1,-1,5,-1,-1,2025-12-30 00:00:00,2026-01-06 00:00:00,,,,2026-02-04 00:00:00,2026-02-06 00:00:00,2026-02-17 00:00:00,,,2026-02-18 00:00:00,N,S,,,00066-2026-OEFA/ODES-LAM,2026-I12-003961,,,,,,,,,,36,13,,,0,1,0,1,0,LAM_OD,2026-09-04 16:34:16
18,0017-2025-ACTA 0017-1-ODLAM,,00000012026,0001-2026-ODES-LAM,00005-2026-OEFA/ODES-LAM,,,,-1,1,-1,-1,5,-1,-1,2026-03-19 00:00:00,2026-03-26 00:00:00,,,,2026-03-18 00:00:00,2026-03-19 00:00:00,2026-03-30 00:00:00,,,2026-04-01 00:00:00,N,S,,,00103-2026-OEFA/ODES-LAM,2026-I12-012433,,,,,,,,,,-1,12,,,0,1,0,1,0,LAM_OD,2026-09-04 16:34:16
19,0017-2025-ACTA 0017-2-ODLAM,,00000012026,0001-2026-ODES-LAM,00005-2026-OEFA/ODES-LAM,,,,-1,1,-1,-1,5,-1,-1,2026-03-19 00:00:00,2026-03-26 00:00:00,,,,2026-03-18 00:00:00,2026-03-19 00:00:00,2026-03-30 00:00:00,,,2026-04-01 00:00:00,N,S,,,00103-2026-OEFA/ODES-LAM,2026-I12-012433,,,,,,,,,,-1,12,,,0,1,0,1,0,LAM_OD,2026-09-04 16:34:16
20,0017-2025-ACTA 0017-4-ODLAM,,00000012026,0001-2026-ODES-LAM,00005-2026-OEFA/ODES-LAM,,,,-1,1,-1,-1,5,-1,-1,2026-03-19 00:00:00,2026-03-26 00:00:00,,,,2026-03-18 00:00:00,2026-03-19 00:00:00,2026-03-30 00:00:00,,,2026-04-01 00:00:00,N,S,,,00103-2026-OEFA/ODES-LAM,2026-I12-012433,,,,,,,,,,-1,12,,,0,1,0,1,0,LAM_OD,2026-09-04 16:34:16
21,0015-2024-ACTA 0002-5-ODLAM,,00000152024,0015-2024-DSIS-CRES,00006-2026-OEFA/ODES-LAM,,,,-1,3,-1,-1,5,-1,-1,2026-03-23 00:00:00,2026-03-30 00:00:00,2026-04-07 00:00:00,2026-04-17 00:00:00,,2026-04-22 00:00:00,2026-04-23 00:00:00,2026-05-04 00:00:00,,,2026-05-06 00:00:00,S,S,N,,00136-2026-OEFA/ODES-LAM,2026-I12-015660,,,,,,,,15,,30,12,,,1,1,0,1,0,LAM_OD,2026-09-04 16:34:16
22,0136-2021-0012-2022-1-CAGR,MULTA COERCITIVA - 1/CÓDIGO DE EXPEDIENTE INVÁLIDO,00002372022,0237-2022-DSAP-CAGR,0018-2023-OEFA/DSAP,,,,-1,17,-1,-1,5,15,9,2023-02-23 00:00:00,2023-03-02 00:00:00,,,,2023-03-16 00:00:00,2023-03-17 00:00:00,2023-03-28 00:00:00,,,2023-04-13 00:00:00,N,S,,,0689-2023-OEFA/DSAP,2023-I01-012453,,,4950.0,,,,,,,21,12,,,0,1,0,1,0,CAGR,2026-09-04 16:34:16
23,0016-2022-ACTA 0002-1-CAGR,MULTA COERCITIVA - 2/CÓDIGO DE EXPEDIENTE INVÁLIDO,00000112023,0011-2023-DSAP-CAGR,0126-2023-OEFA/DSAP,,,,-1,17,-1,-1,5,15,9,2023-04-12 00:00:00,2023-04-19 00:00:00,,,,2023-07-03 00:00:00,2023-07-04 00:00:00,2023-07-13 00:00:00,,,2023-07-17 00:00:00,N,S,,,1421-2023-OEFA/DSAP,2023-I01-025671,,,4950.0,,,,,,,82,10,,,0,1,0,1,0,CAGR,2026-09-04 16:34:16
24,0016-2022-ACTA 0002-2-CAGR,MULTA COERCITIVA - 2/CÓDIGO DE EXPEDIENTE INVÁLIDO,00000112023,0011-2023-DSAP-CAGR,0126-2023-OEFA/DSAP,,,,-1,17,-1,-1,5,15,9,2023-04-12 00:00:00,2023-04-19 00:00:00,,,,2023-07-03 00:00:00,2023-07-04 00:00:00,2023-07-13 00:00:00,,,2023-07-17 00:00:00,N,S,,,1421-2023-OEFA/DSAP,2023-I01-025671,,,4950.0,,,,,,,82,10,,,0,1,0,1,0,CAGR,2026-09-04 16:34:16
25,0184-2022-0117-2023-1-CAGR,MULTA COERCITIVA - 3/CÓDIGO DE EXPEDIENTE INVÁLIDO,00000852023,0085-2023-DSAP-CAGR,0132-2023-OEFA/DSAP,,,,-1,17,-1,-1,5,15,9,2023-07-13 00:00:00,2023-07-20 00:00:00,,,,2023-08-10 00:00:00,2023-08-10 00:00:00,2023-08-21 00:00:00,,,2023-08-31 00:00:00,N,S,,,1810-2023-OEFA/DSAP,2023-I01-032037,,,4950.0,,,,,,,28,11,,,0,1,0,1,0,CAGR,2026-09-04 16:34:16
26,0101-2021-0008-2022-1-CAGR,MULTA COERCITIVA - 4/CÓDIGO DE EXPEDIENTE INVÁLIDO,00001012021,0101-2021-DSAP-CAGR,0133-2023-OEFA/DSAP,,,,-1,17,-1,-1,5,15,9,2023-07-10 00:00:00,2023-07-17 00:00:00,,,,2023-08-10 00:00:00,2023-08-10 00:00:00,2023-08-21 00:00:00,,,2023-08-31 00:00:00,N,S,,,1810-2023-OEFA/DSAP,2023-I01-032037,,,4950.0,,,,,,,31,11,,,0,1,0,1,0,CAGR,2026-09-04 16:34:16
27,0223-2022-ACTA 0003-1-CAGR,MULTA COERCITIVA - 5/CÓDIGO DE EXPEDIENTE INVÁLIDO,00002232022,0223-2022-DSAP-CAGR,0134-2023-OEFA/DSAP,,,,-1,17,-1,-1,5,15,9,2023-05-04 00:00:00,2023-05-11 00:00:00,,,,2023-08-14 00:00:00,2023-08-14 00:00:00,2023-08-23 00:00:00,,,2023-08-31 00:00:00,N,S,,,1810-2023-OEFA/DSAP,2023-I01-032037,,,4950.0,,,,,,,102,9,,,0,1,0,1,0,CAGR,2026-09-04 16:34:16
28,0223-2022-ACTA 0003-3-CAGR,MULTA COERCITIVA - 5/CÓDIGO DE EXPEDIENTE INVÁLIDO,00002232022,0223-2022-DSAP-CAGR,0134-2023-OEFA/DSAP,,,,-1,17,-1,-1,5,15,9,2023-05-04 00:00:00,2023-05-11 00:00:00,,,,2023-08-14 00:00:00,2023-08-14 00:00:00,2023-08-23 00:00:00,,,2023-08-31 00:00:00,N,S,,,1810-2023-OEFA/DSAP,2023-I01-032037,,,4950.0,,,,,,,102,9,,,0,1,0,1,0,CAGR,2026-09-04 16:34:16
29,0040-2023-0149-2023-1-CAGR,MULTA COERCITIVA - 6/CÓDIGO DE EXPEDIENTE INVÁLIDO,00001502024,0150-2024-DSAP-CAGR,0008-2025-OEFA/DSAP,,,,-1,17,-1,-1,5,15,11,2024-10-14 00:00:00,2024-10-21 00:00:00,,,,2025-01-30 00:00:00,2025-01-31 00:00:00,2025-02-11 00:00:00,,,2025-03-18 00:00:00,N,S,,,0754-2025-OEFA/DSAP,2025-I01-012041,,,5350.0,,,,,,,108,12,,,0,1,0,1,0,CAGR,2026-09-04 16:34:16
30,0184-2022-0117-2023-1-CAGR,MULTA COERCITIVA - 7/CÓDIGO DE EXPEDIENTE INVÁLIDO,00002332024,0233-2024-DSAP-CAGR,0022-2025-OEFA/DSAP,,,,-1,17,-1,-1,5,15,11,2025-01-27 00:00:00,2025-02-03 00:00:00,2025-04-21 00:00:00,2025-04-25 00:00:00,2025-06-02 00:00:00,2025-03-27 00:00:00,2025-03-28 00:00:00,2025-04-08 00:00:00,,,2025-09-15 00:00:00,S,S,N,,2558-2025-OEFA/DSAP,2025-I01-040793,,,5350.0,,,,,84,38,59,12,,,1,1,0,1,0,CAGR,2026-09-04 16:34:16
31,0184-2024-0019-2025-1-CAGR,MULTA COERCITIVA - 8/CÓDIGO DE EXPEDIENTE INVÁLIDO,00001802025,0180-2025-DSAP-CAGR,0004-2026-OEFA/DSAP,,,,-1,17,-1,-1,5,15,-1,2025-12-16 00:00:00,2025-12-23 00:00:00,,,,2026-01-22 00:00:00,2026-01-22 00:00:00,2026-02-02 00:00:00,,,2026-02-20 00:00:00,N,S,,,00337-2026-OEFA/DSAP,2026-I01-006274,,,,,,,,,,37,11,,,0,1,0,1,0,CAGR,2026-09-04 16:34:16
32,0223-2022-ACTA 0003-1-CAGR,MULTA COERCITIVA - 9/CÓDIGO DE EXPEDIENTE INVÁLIDO,00002182024,0218-2024-DSAP-CAGR,00009-2026-OEFA/DSAP,,,,-1,17,-1,-1,5,15,-1,2025-01-27 00:00:00,2025-02-03 00:00:00,,,,2026-02-27 00:00:00,2026-02-27 00:00:00,2026-03-10 00:00:00,,,,N,S,,,,,,,,,,,,,,396,11,,,0,1,0,0,0,CAGR,2026-09-04 16:34:16
33,0223-2022-ACTA 0003-2-CAGR,MULTA COERCITIVA - 9/CÓDIGO DE EXPEDIENTE INVÁLIDO,00002182024,0218-2024-DSAP-CAGR,00009-2026-OEFA/DSAP,,,,-1,17,-1,-1,5,15,-1,2025-01-27 00:00:00,2025-02-03 00:00:00,,,,2026-02-27 00:00:00,2026-02-27 00:00:00,2026-03-10 00:00:00,,,,N,S,,,,,,,,,,,,,,396,11,,,0,1,0,0,0,CAGR,2026-09-04 16:34:16
34,0223-2022-ACTA 0003-3-CAGR,MULTA COERCITIVA - 9/CÓDIGO DE EXPEDIENTE INVÁLIDO,00002182024,0218-2024-DSAP-CAGR,00009-2026-OEFA/DSAP,,,,-1,17,-1,-1,5,15,-1,2025-01-27 00:00:00,2025-02-03 00:00:00,,,,2026-02-27 00:00:00,2026-02-27 00:00:00,2026-03-10 00:00:00,,,,N,S,,,,,,,,,,,,,,396,11,,,0,1,0,0,0,CAGR,2026-09-04 16:34:16
35,0033-2024-0037-2025-1-CAGR,MULTA COERCITIVA - 10/CÓDIGO DE EXPEDIENTE INVÁLIDO,00000332024,0033-2024-DSAP-CAGR,00010-2026-OEFA/DSAP,,,,-1,17,-1,-1,5,15,-1,2026-02-03 00:00:00,2026-02-10 00:00:00,,,,2026-03-06 00:00:00,2026-03-09 00:00:00,2026-03-18 00:00:00,,,2026-04-27 00:00:00,N,S,,,00850-2026-OEFA/DSAP,2026-I01-014643,,,,,,,,,,31,12,,,0,1,0,1,0,CAGR,2026-09-04 16:34:16
36,0033-2024-0037-2025-2-CAGR,MULTA COERCITIVA - 10/CÓDIGO DE EXPEDIENTE INVÁLIDO,00000332024,0033-2024-DSAP-CAGR,00010-2026-OEFA/DSAP,,,,-1,17,-1,-1,5,15,-1,2026-02-03 00:00:00,2026-02-10 00:00:00,,,,2026-03-06 00:00:00,2026-03-09 00:00:00,2026-03-18 00:00:00,,,2026-04-27 00:00:00,N,S,,,00850-2026-OEFA/DSAP,2026-I01-014643,,,,,,,,,,31,12,,,0,1,0,1,0,CAGR,2026-09-04 16:34:16
37,0184-2024-0019-2025-1-CAGR,MULTA COERCITIVA - 11/CÓDIGO DE EXPEDIENTE INVÁLIDO,00001802025,0180-2025-DSAP-CAGR,0016-2026-OEFA/DSAP,,,,-1,17,-1,-1,13,16,-1,2026-06-09 00:00:00,2026-06-16 00:00:00,,,,2026-06-30 00:00:00,2026-06-30 00:00:00,2026-07-09 00:00:00,,,,N,S,,,,,,,,,,,,,,21,9,,,0,1,0,0,0,CAGR,2026-09-04 16:34:16
38,,,,,,,,,-1,-1,-1,-1,14,-1,-1,,,,,,,,,,,,,,,,,,,,,,,,,,,,,,,0,0,0,0,0,GAPPS,2026-09-04 16:34:16
39,,,,,,,,,-1,-1,-1,-1,14,-1,-1,,,,,,,,,,,,,,,,,,,,,,,,,,,,,,,0,0,0,0,0,GAPPS,2026-09-04 16:34:16
40,,,0209-2023-DSIS-CRES,,00004-2025-OEFA/DSIS,00000032512,20250300003,2025-I01-009335,1,23,-1,3,-1,-1,11,,,,,,2025-02-28 00:00:00,,,,,,,,,"Cabe precisar que, para el desarrollo de dichas actividades de clausura de, tanto de vías de acceso, así como de zona de ingreso a la Unidad Fiscalizable, se deberá realizar las gestiones correspondientes para asegurar el acompañamiento y resguardo policial respectivo, en tanto dure dicha actividad",,,,2.0,5350.0,,10700.0,,,,,,,,,0,0,0,0,0,SISUD_VW,2026-09-04 16:34:16
41,,,0008-2024-DSEM-CMIN,,00026-2025-OEFA/DSEM,00002372512,2025020000005,2025-I01-003083,-1,22,-1,4,-1,-1,11,,,,,,2025-01-21 00:00:00,,,,,,,,,"Retirar el material almacenado en el Botadero de Desmonte implementado sin certificación ambiental, ubicado en coordenada UTM WGS 84 Zona 18L 376024E, 8717698N, y disponer dicho material en un área ambientalmente segura, en concordancia con los instrumentos de gestión ambiental aprobados para la U.F. Austria Duvaz",,,,32.0,5350.0,,171200.0,,,,,,,,,0,0,0,0,0,SISUD_VW,2026-09-04 16:34:16
42,,,0008-2024-DSEM-CMIN,,00026-2025-OEFA/DSEM,00002382512,2025020000005,2025-I01-003083,-1,22,-1,4,-1,-1,11,,,,,,2025-01-21 00:00:00,,,,,,,,,Remediar el suelo donde se ubica el Botadero de Desmonte. Dicha actividad debe ejecutarse de acuerdo a los resultados analíticos de las muestras tomadas previo y posterior a la implementación de la medida de remediación.,,,,32.0,5350.0,,171200.0,,,,,,,,,0,0,0,0,0,SISUD_VW,2026-09-04 16:34:16
43,,,0051-2024-ODES-MOQ,,00003-2025-OEFA/ODES-MOQ,00001912512,20250400037,2025-I15-018060,2,27,-1,3,-1,-1,11,,,,,,2025-04-23 00:00:00,,,,,,,,,"TRANS SUPERTRUCK S.R.L. no cumplió con realizar el adecuado almacenamiento de los residuos generados como resultado de la recuperación y limpieza del área total afectada, además de no remitir en forma y plazo el informe técnico que acrediten el cumplimiento de la medida preventiva N° 5, ordenada el 19 de noviembre de 2024 correspondiente al expediente N° 0001-2024-ODES-MOQ.",,,,1.0,5350.0,,5350.0,,,,,,,,,0,0,0,0,0,SISUD_VW,2026-09-04 16:34:16
44,,,0051-2024-ODES-MOQ,,00003-2025-OEFA/ODES-MOQ,00001922512,20250400037,2025-I15-018060,2,27,-1,3,-1,-1,11,,,,,,2025-04-23 00:00:00,,,,,,,,,"TRANS SUPERTRUCK S.R.L. no cumplió con realizar el transporte y la disposición final de los residuos generados como resultado de la recuperación y limpieza del área total afectada, además de no remitir en forma y plazo el informe técnico que acrediten el cumplimiento de la medida preventiva N° 6, ordenada el 19 de noviembre de 2024 correspondiente al expediente N° 0001-2024-ODES-MOQ.",,,,1.0,5350.0,,5350.0,,,,,,,,,0,0,0,0,0,SISUD_VW,2026-09-04 16:34:16
45,,,0199-2021-DSEM-CMIN,,00087-2025-OEFA/DSEM,00000922512,20250400014,2025-I01-016871,3,22,-1,3,-1,-1,11,,,,,,2025-04-11 00:00:00,,,,,,,,,"Remediar el lecho de la quebrada Huasiviejo, en el tramo comprendido desde la zona de operaciones de la unidad fiscalizable Azulcocha hasta antes de la confluencia con el río Consac, en donde se ha verificado la alteración de la calidad de los sedimentos y la disminución de la riqueza y abundancia de macro invertebrados bentónicos y perifitón.",,,,75.0,5350.0,,401250.0,,,,,,,,,0,0,0,0,0,SISUD_VW,2026-09-04 16:34:16
46,,,0051-2024-ODES-MOQ,,00003-2025-OEFA/ODES-MOQ,00001872512,20250400037,2025-I15-018060,-1,27,-1,3,-1,-1,11,,,,,,2025-04-23 00:00:00,,,,,,,,,"Imponer a TRANS SUPERTRUCK S.R.L. una multa coercitiva ascendente a Dos con ochenta y ocho 88/100 (2,88) UIT por el incumplimiento de las medidas preventivas N° 5 y 6 ordenadas mediante el Acta de Supervisión del 19 de noviembre de 2024, suscrita bajo el Expediente Nº 0001-2024-ODES-MOQ",,,,3.0,5350.0,,16050.0,,,,,,,,,0,0,0,0,0,SISUD_VW,2026-09-04 16:34:16
47,,,0197-2024-DSEM-CMIN,,00031-2025-OEFA/DSEM,00002322512,2025020000001,2025-I01-003854,-1,22,-1,4,-1,-1,11,,,,,,2025-01-27 00:00:00,,,,,,,,,Imponer a Aruntani S.A.C. una multa coercitiva ascendente a Ciento veintiocho con 00/100 (128) Unidades Impositivas Tributarias por el incumplimiento de la medida preventiva ordenada mediante el Acta de Supervisión del 25 de octubre de 2024 a la unidad fiscalizable Florencia - TucarI,,,,128.0,5350.0,,684800.0,,,,,,,,,0,0,0,0,0,SISUD_VW,2026-09-04 16:34:16
131,,,0028-2024-DSIS-CRES,,00004-2025-OEFA/ODES-UCA,00020172512,20250800003,2025-I27-020490,34,23,-1,3,-1,-1,11,,,,,,2025-05-09 00:00:00,,,,,,,,,"Medida Preventiva N° 2 Realizar el esparcido, nivelación, compactación y cobertura de los residuos sólidos que se encuentran fuera del sector definido en la Medida Preventiva N° 01 de la presente acta. La cobertura debe realizarse con capas de material de la zona, con un espesor no menor a 0.20 m, para asegurar su correcto confinamiento.",,,,2.0,5350.0,,10700.0,,,,,,,,,0,0,0,0,0,SISUD_VW,2026-09-04 16:34:16
132,,,0069-2024-ODES-UCA,,00009-2025-OEFA/ODES-UCA,00020342512,20250800008,2025-I27-034773,35,30,-1,3,-1,-1,11,,,,,,2025-08-07 00:00:00,,,,,,,,,"Medida Preventiva N° 3 Realizar el esparcido, nivelación, compactación y cobertura de los residuos sólidos que se encuentran fuera del sector definido en la medida Preventiva N° 2 de la presente Acta. La cobertura debe realizarse con capas de material de la zona, con un espesor no menor a 0.20 m, para asegurar su correcto confinamiento.",,,,2.0,5350.0,,10700.0,,,,,,,,,0,0,0,0,0,SISUD_VW,2026-09-04 16:34:16
133,,,0069-2024-ODES-UCA,,00009-2025-OEFA/ODES-UCA,00020352512,20250800008,2025-I27-034773,35,30,-1,3,-1,-1,11,,,,,,2025-08-07 00:00:00,,,,,,,,,"Medida Preventiva N° 4 Implementación del sistema de almacenamiento y manejo de lixiviados provenientes del sector 1 y sector 2, ubicadas en las coordenadas UTM Zona 18L 502194E 8936299N y 18L 502221E 8936294N; los cuales deberán considerar las siguientes actividades: i) Aprobación del expediente técnico para la implementación del sistema de almacenamiento y manejo de lixiviados; el cual deberán considerar tanques de almacenamiento impermeabilizados con geomembrana/plástico/arcilla/cemento y realizar el manejo de lixiviados mediante la recirculación/retiro/tratamiento. ii) Ejecución del expediente técnico para la implementación del sistema almacenamiento y de manejo de lixiviados.",,,,2.0,5350.0,,10700.0,,,,,,,,,0,0,0,0,0,SISUD_VW,2026-09-04 16:34:16
134,,,0021-2023-DSEM-CMIN,,00182-2025-OEFA/DSEM,00020452512,20250800012,2025-I01-034997,5,22,-1,3,-1,-1,11,,,,,,2025-08-08 00:00:00,,,,,,,,,"Ejecutar medidas de mantenimiento, control y optimización del sistema PTARI Ocroyoc, a fin de garantizar que el efluente minero metalúrgico en el punto de vertimiento EO-01 (UTM WGS84 8 816 972 N, 358 912 E), que descarga al río Ragra, cumpla en todo momento con los Límites Máximos Permisibles, aprobados mediante Decreto Supremo N° 010-2010-MINAM.",,,,38.0,5350.0,,203300.0,,,,,,,,,0,0,0,0,0,SISUD_VW,2026-09-04 16:34:16
135,,,0149-2021-DSEM-CHID,,00198-2025-OEFA/DSEM,00021742512,20250800047,2025-I01-036789,36,21,-1,3,-1,-1,11,,,,,,2025-08-20 00:00:00,,,,,,,,,"Presentar ante la Dirección General de Asuntos Ambientales de Hidrocarburos del Ministerio de Energía y Minas, el Plan de Abandono del Lote 31-D que incorpore las medidas de remediación, descontaminación, restauración, reforestación, retiro de instalaciones y/u otras que sean necesarias para que no subsistan los impactos ambientales negativos en el Lote 31-D de acuerdo a lo señalado en los artículos 99º, 100º y 100-Aº del Decreto Supremo Nº 039- 2014-EM el cual además deberá incluir los siguientes hechos detectados en el Informe de Supervisión N° 258-2019-OEFA/DSEM-CHID: • La remediación del suelo impactado con hidrocarburos, ocasionado por los liqueos de petróleo crudo proveniente de la cantina de los pozos AC-08, AC-13 y AC-31, así como del Tanque N° 1 del Taller de Maestranza, ubicados en el Yacimiento Agua Caliente del Lote 31-D. • Limpieza y disposición final de los residuos peligrosos y no peligrosos identificados en el Campo Agua Caliente del Lote 31-D; ",,,,32.0,5350.0,,171200.0,,,,,,,,,0,0,0,0,0,SISUD_VW,2026-09-04 16:34:16
136,,,0197-2024-DSEM-CMIN,,00191-2025-OEFA/DSEM,00020822512,20250800027,2025-I01-035720,6,22,-1,3,-1,-1,11,,,,,,2025-08-13 00:00:00,,,,,,,,,Retirar la tubería desde su origen y captar el agua de contacto hacia la poza 90 000 para su respectivo tratamiento en el STAA Wetland Sur a fin de que dichas aguas cumplan con los LMP aprobado mediante el Decreto Supremo N° 010-2010-MINAM,,,,64.0,5350.0,,342400.0,,,,,,,,,0,0,0,0,0,SISUD_VW,2026-09-04 16:34:16
137,,,0156-2022-DSEM-CMIN,,00302-2025-OEFA/DSEM,00047632512,20251200066,2025-I01-053638,6,22,-1,3,-1,-1,11,,,,,,2025-12-12 00:00:00,,,,,,,,,"Impermeabilizar con material no generador de acidez, las dos (2) áreas de las canteras denominadas (incluidas las ampliaciones) por el administrado como Las Equis, que se delimitan en la imagen N° 7 de la presente resolución, no realizando dicha actividad en las áreas identificadas como macizo rocoso y Boloneria, y, por otro lado, mantener la obligación en las áreas que han sido identificadas como intervenidas, que corresponden a material suelto, área disturbada (medida preventiva N° 10)",,,,100.0,5350.0,,535000.0,,,,,,,,,0,0,0,0,0,SISUD_VW,2026-09-04 16:34:16
138,,,0141-2023-DSEM-CHID,,00054-2026-OEFA/DSEM,00014412612,20260300059,2026-I01-010399,29,21,-1,3,-1,-1,-1,,,,,,2026-03-23 00:00:00,,,,,,,,,"Realizar el almacenamiento y traslado de los residuos sólidos y líquidos peligrosos generados como consecuencia de las actividades de limpieza del área afectada por la presente emergencia ambiental (744 m2 de suelo y 2560 m de agua), así como de las áreas y componentes ambientales que resulten afectados por la migración del contaminante, de acuerdo con las especificaciones técnicas del Decreto Supremo N° 014-2017- MINAM, Reglamento del Decreto Legislativo N° 1278, Decreto Legislativo que aprueba la Ley de Gestión Integral de Residuos Sólidos y sus instrumentos de gestión ambientales aplicables.",,,,64.0,,,,,,,,,,,,0,0,0,0,0,SISUD_VW,2026-09-04 16:34:16
139,,,0020-2025-ODES-LAM,,00002-2026-OEFA/ODES-LAM,00005452612,20260200007,2026-I12-003961,37,26,-1,3,-1,-1,-1,,,,,,2026-02-03 00:00:00,,,,,,,,,"Medida Preventiva N° 4 Realizar operaciones de esparcido, compactación y cobertura de todos los residuos sólidos dispuestos a cielo abierto en el ADRSM Botadero Municipal Monsefú – Sorrocote, en zonas distintas al sector específico; para lo cual deberá considerar las siguientes acciones: 4.1. Sectorizar las zonas del ADRSM, distintas al sector específico. 4.2. Elaborar un cronograma de implementación, para ejecutar las acciones de esparcido, compactación y cobertura en zonas distintas al sector específico. 4.3. Realizar las operaciones de esparcido, nivelación, compactación y cobertura de todos los residuos sólidos dispuestos en zonas distintas al sector específico. La cobertura de los residuos deberá realizarse con material adecuado y con un espesor no menor a 0.20 m.",,,,6.0,,,,,,,,,,,,0,0,0,0,0,SISUD_VW,2026-09-04 16:34:16
140,,,0098-2025-DSEM-CMIN,,00224-2025-OEFA/DSEM,00028342512,20250900083,2025-I01-042113,6,22,-1,3,-1,-1,11,,,,,,2025-09-24 00:00:00,,,,,,,,,"Captar los afloramientos 1 y 2 identificados en la zona este y suroeste respectivamente de la poza de colección de filtraciones (Poza 3) del Sistema de tratamiento de aguas ácidas de la zona Jessica, y direccionarlas hacia la poza 3, con el fin de evitar su discurrimiento a la quebrada Lluchusani.",,,,100.0,5350.0,,535000.0,,,,,,,,,0,0,0,0,0,SISUD_VW,2026-09-04 16:34:16
141,,,0002-2025-DSEM-CMIN,,00058-2026-OEFA/DSEM,00015892612,20260300089,2026-I01-011352,6,22,-1,3,-1,-1,-1,,,,,,2026-03-27 00:00:00,,,,,,,,,"Redireccionar la tubería de HDPE, ubicada en la coordenada UTM WGS 84 19: 372584 E, 8167114 N (ESP-ARI-3P), hacia el canal de coronación lado sur para que el agua de contacto ingrese a la poza auxiliar intermedia del STAA Wetland Sur, a fin de que cumpla con los LMP aprobado mediante el Decreto Supremo N° 010-2010-MINAM en el punto PS-02 antes de ser descargado a la quebrada Apostoloni.",,,,100.0,,,,,,,,,,,,0,0,0,0,0,SISUD_VW,2026-09-04 16:34:16
142,,,0116-2021-DSIS-CRES,,00038-2022-OEFA/DSIS,00000092212,20260100100,2022-I01-033327,38,23,-1,3,-1,-1,8,,,,,,2022-09-09 00:00:00,,,,,,,,,"El administrado no cumplió con la implementación de la poza para el almacenamiento y recirculación de lixiviados, conforme lo ordenado en la medida preventiva N° 8, de la resolución N° 008-2022-EFA/DSIS.",,,,5.0,4600.0,,23000.0,,,,,,,,,0,0,0,0,0,SISUD_VW,2026-09-04 16:34:16
143,,,0116-2021-DSIS-CRES,,00038-2022-OEFA/DSIS,00000122212,20260100100,2022-I01-033327,38,23,-1,3,-1,-1,8,,,,,,2022-09-09 00:00:00,,,,,,,,,"El administrado no cumplió con implementar el cerco perimétrico, en las áreas colindantes a la Celda de disposición N° 3, conforme lo ordenado en la medida preventiva N° 13, de la resolución N° 008-2022-OEFA/DSIS.",,,,5.0,4600.0,,23000.0,,,,,,,,,0,0,0,0,0,SISUD_VW,2026-09-04 16:34:16
144,,,0116-2021-DSIS-CRES,,00117-2024-OEFA/DSIS,00000022412,20260100102,2024-I01-038873,38,23,-1,3,-1,-1,10,,,,,,2024-10-10 00:00:00,,,,,,,,,"Medida Preventiva N° 4: Realizar las acciones de compactación y cobertura diaria de los residuos sólidos que sean dispuestos en la celda de disposición final N° 3. Para lo cual deberá efectuar las siguientes acciones: (i) Realizar las acciones de descarga y disposición final de los residuos sólidos únicamente dentro de la celda de disposición final. (ii) Realizar las acciones de nivelación, compactación y cobertura de los residuos sólidos que son descargados en la celda con material de cobertura con una frecuencia diaria. La cobertura de los residuos deberá realizarse con material adecuado (material de cobertura).",,,,10.0,5150.0,,51500.0,,,,,,,,,0,0,0,0,0,SISUD_VW,2026-09-04 16:34:16
145,,,0116-2021-DSIS-CRES,,00002-2025-OEFA/ODES-LOR,00053012512,20260100103,2025-I13-006003,38,23,-1,3,-1,-1,11,,,,,,2025-02-07 00:00:00,,,,,,,,,"Medida Preventiva N° 7 Implementar un dren de captación de lixiviados al pie del talud en todo el perímetro de la primera plataforma – sobre la berma del dique contención de la celda N° 3 – con la finalidad de captar los lixiviados de las plataformas y conducirlos hacia la poza de almacenamiento de lixiviados. El canal del dren de captación de lixiviados al pie de talud deberá tener como mínimo un ancho de 0.40 m y una profundidad de 0.40 m. Además, a fin de realizar la recirculación de los lixiviados captados al pie del talud de la primera plataforma; deberá instalar un dren de conducción de lixiviados de HDPE de 4” de diámetro, desde la primera plataforma hacia la poza de almacenamiento de lixiviados. Asimismo, dicho dren de lixiviados deberá contar con una pendiente y caída necesaria para el flujo constante de los lixiviados hacia la poza de almacenamiento.",,,,20.0,5350.0,,107000.0,,,,,,,,,0,0,0,0,0,SISUD_VW,2026-09-04 16:34:16
146,,,0155-2024-DSEM-CMIN,,00024-2026-OEFA/DSEM,00004692612,20260100107,2026-I01-003294,6,22,-1,3,-1,-1,-1,,,,,,2026-01-29 00:00:00,,,,,,,,,"Reparar el canal de agua de no contacto del depósito de desmonte zona norte, desde la coordenada UTM WGS 84 8168352 N; 372459 E, hasta UTM WGS 84 8168241 N; 372256 E (aproximadamente 234 m) de forma que no existan grietas que permitan el ingreso cualquier flujo de agua de contacto hacia dicho canal.",,,,23.0,,,,,,,,,,,,0,0,0,0,0,SISUD_VW,2026-09-04 16:34:16
147,,,0131-2023-DSEM-CHID,,00249-2025-OEFA/DSEM,00033552512,20251000037,2025-I01-045752,29,21,-1,3,-1,-1,11,,,,,,2025-10-17 00:00:00,,,,,,,,,"Almacenar (almacén primario) y trasladar la totalidad de los residuos generados hacia el almacenamiento central; así como acreditar el adecuado almacenamiento (primario y central) de los residuos sólidos y líquidos peligrosos generados como consecuencia de las actividades de limpieza del suelo impregnado con hidrocarburo del área afectada por la presente emergencia ambiental (812 m2 de suelo y vegetación), así como de la limpieza de las áreas y componentes ambientales que resulten afectados por la migración del hidrocarburo, de acuerdo con las especificaciones técnicas del Decreto Supremo N° 014- 2017-MINAM, Reglamento del Decreto Legislativo N° 1278, Decreto Legislativo que aprueba la Ley de Gestión Integral de Residuos Sólidos y sus instrumentos de gestión ambientales aplicables.",,,,23.0,5350.0,,123050.0,,,,,,,,,0,0,0,0,0,SISUD_VW,2026-09-04 16:34:16
148,,,0047-2024-ODES-CHI,,00003-2026-OEFA/ODES-ANC,00014512612,20260300061,2025-I07-052838-1,30,24,-1,3,-1,-1,-1,,,,,,2026-03-24 00:00:00,,,,,,,,,"El administrado no cumpliO con la medida preventiva N° 19 ordenada en el Acta de Supervisión – Medida Administrativa del 19 al 29 de octubre de 2024, correspondiente del Expediente N° 0041-2024-ODES-CHI",,,,3.0,,,,,,,,,,,,0,0,0,0,0,SISUD_VW,2026-09-04 16:34:16
149,,,0003-2025-DSEM-CMIN,,00062-2026-OEFA/DSEM,00016382612,20260300100,2026-I01-011628,6,22,-1,3,-1,-1,-1,,,,,,2026-03-30 00:00:00,,,,,,,,,"Paralizar la fuga de agua de contacto denominada ESP-ARI-3A procedente de la tubería corrugada ubicada en UTM WGS 84 Zona 19: 372050 E, 8168154 N",,,,100.0,,,,,,,,,,,,0,0,0,0,0,SISUD_VW,2026-09-04 16:34:16
150,,,0018-2024-DSIS-CRES,,00004-2025-OEFA/ODES-MDD,00052902512,20251200179,2025-I14-054002,39,23,-1,3,-1,-1,11,,,,,,2025-12-31 00:00:00,,,,,,,,,"Erradicar la quema de residuos sólidos en el ADRSM “Botadero Municipal Colorado II”, realizando: (i) vigilancia diaria mediante personal asignado, a fin de evitar el ingreso de terceros en el ADRSM y la posible quema de residuos. (ii) Implementar carteles en las zonas potenciales donde se realiza la quema de residuos sólidos en el ADRSM “Botadero Municipal Colorado II”, prohibiendo realizar la quema de residuos sólidos.",,,,1.0,5350.0,,5350.0,,,,,,,,,0,0,0,0,0,SISUD_VW,2026-09-04 16:34:16
151,,,0116-2021-DSIS-CRES,,00038-2022-OEFA/DSIS,00000022212,20260100100,2022-I01-033327,38,23,-1,3,-1,-1,8,,,,,,2022-09-09 00:00:00,,,,,,,,,"El administrado no cumplió con paralizar toda acción de descarga y/o acopio, y/o disposición final de residuos sólidos municipales, que se realice fuera de las celdas de disposición final, conforme lo ordenado en la medida preventiva N° 1, de la resolución N° 008-2022-OEFA/DSIS.",,,,5.0,4600.0,,23000.0,,,,,,,,,0,0,0,0,0,SISUD_VW,2026-09-04 16:34:16
152,,,0080-2024-DSEM-CHID,,00243-2025-OEFA/DSEM,00033322512,20251000028,2025-I01-044982,8,21,-1,3,-1,-1,11,,,,,,2025-10-13 00:00:00,,,,,,,,,"Realizar la limpieza de las dos (2) áreas de suelo verificadas en la segunda acción supervisión; así como, culminar la limpieza de la quebrada Numpatkaim; y, de otras áreas que han sido afectadas o que puedan ser afectadas por la posible migración del hidrocarburo producto de la emergencia ambiental ocurrida en el km 358+839 del Tramo II del ONP.",,,,1.0,5350.0,,5350.0,,,,,,,,,0,0,0,0,0,SISUD_VW,2026-09-04 16:34:16
153,,,0192-2025-DSEM-CMIN,,00216-2025-OEFA/DSEM,00026322512,20250900037,2025-I01-041157,6,22,-1,3,-1,-1,11,,,,,,2025-09-17 00:00:00,,,,,,,,,"Retirar las tuberías de HDPE de las descargas de agua de contacto proveniente del depósito de desmonte no autorizadas ESP-ARI-6P y ESP-ARI-7P y captar dichos flujos de agua de contacto del depósito de desmonte mediante los subdrenes de dicho componente y dirigirlos hacia el sistema de tratamiento de agua ácida del tajo, a fin de que el agua en el punto PS-02 cumpla con los LMP aprobado mediante el Decreto Supremo N° 010-2010-MINEAM antes de ser descargada a la quebrada Apostoloni.",,,,34.0,5350.0,,181900.0,,,,,,,,,0,0,0,0,0,SISUD_VW,2026-09-04 16:34:16
154,,,0116-2021-DSIS-CRES,,00038-2022-OEFA/DSIS,00000042212,20260100100,2022-I01-033327,38,23,-1,3,-1,-1,8,,,,,,2022-09-09 00:00:00,,,,,,,,,"El administrado no cumplió con realizar la delimitación en todo el perímetro de la Celda de disposición N° 3, conforme lo ordenado en la medida preventiva N° 3, de la resolución N° 008-2022-OEFA/DSIS.",,,,5.0,4600.0,,23000.0,,,,,,,,,0,0,0,0,0,SISUD_VW,2026-09-04 16:34:16
155,,,0155-2024-DSEM-CMIN,,00024-2026-OEFA/DSEM,00004682612,20260100107,2026-I01-003294,6,22,-1,3,-1,-1,-1,,,,,,2026-01-29 00:00:00,,,,,,,,,"Captar el agua de contacto del depósito de desmonte INF-1, INF-2, INF-3, ESP-ARI-1 y ESPARI-11 y derivarla a la planta de tratamiento STAA Wetland Sur, a fin de que cumplan con los LMP. La captación se deberá realizar de tal modo, que ya no existan afloramientos hacia la quebrada S/N 2, ni flujos de agua de contacto hacia el canal de agua de no contacto de dicho componente.",,,,38.0,,,,,,,,,,,,0,0,0,0,0,SISUD_VW,2026-09-04 16:34:16
156,,,0116-2021-DSIS-CRES,,00001-2026-OEFA/ODES-LOR,00004872612,20260100114,2026-I13-003543,38,23,-1,3,-1,-1,-1,,,,,,2026-01-30 00:00:00,,,,,,,,,"Medida Preventiva N° 16 Realizar la conformación de la berma e implementación del dique de contención perimetral en las zonas sur y oeste de la celda N°3. Para ello el administrado deberá realizar: ¿ (…). ¿ Realizar la conformación de la berma perimetral en todo el contorno perimetral de la celda N° 3. ¿ La implementación de los diques de contención perimetral, considerando una relación de talud de 2 a 1 (2:1), conforme lo estable en el EIA .",,,,20.0,,,,,,,,,,,,0,0,0,0,0,SISUD_VW,2026-09-04 16:34:16
157,,,0023-2024-DSIS-CRES,,00013-2025-OEFA/ODES-ICA,00052982512,20251200181,2025-I09-047001,40,23,-1,3,-1,-1,11,,,,,,2025-12-30 00:00:00,,,,,,,,,"Obligación N° 4 (O.4): “Prohibir y cesar de inmediato toda forma y acción de quema de residuos sólido, por parte del personal directo o terceros (recicladores informales) al interior del ADRS “Botadero sector Caucato”. Para lo cual, la municipalidad deberán acreditar la ejecución de las siguientes acciones: 1.3. Realizar capacitaciones y/o inducciones sobre la prohibición y cese inmediato de toda forma y acción de quema de residuos sólidos, dirigido a los recicladores presentes en el ADRS “Botadero sector Caucato”, con la finalidad de que estos últimos tomen conciencia sobre la afectación al ambiente y a la salud de las personas que realizan las acciones de segregación informal, asi como, las responsabilidades penales, civiles y/o administrativas que acarrea el incumplimiento de la presente medida preventiva ordenada. Para el desarrollo de las capacitaciones y/o inducciones a los recicladores presente en el ADRS “Botadero sector Caucato”, las municipalidades p",,,,3.0,5350.0,,16050.0,,,,,,,,,0,0,0,0,0,SISUD_VW,2026-09-04 16:34:16
158,,,0116-2021-DSIS-CRES,,00038-2022-OEFA/DSIS,00000072212,20260100100,2022-I01-033327,38,23,-1,3,-1,-1,8,,,,,,2022-09-09 00:00:00,,,,,,,,,"El administrado no cumplió con realizar la cobertura final con material de la zona, en la plataforma de la Celda de disposición N° 2, conforme lo ordenado en la medida preventiva N° 6, de la resolución N° 008-2022-OEFA/DSIS.",,,,5.0,4600.0,,23000.0,,,,,,,,,0,0,0,0,0,SISUD_VW,2026-09-04 16:34:16
159,,,0116-2021-DSIS-CRES,,00038-2022-OEFA/DSIS,00000082212,20260100100,2022-I01-033327,38,23,-1,3,-1,-1,8,,,,,,2022-09-09 00:00:00,,,,,,,,,"El administrado no cumplió con implementar el dren de lixiviados a pie de talud, con dique externo, en todo el perímetro de la Celda de disposición N° 3, conforme lo ordenado en la medida preventiva N° 7, de la resolución N° 008-2022-OEFA/DSIS.",,,,5.0,4600.0,,23000.0,,,,,,,,,0,0,0,0,0,SISUD_VW,2026-09-04 16:34:16
160,,,0185-2024-DSEM-CMIN,,00036-2026-OEFA/DSEM,00008952612,20260200068,2026-I01-006049,6,22,-1,3,-1,-1,-1,,,,,,2026-02-18 00:00:00,,,,,,,,,"Retirar la tubería corrugada, ubicada en la coordenada UTM WGS 84 19: 372020 E, 8168172 N y captar el flujo de agua de contacto proveniente del depósito de desmonte y derivarla a la planta de tratamiento STAA Wetland Sur, a fin de que cumpla con los LMP.",,,,100.0,,,,,,,,,,,,0,0,0,0,0,SISUD_VW,2026-09-04 16:34:16
161,,,0001-2026-ODES-LAM,,00005-2026-OEFA/ODES-LAM,00013832612,20260300045,2025-I12-039293,41,26,-1,3,-1,-1,-1,,,,,,2026-03-18 00:00:00,,,,,,,,,"Medida Preventiva N° 2 La MD Pomalca no realizó acciones el esparcido, compactación y cobertura de los residuos sólidos que ingresan al sector específico del ADRSM Botadero Municipal Pomalca - Carretera al C.P San Luis, con una frecuencia mínima de una (1) vez por semana y una cobertura de espesor entre 0.20 a 0.30 m",,,,2.0,,,,,,,,,,,,0,0,0,0,0,SISUD_VW,2026-09-04 16:34:16
162,,,0197-2024-DSEM-CMIN,,00014-2026-OEFA/DSEM,00001372612,20260100031,2026-I01-001460,6,22,-1,3,-1,-1,-1,,,,,,2026-01-15 00:00:00,,,,,,,,,Retirar la tubería desde su origen y captar el agua de contacto hacia la poza 90 000 para su respectivo tratamiento en el STAA Wetland Sur a fin de que dichas aguas cumplan con los LMP aprobado mediante el Decreto Supremo N° 010-2010-MINAM.,,,,64.0,,,,,,,,,,,,0,0,0,0,0,SISUD_VW,2026-09-04 16:34:16
163,,,0165-2023-DSIS-CRES,,00007-2025-OEFA/ODES-SAM,00031042512,20250900136,2025-I24-042940,42,23,-1,3,-1,-1,11,,,,,,2025-09-30 00:00:00,,,,,,,,,"Elaborar y remitir el diseño a detalle, de la conformación final de las plataformas de residuos sólidos en el área de disposición final.",,,,2.0,5350.0,,10700.0,,,,,,,,,0,0,0,0,0,SISUD_VW,2026-09-04 16:34:16
164,,,0116-2021-DSIS-CRES,,00117-2024-OEFA/DSIS,00000042412,20260100102,2024-I01-038873,38,23,-1,3,-1,-1,10,,,,,,2024-10-10 00:00:00,,,,,,,,,"Realizar la conformación de la berma e implementación del dique de contención perimetral en las zonas sur y oeste de la celda N°3. Para ello el administrado deberá realizar: ¿ La limpieza y retiro de los residuos sólidos dispuestos sobre todo el contorno perimetral de la celda N°3. Dichos residuos deberán ser dispuestos sobre la plataforma superior de la celda N° 3. ¿ Realizar la conformación de la berma perimetral en todo el contorno perimetral de la celda N°3 La implementación de los diques de contención perimetral, considerando una relación de talud de 2 a 1 (2:1), conforme lo estable en el EIA30.",,,,5.0,5150.0,,25750.0,,,,,,,,,0,0,0,0,0,SISUD_VW,2026-09-04 16:34:16
165,,,0213-2024-DSEM-CMIN,,00025-2026-OEFA/DSEM,00004802612,20260100111,2026-I01-003449,6,22,-1,3,-1,-1,-1,,,,,,2026-01-30 00:00:00,,,,,,,,,"Retirar la tubería desde su origen hasta la ubicación de la misma en coordenada UTM WGS 84 Zona 19K:372029 E, 8168184, para luego captar el agua de contacto ESP-ARI-1 hacia el sistema de tratamiento de agua ácida del Tajo (STAA Wetland Sur) a fin de que cumpla con los LMP aprobado mediante el Decreto Supremo N° 010-2010-MINAM en el punto PS02 (antes de ser descargado a la quebrada Apostoloni).",,,,100.0,,,,,,,,,,,,0,0,0,0,0,SISUD_VW,2026-09-04 16:34:16
166,,,0116-2021-DSIS-CRES,,00038-2022-OEFA/DSIS,00000032212,20260100100,2022-I01-033327,38,23,-1,3,-1,-1,8,,,,,,2022-09-09 00:00:00,,,,,,,,,"El administrado no cumplió con realizar el retiro, recolección, transporte y disposición final de la totalidad de los residuos sólidos presentes en las vías de tránsito del relleno sanitario, hacia la Celda N° 3, conforme lo ordenado en la medida preventiva N° 2, de la resolución N° 008-2022-OEFA/DSIS.",,,,5.0,4600.0,,23000.0,,,,,,,,,0,0,0,0,0,SISUD_VW,2026-09-04 16:34:16
167,,,0116-2021-DSIS-CRES,,00038-2022-OEFA/DSIS,00000062212,20260100100,2022-I01-033327,38,23,-1,3,-1,-1,8,,,,,,2022-09-09 00:00:00,,,,,,,,,"El administrado no cumplió con realizar la conformación de terrazas, compactación y cobertura con material de la zona, de los residuos sólidos presentes en la Celda N° 3, conforme lo ordenado en la medida preventiva N° 5, de la resolución N° 008-2022-OEFA/DSIS.",,,,5.0,4600.0,,23000.0,,,,,,,,,0,0,0,0,0,SISUD_VW,2026-09-04 16:34:16
168,,,0116-2021-DSIS-CRES,,00038-2022-OEFA/DSIS,00000102212,20260100100,2022-I01-033327,38,23,-1,3,-1,-1,8,,,,,,2022-09-09 00:00:00,,,,,,,,,"El administrado no cumplió con acreditar la instalación de chimeneas (drenes), para la evacuación y control de los gases generados en la Celda de disposición N° 2, conforme lo ordenado en la medida preventiva N° 9, de la resolución N° 008-2022-OEFA/DSIS.",,,,5.0,4600.0,,23000.0,,,,,,,,,0,0,0,0,0,SISUD_VW,2026-09-04 16:34:16
169,,,0005-2025-ODES-SMA,,00009-2025-OEFA/ODES-SAM,00037552512,20251000131,2025-I24-047731,43,28,-1,3,-1,-1,11,,,,,,2025-10-31 00:00:00,,,,,,,,,"Delimitar el área específica para la acumulación de residuos sólidos municipales, en el que debe contar como mínimo con cuatro (04) vértices mediante un plano o documento similar, asimismo delimitar el área especifico mediante un cerco perimétrico el cual debe de estar separado a una distancia de 5 metros aproximadamente del borde del área específica, a fin de evitar el desplazamiento de los residuos hacia el rio Huallaga. Además, instalar un letrero que indique que este es el único lugar autorizado para la descarga de residuos sólidos",,,,1.0,5350.0,,5350.0,,,,,,,,,0,0,0,0,0,SISUD_VW,2026-09-04 16:34:16
170,,,0169-2023-DSIS-CRES,,00005-2026-OEFA/ODES-LAL,00015192612,20260300074,2026-I11-011096,44,23,-1,3,-1,-1,-1,,,,,,2026-03-26 00:00:00,,,,,,,,,"Realizar el esparcido, compactación y cobertura de los residuos sólidos dispuestos en el área específica del ADRS con material de la zona y con una frecuencia mínima de cobertura de dos veces por semana.",,,,2.0,,,,,,,,,,,,0,0,0,0,0,SISUD_VW,2026-09-04 16:34:16
171,,,0159-2023-DSIS-CRES,,00006-2026-OEFA/ODES-LAL,00017052612,20260300112,2026-I11-011886,45,23,-1,3,-1,-1,-1,,,,,,2026-03-31 00:00:00,,,,,,,,,"Obligación 2.2 Realizar las operaciones de esparcido y compactación de los residuos sólidos que son descargados en el sector o sectores definidos del ADRS, con material de cobertura con una frecuencia mínima de dos (2) veces a la semana.",,,,10.0,,,,,,,,,,,,0,0,0,0,0,SISUD_VW,2026-09-04 16:34:16
172,,,0084-2022-DSIS-CRES,,00004-2026-OEFA/ODES-ANC,00017222612,20260400001,2025-I07-052837,30,23,-1,3,-1,-1,-1,,,,,,2026-04-01 00:00:00,,,,,,,,,Medidas Preventivas N° 2,,,,20.0,,,,,,,,,,,,0,0,0,0,0,SISUD_VW,2026-09-04 16:34:16
173,,,0084-2022-DSIS-CRES,,00004-2026-OEFA/ODES-ANC,00017242612,20260400001,2025-I07-052837,30,23,-1,3,-1,-1,-1,,,,,,2026-04-01 00:00:00,,,,,,,,,Medidas Preventivas N° 4,,,,20.0,,,,,,,,,,,,0,0,0,0,0,SISUD_VW,2026-09-04 16:34:16
174,,,0084-2022-DSIS-CRES,,00004-2026-OEFA/ODES-ANC,00017272612,20260400001,2025-I07-052837,-1,23,-1,3,-1,-1,-1,,,,,,2026-04-01 00:00:00,,,,,,,,,Medidas Preventivas N° 12,,,,20.0,,,,,,,,,,,,0,0,0,0,0,SISUD_VW,2026-09-04 16:34:16
175,,,0116-2021-DSIS-CRES,,00001-2026-OEFA/ODES-LOR,00004862612,20260100114,2026-I13-003543,38,23,-1,3,-1,-1,-1,,,,,,2026-01-30 00:00:00,,,,,,,,,"Medida Preventiva N° 7 Implementar un dren de captación de lixiviados al pie del talud en todo el perímetro de la primera plataforma – sobre la berma del dique contención de la celda N° 3 – con la finalidad de captar los lixiviados de las plataformas y conducirlos hacia la poza de almacenamiento de lixiviados. El canal del dren de captación de lixiviados al pie de talud deberá tener como mínimo un ancho de 0.40 m y una profundidad de 0.40 m. Además, a fin de realizar la recirculación de los lixiviados captados al pie del talud de la primera plataforma; deberá instalar un dren de conducción de lixiviados de HDPE de 4” de diámetro, desde la primera plataforma hacia la poza de almacenamiento de lixiviados. Asimismo, dicho dren de lixiviados deberá contar con una pendiente y caída necesaria para el flujo constante de los lixiviados hacia la poza de almacenamiento.",,,,40.0,,,,,,,,,,,,0,0,0,0,0,SISUD_VW,2026-09-04 16:34:16
176,,,0117-2022-DSEM-CMIN,,00303-2025-OEFA/DSEM,00048052512,20251200076,2025-I01-053620,46,22,-1,3,-1,-1,11,,,,,,2025-12-12 00:00:00,,,,,,,,,"“Ejecutar medidas de mantenimiento, control y optimización del sistema de tratamiento de agua de mina correspondiente al efluente proveniente de la bocamina (SG-2), a fin de garantizar el cumplimiento de los Niveles Máximo Permisibles para Efluentes Líquido Minero – Metalúrgico, aprobado mediante Resolución Ministerial Nº 011-96EM/VMM en todo momento y antes de su descarga a bofedales y posteriormente hacia la Laguna Orcococha.”",,,,75.0,5350.0,,401250.0,,,,,,,,,0,0,0,0,0,SISUD_VW,2026-09-04 16:34:16
177,,,0184-2025-DSEM-CMIN,,00065-2026-OEFA/DSEM,00017132612,20260300116,2026-I01-012182,6,22,-1,3,-1,-1,-1,,,,,,2026-03-31 00:00:00,,,,,,,,,Realizar el retiro de solidos en seis (6) tramos del canal de derivación norte del PAD 3 (ver cuadro N° 1) y reparar la geomembrana en la coordenada UTM 372393 E y 8166887 N de dicho canal.,,,,100.0,,,,,,,,,,,,0,0,0,0,0,SISUD_VW,2026-09-04 16:34:16
178,,,0159-2023-DSIS-CRES,,00006-2026-OEFA/ODES-LAL,00017042612,20260300112,2026-I11-011886,45,23,-1,3,-1,-1,-1,,,,,,2026-03-31 00:00:00,,,,,,,,,Obligación 2.1 Realizar las acciones de descarga y disposición final de los residuos sólidos únicamente en el sector o sectores definidos del ADRS.,,,,10.0,,,,,,,,,,,,0,0,0,0,0,SISUD_VW,2026-09-04 16:34:16
179,,,0159-2023-DSIS-CRES,,00006-2026-OEFA/ODES-LAL,00017062612,20260300112,2026-I11-011886,45,23,-1,3,-1,-1,-1,,,,,,2026-03-31 00:00:00,,,,,,,,,Obligación 2.3 Realizar la cobertura de los residuos sólidos dispuestos con material de cobertura en capas de 0.20m de espesor mínimo.,,,,10.0,,,,,,,,,,,,0,0,0,0,0,SISUD_VW,2026-09-04 16:34:16
82,,,0015-2022-DSEM-CMIN,,00129-2025-OEFA/DSEM,00010002512,20250600006,2025-I01-024803,15,22,-1,3,-1,-1,11,,,,,,2025-06-04 00:00:00,,,,,,,,,"“Implementar cada una de las propuestas de la mejora tecnológica del STAM existente de interior mina y en superficie, de acuerdo a lo establecido en el Tercer Informe Técnico Sustentatorio de la Primera Modificación del Estudio de Impacto Ambiental detallado 2019 de la Unidad Minera Santander, aprobado mediante Resolución Directoral N° 0058-2022-SENACE-PE/DEAR del 11 de abril de 2022, a fin de que su efluente cumpla con los Límites Máximos Permisibles establecidos en el Decreto Supremo N° 010-2010-MINAM antes de ser descargado al río Baños en el punto de vertimiento VR-TP-01”.",,,,64.0,5350.0,,342400.0,,,,,,,,,0,0,0,0,0,SISUD_VW,2026-09-04 16:34:16
83,,,0003-2025-DSEM-CMIN,,00132-2025-OEFA/DSEM,00010232512,20250600012,2025-I01-025636,6,22,-1,3,-1,-1,11,,,,,,2025-06-09 00:00:00,,,,,,,,,"Paralizar la fuga de agua de contacto denominada ESP-ARI-3A procedente de la tubería corrugada ubicada en UTM WGS 84 Zona 19: 372050 E, 8168154 N.",,,,100.0,5350.0,,535000.0,,,,,,,,,0,0,0,0,0,SISUD_VW,2026-09-04 16:34:16
84,,,0045-2025-DSEM-CMIN,,00122-2025-OEFA/DSEM,00009952512,20250600001,2025-I01-024216,6,22,-1,3,-1,-1,11,,,,,,2025-06-02 00:00:00,,,,,,,,,"Realizar el mantenimiento del sistema de tratamiento pasivo del botadero Norte para que afronte el periodo de lluvia del 2025 (enero, febrero, marzo y abril). Para ello deberá considerar como mínimo las siguientes actividades. • Disponer tanques de plástico nuevos, con una adecuada dosificación de cal. • Implementar un soporte estable en las bases de los tanques de plástico nuevos. • Implementar en los tanques de plástico nuevos un sistema de conexión continuo, de forma que se demuestre que no existen tuberías y valvular deterioradas, ni obstruidas. Realizar muestreos del agua tratada y comparar los resultados de pH y metales con los valores establecidos en el Decreto Supremo N° 010-2010-MINAM.",,,,32.0,5350.0,,171200.0,,,,,,,,,0,0,0,0,0,SISUD_VW,2026-09-04 16:34:16
85,,,0148-2024-DSEM-CMIN,,00140-2025-OEFA/DSEM,00011462512,20250600044,2025-I01-027218,6,22,-1,3,-1,-1,11,,,,,,2025-06-19 00:00:00,,,,,,,,,"Captar el agua de contacto del depósito de desmonte ESP-ARI-1 y derivarla a la planta de tratamiento STAA Wetland Sur, a fin de que cumplan con los LMP previo a su descarga a la quebrada Apostoloni. La captación se deberá realizar de tal modo, que no exista agua de contacto ingresando hacia el canal de agua de no contacto de dicho componente, a fin de que no se afecte la quebrada Apostoloni, la flora y fauna cercanas, ni la salud de las personas.",,,,12.0,5350.0,,64200.0,,,,,,,,,0,0,0,0,0,SISUD_VW,2026-09-04 16:34:16
86,,,0089-2021-DSEM-CMIN,,00142-2025-OEFA/DSEM,00012002512,20250600058,2025-I01-027494,16,22,-1,3,-1,-1,11,,,,,,2025-06-20 00:00:00,,,,,,,,,"Remediar: El suelo donde se identificó la disposición de desmonte adyacente a la Galería 400 Nivel 4605 (Bocamina Nivel 4606) ubicada en las coordenadas UTM (Datum WGS 84, zona 18L): 502131E, 8554227N. Para la remediación se realizará muestreos previos y posteriores a la implementación de la medida a fin de verificar su eficacia.",,,,27.0,5350.0,,144450.0,,,,,,,,,0,0,0,0,0,SISUD_VW,2026-09-04 16:34:16
87,,,0133-2023-DSIS-CRES,,00008-2025-OEFA/ODES-ICA,00011162512,20250600039,2025-I09-018891,17,23,-1,3,-1,-1,11,,,,,,2025-04-29 00:00:00,,,,,,,,,"Con referencia a la Obligación N° 5 (O.5), consignada en la Ficha de Obligaciones (Anexo 1 del Acta de Supervisión), correspondiente a la Medida Preventiva con Expediente N° 0133-2023-DSIS-CRES. Obligación: Solo se debe realizar la descarga de los residuos sólidos Municipales en las instalaciones del “Botadero Fundo Santa Martha”, por ende, la municipalidad deberá identificar y delimitar un área específica en el área degradada, para realizarla descarga diaria de los residuos sólidos municipales.",,,,2.0,5350.0,,10700.0,,,,,,,,,0,0,0,0,0,SISUD_VW,2026-09-04 16:34:16
88,,,0133-2023-DSIS-CRES,,00008-2025-OEFA/ODES-ICA,00011172512,20250600039,2025-I09-018891,17,23,-1,3,-1,-1,11,,,,,,2025-04-29 00:00:00,,,,,,,,,"Medida preventiva N° 6 Con referencia a la Obligación N° 10 (O.10), y Obligación N° 11 (O.11), consignadas en la Ficha de Obligaciones (Anexo 1del Acta de Supervisión), correspondiente a la Medida Preventiva con Expediente N° 0133-2023-DSISCRES. Obligación: “Realizar la Identificación y mitigación de las zonas y/o puntos de emanación de humos y gases generados a partir de la combustión de los residuos sólidos dispuestos en el “Botadero Fundo Santa Martha”, para esto se deberá: 1. Identificar las zonas y/o puntos de emanación de humos y gases: así como, realizar la georreferenciación y cálculo de las áreas respectivas. 2. Realizar la mitigación de las zonas y/o puntos de emanación de humos y gases, para lo cual, se deberá efectuar las siguientes acciones: i. Aislar la zona y/o punto de emanación de humos y gases identificados. ii. Realizar el esparcido mediante herramientas y/o maquinaria (dependiendo del punto). iii. Realizar la cobertura de la zona y/o pun",,,,2.0,5350.0,,10700.0,,,,,,,,,0,0,0,0,0,SISUD_VW,2026-09-04 16:34:16
89,,,0089-2021-DSEM-CMIN,,00142-2025-OEFA/DSEM,00011982512,20250600058,2025-I01-027494,16,22,-1,3,-1,-1,11,,,,,,2025-06-20 00:00:00,,,,,,,,,"Remediar: El suelo por donde discurrieron los flujos de agua proveniente de las labores subterráneas, es decir, los efluentes de la Bocamina B-4555. Para la remediación se realizará muestreos previos y posteriores a la implementación de la medida para verificar su eficacia”.",,,,27.0,5350.0,,144450.0,,,,,,,,,0,0,0,0,0,SISUD_VW,2026-09-04 16:34:16
90,,,0002-2022-DSAP-CIND,,00036-2025-OEFA/DSAP,00012272512,20250600060,2025-E01-056842,18,19,-1,3,-1,-1,11,,,,,,2025-06-19 00:00:00,,,,,,,,,"Medida administrativa N° 8 Planta Oquendo 2 – Sistema ecualizador Implementar dos (2) analizadores en línea de Hg a la salida del colector general de la Planta Oquendo 2 (sistema de tanques ecualizadores), donde confluyen todos los efluentes de la Planta Oquendo 2, a fin de garantizar que los efluentes tratados sean descargados al emisor submarino con una concentración igual o menor al valor límite de 0,01 mg/L (valor establecido como obligación en sus IGAS aprobados). El segundo analizador tendrá la calidad de “stand by o respaldo” y entrará en funcionamiento, cuando el otro no opere, ya sea por razones de mantenimiento, calibración u otros. Los analizadores automatizados deberán instalarse y funcionar conforme a las especificaciones técnicas (ver tabla Nº 14.1 de la Resolución Directoral III).",,,,75.0,5350.0,,401250.0,,,,,,,,,0,0,0,0,0,SISUD_VW,2026-09-04 16:34:16
91,,,0048-2024-DSEM-CHID,,00144-2025-OEFA/DSEM,00012762512,20250600065,2025-I01-027711,8,21,-1,3,-1,-1,11,,,,,,2025-06-23 00:00:00,,,,,,,,,"“Declarar que Petróleos del Perú – Petroperú S.A. ha incumplido la medida preventiva N° 1 ordenada en la Resolución N° 00199-2023-OEFA/DSEM, referida a realizar la limpieza del área total impactada –5610 m2 aproximadamente, que comprende el área inicial y el área extendida– por el derrame de petróleo crudo ocurrido el 29 de julio de 2022 en el Km 235+239 del Tramo I del Oleoducto Norperuano”.",,,,5.0,5350.0,,26750.0,,,,,,,,,0,0,0,0,0,SISUD_VW,2026-09-04 16:34:16
92,,,0440-2024-DSAP-CIND,,00039-2025-OEFA/DSAP,00013202512,20250600080,2025-I01-028176,19,19,-1,3,-1,-1,11,,,,,,2025-06-25 00:00:00,,,,,,,,,"Efectuar la Actualización del DAP aprobado con Oficio N°257-2002- MITINCI/VMI/DNI/DAAM, incluyendo su Programa de Manejo Ambiental, a efectos que PRODUCE evalúe los aspectos detallados en el Cuadro N° 05 de la presente resolución y establezca medidas de manejo ambiental permanentes para los riesgos identificados, a fin de que estos sean implementados en plazos oportunos y acordes con la protección ambiental. Para ello, el administrado en su solicitud de actualización del DAP deberá proponer alternativas de manejo ambiental y sustentar técnicamente su eficiencia a PRODUCE. En caso el trámite de lo ordenado en la presente resolución no concluya con la aprobación de la Autoridad Certificadora por causa imputable al administrado, la medida administrativa se considerará incumplida.",,,,10.0,5350.0,,53500.0,,,,,,,,,0,0,0,0,0,SISUD_VW,2026-09-04 16:34:16
93,,,0089-2021-DSEM-CMIN,,00142-2025-OEFA/DSEM,00011992512,20250600058,2025-I01-027494,16,22,-1,3,-1,-1,11,,,,,,2025-06-20 00:00:00,,,,,,,,,"Remediar: El suelo donde se ubicaron los depósitos de desmonte DD-16, DD-27 y DD-38. Para la remediación se realizará muestreos previos y posteriores a la implementación de la medida para verificar su eficacia.",,,,48.0,5350.0,,256800.0,,,,,,,,,0,0,0,0,0,SISUD_VW,2026-09-04 16:34:16
94,,,0002-2022-DSAP-CIND,,00036-2025-OEFA/DSAP,00012262512,20250600060,2025-E01-056842,18,19,-1,3,-1,-1,11,,,,,,2025-06-19 00:00:00,,,,,,,,,"Medida administrativa N° 5 Planta Oquendo 1 – colector general de efluentes Implementar dos (2) analizadores en línea de Hg para el colector general, donde confluyen todos efluentes de la Planta Oquendo 1, a fin de garantizar que estos tengan concentraciones menores a 0,01 mg/L (mercurio) antes de su vertimiento al mar de la bahía del Callao. El segundo analizador tendrá la calidad de “stand by o respaldo” y entrará en funcionamiento, cuando el otro no opere, ya sea por razones de mantenimiento, calibración u otros. Los analizadores en línea deberán instalarse y funcionar conforme a las especificaciones técnicas (ver tabla Nº 13.1 de la Resolución Directoral III).",,,,75.0,5350.0,,401250.0,,,,,,,,,0,0,0,0,0,SISUD_VW,2026-09-04 16:34:16
95,,,0169-2023-DSEM-CMIN,,00149-2025-OEFA/DSEM,00014482512,20250600112,2025-I01-028746,20,22,-1,3,-1,-1,11,,,,,,2025-06-30 00:00:00,,,,,,,,,"“Realizar el desagüe del agua ácida del tajo Quicay hacia las plantas de tratamiento de agua ácida de la unidad minera Quicay, antes de ser descargada al cuerpo receptor que debe cumplir con los Límites Máximos Permisibles establecidos en el Decreto Supremo N° 010-2010-MINAM, a fin de evitar la afectación del agua subterránea”.",,,,38.0,5350.0,,203300.0,,,,,,,,,0,0,0,0,0,SISUD_VW,2026-09-04 16:34:16
96,,,0169-2023-DSEM-CMIN,,00149-2025-OEFA/DSEM,00014492512,20250600112,2025-I01-028746,20,22,-1,3,-1,-1,11,,,,,,2025-06-30 00:00:00,,,,,,,,,"“Implementar mejoras para la eficiencia e incrementar la capacidad de las plantas de tratamiento de agua residual industrial NCD y SFNE-1, utilizadas para el tratamiento de agua ácida, a fin de reducir el tiempo de exposición del agua ácida del tajo.”",,,,38.0,5350.0,,203300.0,,,,,,,,,0,0,0,0,0,SISUD_VW,2026-09-04 16:34:16
97,,,0024-2022-DSIS-CRES,,00004-2025-OEFA/ODES-SAM,00014272512,20250600105,2025-I24-028626,21,23,-1,3,-1,-1,11,,,,,,2025-06-27 00:00:00,,,,,,,,,"Implementar las operaciones de nivelación, compactación y cobertura diaria de los residuos sólidos en el frente de trabajo de las trincheras con capas de material de la zona de un espesor no menor de 0.20 m que permita su correcto confinamiento.",,,,1.0,5350.0,,5350.0,,,,,,,,,0,0,0,0,0,SISUD_VW,2026-09-04 16:34:16
98,,,0150-2025-DSAP-CIND,,00040-2025-OEFA/DSAP,00014732512,20250600120,2025-I01-028903,22,19,-1,3,-1,-1,11,,,,,,2025-06-30 00:00:00,,,,,,,,,"Efectuar la Actualización del DAA aprobado con Resolución Directoral N° 334-2019-PRODUCE/DVMYPE-I/DGAAMI, incluyendo su Programa de Manejo Ambiental, a efectos que PRODUCE evalúe los aspectos detallados en el Cuadro N° 02 de la presente resolución y establezca medidas de manejo ambiental permanentes para los riesgos identificados, a fin de que estos sean implementados en plazos oportunos y acordes con la protección ambiental. Para ello, el administrado en su solicitud de actualización del DAA deberá proponer alternativas de manejo ambiental y sustentar técnicamente su eficiencia a PRODUCE. En caso el trámite de lo ordenado en la presente resolución no concluya con la aprobación de la Autoridad Certificadora por causa imputable al administrado, la medida administrativa se considerará incumplida.",,,,10.0,5350.0,,53500.0,,,,,,,,,0,0,0,0,0,SISUD_VW,2026-09-04 16:34:16
99,,,0011-2025-ODES-SMA,,00005-2025-OEFA/ODES-SAM,00014372512,20250600109,2025-I24-028735,21,28,-1,3,-1,-1,11,,,,,,2025-06-30 00:00:00,,,,,,,,,Realizar la succión y bombeo de las aguas pluviales acumuladas en la trinchera N°14 en las coordenadas UTM WGS84 326498E 9224955N.,,,,1.0,5350.0,,5350.0,,,,,,,,,0,0,0,0,0,SISUD_VW,2026-09-04 16:34:16
100,,,0011-2025-ODES-SMA,,00005-2025-OEFA/ODES-SAM,00014362512,20250600109,2025-I24-028735,21,28,-1,3,-1,-1,11,,,,,,2025-06-30 00:00:00,,,,,,,,,"Paralización de toda acción de descarga, y/o acopio, y/o disposición final de residuos sólidos municipales, que se realice fuera de las trincheras de la unidad fiscalizable; considerando que toda descarga y disposición final de los residuos sólidos municipales recolectados, deben realizarse únicamente en las trincheras de disposición final del relleno sanitario.",,,,1.0,5350.0,,5350.0,,,,,,,,,0,0,0,0,0,SISUD_VW,2026-09-04 16:34:16
101,,,0011-2025-ODES-SMA,,00005-2025-OEFA/ODES-SAM,00014382512,20250600109,2025-I24-028735,21,28,-1,3,-1,-1,11,,,,,,2025-06-30 00:00:00,,,,,,,,,"Realizar el retiro, recolección, transporte y disposición final de la totalidad de los residuos sólidos municipales descargados y acumulados en el acceso principal del relleno sanitario y entre los espacios que separan las trincheras; cuya disposición final deberá realizarse en la trinchera N° 14 del relleno Sanitario.",,,,1.0,5350.0,,5350.0,,,,,,,,,0,0,0,0,0,SISUD_VW,2026-09-04 16:34:16
102,,,0230-2022-DSEM-CHID,,00150-2025-OEFA/DSEM,00014392512,20250600110,2025-I01-028749,8,21,-1,3,-1,-1,11,,,,,,2025-06-30 00:00:00,,,,,,,,,"Declarar que Petróleos del Perú - Petroperú S.A. persiste en el incumplimiento de la medida administrativa 4 ordenada mediante el Acta de Medida Preventiva del 22 de septiembre de 2022 y prorrogada mediante la Resolución Nº 0272-2022-OEFA/DSEM del 27 de diciembre de 2022, Nº 0046-2023-OEFA/DSEM del 13 de marzo de 2023 y Nº 0088-2023-OEFA/DSEM del 12 de mayo de 2023, bajo el Expediente Nº 0203-2022-DSEM-CHID. Imponer a Petróleos del Perú - Petroperú S.A. una multa coercitiva que asciende a treinta y tres con 75/100 (33.75) UIT por el incumplimiento de la medida administrativa 4 ordenada mediante el Acta de Medida Preventiva del 22 de septiembre de 2022 y prorrogada mediante la Resolución Nº 0272-2022-OEFA/DSEM del 27 de diciembre de 2022, Nº 0046-2023-OEFA/DSEM del 13 de marzo de 2023 y Nº 0088-2023-OEFA/DSEM del 12 de mayo de 2023, bajo el Expediente Nº 0203-2022-DSEM-CHID.",,,,34.0,5350.0,,181900.0,,,,,,,,,0,0,0,0,0,SISUD_VW,2026-09-04 16:34:16
103,,,0204-2021-DSEM-CMIN,,00158-2025-OEFA/DSEM,00015952512,20250700021,2025-I01-031206,23,22,-1,3,-1,-1,11,,,,,,2025-07-14 00:00:00,,,,,,,,,"Tratar temporalmente el efluente proveniente de la bocamina ID 1464, el cual debe cumplir con los LMP del D.S. N° 010-2010, hasta que se implemente las plantas de tratamiento de acuerdo a lo establecido en el PCPAM Pushaquilca.",,,,100.0,5350.0,,535000.0,,,,,,,,,0,0,0,0,0,SISUD_VW,2026-09-04 16:34:16
104,,,0204-2021-DSEM-CMIN,,00158-2025-OEFA/DSEM,00015962512,20250700021,2025-I01-031206,23,22,-1,3,-1,-1,11,,,,,,2025-07-14 00:00:00,,,,,,,,,"Ejecutar el cierre de la bocamina 1464, de acuerdo a las especificaciones técnicas establecidas en el PCPAM Pushaquilca, a fin de evitar impactos adversos al ambiente.",,,,64.0,5350.0,,342400.0,,,,,,,,,0,0,0,0,0,SISUD_VW,2026-09-04 16:34:16
105,,,0204-2021-DSEM-CMIN,,00158-2025-OEFA/DSEM,00015972512,20250700021,2025-I01-031206,23,22,-1,3,-1,-1,11,,,,,,2025-07-14 00:00:00,,,,,,,,,Remediar el cauce de la quebrada Pelagatos por donde ha discurrido el efluente de la bocamina ID 1464,,,,64.0,5350.0,,342400.0,,,,,,,,,0,0,0,0,0,SISUD_VW,2026-09-04 16:34:16
106,,,0204-2021-DSEM-CMIN,,00158-2025-OEFA/DSEM,00015982512,20250700021,2025-I01-031206,23,22,-1,3,-1,-1,11,,,,,,2025-07-14 00:00:00,,,,,,,,,"Tratar temporalmente el efluente proveniente de la bocamina ID 5032 el cual debe cumplir con los LMP del D.S. N° 010-2010, hasta que se implemente las plantas de tratamiento de acuerdo a lo establecido en el PCPAM Pushaquilca.",,,,100.0,5350.0,,535000.0,,,,,,,,,0,0,0,0,0,SISUD_VW,2026-09-04 16:34:16
107,,,0204-2021-DSEM-CMIN,,00158-2025-OEFA/DSEM,00015992512,20250700021,2025-I01-031206,23,22,-1,3,-1,-1,11,,,,,,2025-07-14 00:00:00,,,,,,,,,"Ejecutar el cierre de la bocamina 5032, de acuerdo a las especificaciones técnicas establecidas en el PCPAM Pushaquilca, a fin de evitar impactos adversos al ambiente.",,,,64.0,5350.0,,342400.0,,,,,,,,,0,0,0,0,0,SISUD_VW,2026-09-04 16:34:16
108,,,0204-2021-DSEM-CMIN,,00158-2025-OEFA/DSEM,00016002512,20250700021,2025-I01-031206,23,22,-1,3,-1,-1,11,,,,,,2025-07-14 00:00:00,,,,,,,,,Remediar el cauce de la quebrada sin nombre y el de la laguna Pequeña N° 1 por donde ha discurrido el efluente de la bocamina ID 5032.,,,,64.0,5350.0,,342400.0,,,,,,,,,0,0,0,0,0,SISUD_VW,2026-09-04 16:34:16
109,,,0042-2023-DSEM-CMIN,,00162-2025-OEFA/DSEM,00016012512,20250700022,2025-I01-031506,24,22,-1,3,-1,-1,11,,,,,,2025-07-15 00:00:00,,,,,,,,,"“Realizar actividades de remoción del relave y remedición del área impactada por donde discurrió el relave, a fin de evitar una mayor afectación del suelo y de nuevas áreas, como del cauce de la quebrada Calpa y del río Atico”.",,,,32.0,5350.0,,171200.0,,,,,,,,,0,0,0,0,0,SISUD_VW,2026-09-04 16:34:16
110,,,0062-2021-DSEM-CMIN,,00151-2025-OEFA/DSEM,00015062512,20250700001,2025-I01-029113,25,22,-1,3,-1,-1,11,,,,,,2025-07-01 00:00:00,,,,,,,,,"Optimizar el Sistema de Tratamiento de Agua de Mina, a fin de garantizar que el efluente minero metalúrgico en el punto de vertimiento 807 (E-2) (UTM WGS84 8 610 814 N, 566 459 E), que descarga al río Mantaro, cumpla en todo momento con los Límites Máximos Permisibles, aprobados mediante Decreto Supremo N° 010-2010-MINAM.",,,,50.0,5350.0,,267500.0,,,,,,,,,0,0,0,0,0,SISUD_VW,2026-09-04 16:34:16
111,,,0053-2024-DSIS-CRES,,00146-2024-OEFA/DSIS,00000012412,20250700005,2024-I01-050485,-1,23,-1,4,-1,-1,10,,,,,,2024-12-30 00:00:00,,,,,,,,,"Realizar el esparcido, compactación y cobertura diaria de todos los residuos sólidos que se encuentran dispuestos – sin cobertura – en la terraza Nº 1, ocupando un área de 5418 m2, del cual corresponde a tres (3) zonas",,,,2.0,5150.0,,10300.0,,,,,,,,,0,0,0,0,0,SISUD_VW,2026-09-04 16:34:16
112,,,0020-2024-DSIS-CRES,,00015-2025-OEFA/ODES-LAM,00015362512,20250700013,2025-I12-021664,26,23,-1,3,-1,-1,11,,,,,,2025-07-10 00:00:00,,,,,,,,,"Medida Preventiva N° 4 La MD Pucalá no ejecutó las operaciones de esparcido, compactación y cobertura efectiva de los residuos sólidos dispuestos en el sector 2 de la zona I del ADRSM “Botadero Huacachina”; y, no cumplió con el espesor de material de cobertura (entre 0.20 a 0.30 m).",,,,2.0,5350.0,,10700.0,,,,,,,,,0,0,0,0,0,SISUD_VW,2026-09-04 16:34:16
113,,,0141-2024-DSEM-CMIN,,00156-2025-OEFA/DSEM,00015332512,20250700012,2025-I01-030792,27,22,-1,3,-1,-1,11,,,,,,2025-07-10 00:00:00,,,,,,,,,"Realizar un Estudio hidrogeológico en la zona del Tajo Breapampa, dicho estudio debe contener un modelo hidrogeológico actualizado de acuerdo a las condiciones identificadas (con énfasis en la zona sur) en el Tajo Breapampa y determinar la geometría de la pluma generada por las infiltraciones provenientes del DAM, de corresponder",,,,75.0,5350.0,,401250.0,,,,,,,,,0,0,0,0,0,SISUD_VW,2026-09-04 16:34:16
114,,,0020-2024-DSIS-CRES,,00015-2025-OEFA/ODES-LAM,00015352512,20250700013,2025-I12-021664,26,23,-1,3,-1,-1,11,,,,,,2025-07-10 00:00:00,,,,,,,,,Medida Preventiva N° 3 La MD Pucalá no cumplió con instalar un punto de control y tranquera (símil) en el acceso principal al ADRSM.,,,,2.0,5350.0,,10700.0,,,,,,,,,0,0,0,0,0,SISUD_VW,2026-09-04 16:34:16
115,,,0105-2023-DSEM-CMIN,,00155-2025-OEFA/DSEM,00015262512,20250700009,2025-I01-030482,25,22,-1,3,-1,-1,11,,,,,,2025-07-08 00:00:00,,,,,,,,,"Remediar el lecho de la quebrada Parco por donde discurrió el relave del relleno hidráulico y efluente proveniente de interior mina que salió por la Bocamina Nv. 28, hasta el río Mantaro. La remediación debe considerar los resultados analíticos de las muestras tomadas antes y posterior a la ejecución de la dicha actividad.",,,,32.0,5350.0,,171200.0,,,,,,,,,0,0,0,0,0,SISUD_VW,2026-09-04 16:34:16
116,,,0141-2024-DSEM-CMIN,,00156-2025-OEFA/DSEM,00015322512,20250700012,2025-I01-030792,27,22,-1,3,-1,-1,11,,,,,,2025-07-10 00:00:00,,,,,,,,,"Implementar estructuras para el manejo de aguas de contacto en el interior del Tajo Breapampa, que aseguren la derivación de dichas aguas a la planta de tratamiento de aguas ácidas, con la finalidad de evitar la filtración por debajo del referido componente hacia las aguas subterráneas.",,,,48.0,5350.0,,256800.0,,,,,,,,,0,0,0,0,0,SISUD_VW,2026-09-04 16:34:16
117,,,0020-2024-DSIS-CRES,,00015-2025-OEFA/ODES-LAM,00015342512,20250700013,2025-I12-021664,26,23,-1,3,-1,-1,11,,,,,,2025-07-10 00:00:00,,,,,,,,,"Medida Preventiva N° 2 La MD Pucalá no cumplió con la acción “b”; en relación a cercar el área del sector 2: con palos, hitos y/o mallas, asegurando su permanencia en el tiempo.",,,,2.0,5350.0,,10700.0,,,,,,,,,0,0,0,0,0,SISUD_VW,2026-09-04 16:34:16
118,,,0016-2025-ODES-UCA,,00008-2025-OEFA/ODES-UCA,00016802512,20250700042,2025-I27-032530,28,30,-1,3,-1,-1,11,,,,,,2025-07-21 00:00:00,,,,,,,,,"Limpieza del suelo impactado producto del vertimiento y la acumulación de las aguas residuales domésticas y residuos sólidos sobre suelo natural el cual comprende un canal o zanja artificial de dimensiones de 160 m lineales de largo, 03 m de ancho y 01 m de profundidad, haciendo un área de 480 m2 de aproximadamente. A fin de ejecutar la limpieza del suelo impactado el administrado debe cumplir con lo siguiente: i) Succionar los residuos líquidos contenidos en el canal o zanja artificial de dimensiones de 160 m lineales de largo, 03 m de ancho y 01 m de profundidad, haciendo un área de 480 m2 de aproximadamente. ii) Cubrir totalmente con tierra de la zona el canal o zanja artificial donde se acumulan las aguas residuales provenientes del establecimiento, hasta el nivel del suelo adyacente al terreno.",,,,1.0,5350.0,,5350.0,,,,,,,,,0,0,0,0,0,SISUD_VW,2026-09-04 16:34:16
119,,,0357-2023-DSEM-CHID,,00170-2025-OEFA/DSEM,00017282512,20250700058,2025-I01-032974,29,21,-1,3,-1,-1,11,,,,,,2025-07-24 00:00:00,,,,,,,,,"Almacenar (almacén primario) y trasladar hacia el almacenamiento central los residuos sólidos y líquidos peligrosos generados como consecuencia de las actividades de limpieza del área afectada por la presente emergencia ambiental (2 706 m2 de suelo y vegetación), así como de la limpieza de las áreas y componentes ambientales que resulten afectados por la migración del hidrocarburo. Asimismo, deberá acreditar el adecuado almacenamiento (primario y central) de dichos residuos, de acuerdo con las disposiciones y especificaciones técnicas del Decreto Supremo N° 014-2017MINAM, Reglamento del Decreto Legislativo N° 1278, Decreto Legislativo que aprueba la Ley de Gestión Integral de Residuos Sólidos",,,,36.0,5350.0,,192600.0,,,,,,,,,0,0,0,0,0,SISUD_VW,2026-09-04 16:34:16
120,,,0357-2023-DSEM-CHID,,00170-2025-OEFA/DSEM,00017292512,20250700058,2025-I01-032974,29,21,-1,3,-1,-1,11,,,,,,2025-07-24 00:00:00,,,,,,,,,"Realizar el transporte y disposición final de los residuos sólidos y líquidos peligrosos generados como consecuencia de las actividades de limpieza del área afectada por la presente emergencia ambiental (2 706 m2 de suelo y vegetación), así como de las áreas y componentes ambientales que resulten afectados por la migración de hidrocarburo, de acuerdo con las disposiciones y especificaciones técnicas del Decreto Supremo N° 014-2017-MINAM, Reglamento del Decreto Legislativo N° 1278, Decreto Legislativo que aprueba la Ley de Gestión Integral de Residuos Sólidos.",,,,36.0,5350.0,,192600.0,,,,,,,,,0,0,0,0,0,SISUD_VW,2026-09-04 16:34:16
121,,,0090-2024-DSIS-CRES,,00004-2025-OEFA/ODES-ANC,00020242512,20250800006,2025-I07-017830-1,30,23,-1,3,-1,-1,11,,,,,,2025-08-01 00:00:00,,,,,,,,,medida administrativa 13 dictada en el expediente 0084-2022-DSIS-CRES y verificada en el expedente nº 0090-2024-DSIS-CRES,,,,1.0,5350.0,,5350.0,,,,,,,,,0,0,0,0,0,SISUD_VW,2026-09-04 16:34:16
122,,,0213-2024-DSEM-CMIN,,00183-2025-OEFA/DSEM,00020442512,20250800011,2025-I01-035004,6,22,-1,3,-1,-1,11,,,,,,2025-08-08 00:00:00,,,,,,,,,"Retirar la tubería desde su origen hasta la ubicación de la misma en coordenada UTM WGS 84 19K: 372029 E, 8168184, para luego captar el agua de contacto ESP-ARI-1 hacia el sistema de tratamiento de agua ácida del Tajo (STAA Wetland Sur) a fin de que cumpla con los LMP aprobado mediante el Decreto Supremo N° 010-2010-MINAM en el punto PS-02 (antes de ser descargado a la quebrada Apostoloni).",,,,100.0,5350.0,,535000.0,,,,,,,,,0,0,0,0,0,SISUD_VW,2026-09-04 16:34:16
123,,,0197-2024-DSEM-CMIN,,00191-2025-OEFA/DSEM,00020812512,20250800027,2025-I01-035720,6,22,-1,3,-1,-1,11,,,,,,2025-08-13 00:00:00,,,,,,,,,"Identificar en campo el origen de la tubería ubicada en la coordenada UTM WGS 84 19: 371243 E, 8167473 N",,,,64.0,5350.0,,342400.0,,,,,,,,,0,0,0,0,0,SISUD_VW,2026-09-04 16:34:16
124,,,0151-2025-DSEM-CELE,,00195-2025-OEFA/DSEM,00020992512,20250800035,2025-I01-036058,31,20,-1,3,-1,-1,11,,,,,,2025-08-15 00:00:00,,,,,,,,,"DECLARAR que STATKRAFT PERU S.A. persistente en el incumplimiento del mandato de carácter particular ordenado mediante la Resolución N° 00171-2023-OEFA/DSEM del 29 de setiembre de 2023, en la unidad fiscalizable Central Hidroeléctrica Cheves.",,,,8.0,5350.0,,42800.0,,,,,,,,,0,0,0,0,0,SISUD_VW,2026-09-04 16:34:16
125,,,0044-2024-DSIS-CRES,,00003-2025-OEFA/ODES-UCA,00020182512,20250800004,2025-I27-020489,32,23,-1,3,-1,-1,11,,,,,,2025-05-09 00:00:00,,,,,,,,,"Medida Preventiva N° 1 Realizar la descarga, esparcido, nivelación compactación y cobertura de los residuos sólidos que ingresan diariamente al ADRS “Botadero Villa Herodita” únicamente en el sector definido, Este sector deberá estar definido por hitos y/o estacas de al menos 1.5 metros de altura, en cada uno de sus vértices, para su adecuada identificación. Además, se debe instalar un letrero que indique que este es el único lugar autorizado para la descarga de residuos sólidos. Las operaciones de esparcimiento, nivelación, compactación y cobertura de los residuos sólidos deberán realizarse al menos dos (02) veces al mes, considerando una capa de cobertura de mínimo 0.2 metros de espesor. Es preciso señalar que el área (m2 o Ha) del sector que se utilizara para la descarga de residuos sólidos deberá definirse en función de la cantidad estimada de residuos que se recibieran durante el periodo de esta medida.",,,,2.0,5350.0,,10700.0,,,,,,,,,0,0,0,0,0,SISUD_VW,2026-09-04 16:34:16
126,,,0044-2024-DSIS-CRES,,00003-2025-OEFA/ODES-UCA,00020192512,20250800004,2025-I27-020489,32,23,-1,3,-1,-1,11,,,,,,2025-05-09 00:00:00,,,,,,,,,"Medida Preventiva N° 2 Realizar el esparcido, nivelación, compactación y cobertura de los residuos sólidos que se encuentran fuera del sector definido en la Medida Preventiva N° 1 de la presente acta. La cobertura debe realizarse con capas de material de la zona, con un espesor no menor a 0.20 m, para asegurar su correcto confinamiento.",,,,2.0,5350.0,,10700.0,,,,,,,,,0,0,0,0,0,SISUD_VW,2026-09-04 16:34:16
127,,,0185-2024-DSEM-CMIN,,00190-2025-OEFA/DSEM,00020652512,20250800019,2025-I01-035461,6,22,-1,3,-1,-1,11,,,,,,2025-08-12 00:00:00,,,,,,,,,"Retirar la tubería corrugada, ubicada en la coordenada UTM WGS 84 19: 372020 E, 8168172 N y captar el flujo de agua de contacto proveniente del depósito de desmonte y derivarla a la planta de tratamiento STAA Wetland Sur, a fin de que cumpla con los LMP.",,,,100.0,5350.0,,535000.0,,,,,,,,,0,0,0,0,0,SISUD_VW,2026-09-04 16:34:16
128,,,0032-2020-DSEM-CMIN,,00188-2025-OEFA/DSEM,00020692512,20250800021,2025-I01-035480,33,22,-1,3,-1,-1,11,,,,,,2025-08-12 00:00:00,,,,,,,,,"Remediar el suelo por donde ha discurrido el efluente proveniente de la bocamina BES-01, en un plazo de 45 días hábiles. La remediación se realizará considerando los resultados analíticos de las muestras tomadas previo y posteriores a la implementación de dicha medida preventiva. Presentar un plan de remediación a los 5 días de notificación de la presente.",,,,18.0,5350.0,,96300.0,,,,,,,,,0,0,0,0,0,SISUD_VW,2026-09-04 16:34:16
129,,,0155-2024-DSEM-CMIN,,00193-2025-OEFA/DSEM,00020732512,20250800025,2025-I01-035724,6,22,-1,3,-1,-1,11,,,,,,2025-08-13 00:00:00,,,,,,,,,"Captar el agua de contacto del depósito de desmonte INF-1, INF-2, INF-3, ESP-ARI-1 y ESPARI-11 y derivarla a la planta de tratamiento STAA Wetland Sur, a fin de que cumplan con los LMP. La captación se deberá realizar de tal modo, que ya no existan afloramientos hacia la quebrada S/N 2, ni flujos de agua de contacto hacia el canal de agua de no contacto de dicho componente.",,,,2.0,5350.0,,10700.0,,,,,,,,,0,0,0,0,0,SISUD_VW,2026-09-04 16:34:16
130,,,0155-2024-DSEM-CMIN,,00193-2025-OEFA/DSEM,00020742512,20250800025,2025-I01-035724,6,22,-1,3,-1,-1,11,,,,,,2025-08-13 00:00:00,,,,,,,,,"Reparar el canal de agua de no contacto del depósito de desmonte zona norte, desde la coordenada UTM WGS 84 8168352 N; 372459 E, hasta UTM WGS 84 8168241 N; 372256 E (aproximadamente 234 m) de forma que no existan grietas que permitan el ingreso cualquier flujo de agua de contacto hacia dicho canal.",,,,1.0,5350.0,,5350.0,,,,,,,,,0,0,0,0,0,SISUD_VW,2026-09-04 16:34:16
251,,,0204-2025-DSEM-CMIN,,00027-2026-OEFA/DSEM,00005702612,20260200012,2026-I01-004049,61,22,-1,3,-1,-1,-1,,,,,,2026-02-04 00:00:00,,,,,,,,,"Captar y tratar el efluente proveniente de la bocamina B-10, de forma tal que éste no supere los Límites Máximos Permisibles establecidos en el Decreto Supremo N° 010-2010-MINAM, antes de la descarga hacia el río Yuracyacu.",,,,64.0,,,,,,,,,,,,0,0,0,0,0,SISUD_VW,2026-09-04 16:34:16
252,,,0199-2023-DSIS-CRES,,00010-2025-OEFA/ODES-LAL,00038172512,20251100005,2025-I11-048193,52,23,-1,3,-1,-1,11,,,,,,2025-11-04 00:00:00,,,,,,,,,Implementar un punto de control al ingreso del ADRS Botadero Zaraque para restringir el ingreso de personal no autorizado a fin de evitar la quema de residuos sólidos y la disposición de residuos sólidos no municipales al interior del ADRS.,,,,2.0,5350.0,,10700.0,,,,,,,,,0,0,0,0,0,SISUD_VW,2026-09-04 16:34:16
253,,,0033-2024-DSAP-CAGR,,00010-2026-OEFA/DSAP,00012662612,20260300011,2026-I01-008165,62,18,-1,3,-1,-1,-1,,,,,,2026-03-06 00:00:00,,,,,,,,,"El administrado no ejecutó la primera medida preventiva, ordenada mediante Resolución Directoral N° 00037-2025-OEFA/DSAP, respecto a cesar toda forma de vertimiento de los efluentes que provengan del beneficio de animales del Camal Municipal – Majes hacia el suelo.",,,,3.0,,,,,,,,,,,,0,0,0,0,0,SISUD_VW,2026-09-04 16:34:16
254,,,0033-2024-DSAP-CAGR,,00010-2026-OEFA/DSAP,00012672612,20260300011,2026-I01-008165,62,18,-1,3,-1,-1,-1,,,,,,2026-03-06 00:00:00,,,,,,,,,"El administrado no ejecutó la segunda medida preventiva, ordenada mediante Resolución Directoral N° 00037-2025-OEFA/DSAP, respecto a la clausura de las siete (07) pozas de suelo sin impermeabilizar.",,,,3.0,,,,,,,,,,,,0,0,0,0,0,SISUD_VW,2026-09-04 16:34:16
255,,,0047-2024-ODES-CHI,,00003-2026-OEFA/ODES-ANC,00014502612,20260300061,2025-I07-052838-1,30,24,-1,3,-1,-1,-1,,,,,,2026-03-24 00:00:00,,,,,,,,,"El administrado no cumpliO con la medida preventiva N° 16 ordenada en el Acta de Supervisión – Medida Administrativa del 19 al 29 de octubre de 2024, correspondiente del Expediente N° 0041-2024-ODES-CHI",,,,3.0,,,,,,,,,,,,0,0,0,0,0,SISUD_VW,2026-09-04 16:34:16
256,,,0096-2023-DSIS-CRES,,00006-2025-OEFA/ODES-LAL,00024032512,20250800124,2025-I11-038386,56,23,-1,3,-1,-1,11,,,,,,2025-08-29 00:00:00,,,,,,,,,"Realizar la clausura definitiva de todas las vías y zonas de acceso al ADRS “Botadero Sector Careaga”, mediante la desconfiguración de las vías y la colocación de diques de concreto en la zona de ingreso al área degradada, con la finalidad de impedir el ingreso y tránsito de vehículos",,,,1.0,5350.0,,5350.0,,,,,,,,,0,0,0,0,0,SISUD_VW,2026-09-04 16:34:16
257,,,0001-2025-DSAP-CIND,,00045-2025-OEFA/DSAP,00024632512,20250900006,2025-I01-039154,50,19,-1,3,-1,-1,11,,,,,,2025-09-04 00:00:00,,,,,,,,,"El administrado incumplió la Medida Preventiva N°1 ordenada en el artículo 1° de la Resolución Directoral N° 001-2025-OEFA/DSAP notificada el 4 de enero de 2025, referida a “Paralizar la línea de fabricación de postes de poliéster reforzado con fibra de vidrio hasta que cumpla con las condiciones citadas en el referido artículo”",,,,42.0,5350.0,,224700.0,,,,,,,,,0,0,0,0,0,SISUD_VW,2026-09-04 16:34:16
258,,,0001-2025-DSAP-CIND,,00045-2025-OEFA/DSAP,00024652512,20250900006,2025-I01-039154,50,19,-1,3,-1,-1,11,,,,,,2025-09-04 00:00:00,,,,,,,,,"El administrado incumplió el Mandato de Carácter Particular N°1 ordenado en el artículo 2° de la Resolución Directoral N° 001-2025-OEFA/DSAP notificada el 4 de enero de 2025, referida a “La realización del monitoreo de las emisiones atmosféricas de la planta de postes de concreto, con un laboratorio acreditado.”",,,,11.0,5350.0,,58850.0,,,,,,,,,0,0,0,0,0,SISUD_VW,2026-09-04 16:34:16
259,,,0061-2024-ODES-UCA,,00010-2025-OEFA/ODES-UCA,00033292512,20251000026,2025-I27-045094,63,30,-1,3,-1,-1,11,,,,,,2025-10-13 00:00:00,,,,,,,,,"Medida Preventiva N° 01 Identificar el/las áreas específicas para la acumulación de residuos sólidos municipales, en el que debe estar identificado como mínimo cuatro (04) vértices mediante un plano o documento similar, asimismo, delimitar el sector especifico con hitos y/o estacas de al menos 1.5 metros de altura, en cada uno de sus vértices, para su adecuada identificación. Además, instalar un letrero que indique que este es el único lugar autorizado para la descara de residuos sólidos. Es preciso señalar que el área (m2 o Ha) del sector que se utilizará para la descarga de residuos sólidos deberá definirse en función de la cantidad estimada de residuos que se recibirán durante el periodo de esta medida.",,,,1.0,5350.0,,5350.0,,,,,,,,,0,0,0,0,0,SISUD_VW,2026-09-04 16:34:16
260,,,0001-2025-DSEM-CMIN,,00050-2026-OEFA/DSEM,00013652612,20260300038,2026-I01-009618,6,22,-1,3,-1,-1,-1,,,,,,2026-03-17 00:00:00,,,,,,,,,"“Retirar la tubería desde su origen hasta la ubicación de la misma en coordenadas UTM WGA 84 19: 371659 E, 8167196 N, para luego captar el agua de contacto ESP-ARI-1P y derivarla hacia el sistema de tratamiento de agua ácida (STTA Wetland Sur), a fin de que cumpla con los LMP aprobado mediante el Decreto Supremo N° 010-2010-MINAM en el punto PS-02 (antes de ser descargado a la quebrada Apostoloni)”",,,,100.0,,,,,,,,,,,,0,0,0,0,0,SISUD_VW,2026-09-04 16:34:16
261,,,0404-2020-DSEM-CHID,,00289-2025-OEFA/DSEM,00045662512,20251200010,2025-I01-052219,64,21,-1,3,-1,-1,11,,,,,,2025-12-02 00:00:00,,,,,,,,,"Limpiar y descontaminar las siete (7) áreas detalladas en los cuadros N.° 1 y 2 de la presente Resolución; así como, en las áreas que a la fecha vienen siendo afectadas por la migración del contaminante, generado por el inadecuado almacenamiento de los residuos sólidos y líquidos peligrosos generados como consecuencia de la emergencia ambiental ocurrida el 01 de diciembre de 2019, por el derrame de petróleo crudo en la línea de transferencia de crudo (oleoducto) de 6” que va de Capahuari Norte a Capahuari Sur.",,,,18.0,5350.0,,96300.0,,,,,,,,,0,0,0,0,0,SISUD_VW,2026-09-04 16:34:16
262,,,0250-2025-DSEM-CMIN,,00042-2026-OEFA/DSEM,00011682612,20260200115,2026-I01-007128,6,22,-1,3,-1,-1,-1,,,,,,2026-02-27 00:00:00,,,,,,,,,"Retirar la tubería de HDPE que descarga en el punto ESPARI- 3M y asegurar la captación del flujo de agua de contacto que da origen al punto ESP-ARI-3M, mediante los subdrenes del depósito de desmonte existentes, y derivar dicho flujo hacia el sistema de tratamiento de agua ácida (STAA Wetland Sur), a fin de que cumpla con los LMP aprobados mediante el Decreto Supremo N° 010-2010-MINEM, antes de ser descargada a la quebrada Margaritani",,,,100.0,,,,,,,,,,,,0,0,0,0,0,SISUD_VW,2026-09-04 16:34:16
263,,,0159-2025-DSEM-CMIN,,00043-2026-OEFA/DSEM,00012182612,20260200128,2026-I01-007322,65,22,-1,3,-1,-1,-1,,,,,,2026-02-27 00:00:00,,,,,,,,,"Implementar una Planta de Tratamiento de Agua, posterior a ello, debe captar y tratar los flujos de los afloramientos ubicados en el sector 1 (ESP-ARI-1, ESP-ARI-2, ESP-ARI-3, ESP-ARI-4 y ESP-ARI-5) y sector 2 (ESP-AS-4) para conducirlos a dicha Planta de Tratamiento de Agua. Las aguas tratadas deberán cumplir con los LMP 2010 antes de su descarga al cuerpo receptor, a fin de que no se afecte al bofedal, la quebrada Huamanihuayta y a los cuerpos hídricos de la zona.",,,,75.0,,,,,,,,,,,,0,0,0,0,0,SISUD_VW,2026-09-04 16:34:16
180,,,0159-2023-DSIS-CRES,,00006-2026-OEFA/ODES-LAL,00017072612,20260300112,2026-I11-011886,45,23,-1,3,-1,-1,-1,,,,,,2026-03-31 00:00:00,,,,,,,,,"Obligación 3.1 Realizar la mitigación de las zonas y/o puntos de emanación de humos y gases generados a partir de la combustión de los residuos sólidos dispuestos en el ADRS “Botadero Talambo”, ubicadas en las coordenadas georreferenciadas UTM WGS 84 datum Zona 17M 678542 E; 9197886N (sector 02) y 678386E; 9197676N (sector 3).",,,,10.0,,,,,,,,,,,,0,0,0,0,0,SISUD_VW,2026-09-04 16:34:16
181,,,0098-2025-DSEM-CMIN,,00064-2026-OEFA/DSEM,00017082612,20260300113,2026-I01-012105,6,22,-1,3,-1,-1,-1,,,,,,2026-03-31 00:00:00,,,,,,,,,"Realizar el mantenimiento y/o reparación de las estructuras hidráulicas (canales, pozas de sedimentación, tuberías) existentes del sistema de conducción que traslada las aguas de contacto de la zona del Depósito de desmonte Jessica y Pad de lixiviación Jessica desde el inicio en la coordenada UTM WGS 84: 8314069 N; 306920 E hasta su descarga en la poza de 20 000 m3 ubicada en la coordenada UTM WGS 84: 8312275 N; 305093 E.",,,,76.0,,,,,,,,,,,,0,0,0,0,0,SISUD_VW,2026-09-04 16:34:16
182,,,0188-2025-DSEM-CMIN,,00257-2025-OEFA/DSEM,00037072512,20251000119,2025-I01-047640,47,22,-1,3,-1,-1,11,,,,,,2025-10-31 00:00:00,,,,,,,,,"“Remediar el suelo del área denominada API C de aproximadamente 0.8 ha, delimitada por siete (07) puntos C-TAJ-01, CTAJ-02, C-TAJ-03, C-TAJ-04, C-TAJ05, C-TAJ-06 y C-TAJ-07, hasta que se cumpla con los Estándares de Calidad Ambiental para suelo, establecidos en el Decreto Supremo N.º 002-2013-MINAM de uso industrial/ extractivo. El área a remediar debe Ser muestreada de manera previa al procedimiento y luego de la implementación de la medida.”.",,,,64.0,5350.0,,342400.0,,,,,,,,,0,0,0,0,0,SISUD_VW,2026-09-04 16:34:16
183,,,0084-2022-DSIS-CRES,,00004-2026-OEFA/ODES-ANC,00017232612,20260400001,2025-I07-052837,30,23,-1,3,-1,-1,-1,,,,,,2026-04-01 00:00:00,,,,,,,,,Medidas Preventivas N° 3,,,,20.0,,,,,,,,,,,,0,0,0,0,0,SISUD_VW,2026-09-04 16:34:16
184,,,0084-2022-DSIS-CRES,,00004-2026-OEFA/ODES-ANC,00017252612,20260400001,2025-I07-052837,-1,23,-1,3,-1,-1,-1,,,,,,2026-04-01 00:00:00,,,,,,,,,Medidas Preventivas N° 10,,,,20.0,,,,,,,,,,,,0,0,0,0,0,SISUD_VW,2026-09-04 16:34:16
185,,,0084-2022-DSIS-CRES,,00004-2026-OEFA/ODES-ANC,00017262612,20260400001,2025-I07-052837,-1,23,-1,3,-1,-1,-1,,,,,,2026-04-01 00:00:00,,,,,,,,,Medidas Preventivas N° 11,,,,20.0,,,,,,,,,,,,0,0,0,0,0,SISUD_VW,2026-09-04 16:34:16
186,,,0169-2023-DSIS-CRES,,00005-2026-OEFA/ODES-LAL,00015202612,20260300074,2026-I11-011096,44,23,-1,3,-1,-1,-1,,,,,,2026-03-26 00:00:00,,,,,,,,,"Elaborar, aprobar y ejecutar un Plan de Vigilancia para mitigar toda forma de acción de quema de residuos sólidos al interior del ADRS Botadero San Idelfonso por parte de personal directo o terceros.",,,,2.0,,,,,,,,,,,,0,0,0,0,0,SISUD_VW,2026-09-04 16:34:16
187,,,0131-2023-DSEM-CHID,,00249-2025-OEFA/DSEM,00033532512,20251000037,2025-I01-045752,29,21,-1,3,-1,-1,11,,,,,,2025-10-17 00:00:00,,,,,,,,,"Asegurar el área afectada (812 m2 de suelo y vegetación), de acuerdo al área descrita en el Cuadro N° 2 de la Resolución DSEM; y contener el hidrocarburo mediante barreras mecánicas y oleofílicas de contención de hidrocarburos, instaladas en las rutas de migración, hasta la última traza de hidrocarburos presente en los cuerpos de suelo y agua (quebradas y/o ríos) que pudieran ser afectados por la emergencia ambiental. Asimismo, implementar cuadrillas para el control y mantenimiento de las barreras mecánicas y oleofílicas colocadas en las rutas de migración, con la finalidad de que dichas barreras preserven su funcionalidad de contener y recuperar el hidrocarburo derramado en el derecho de vía a la altura del Km 69+500 del oleoducto Corrientes - Saramuro (T1) del Lote 8.",,,,64.0,5350.0,,342400.0,,,,,,,,,0,0,0,0,0,SISUD_VW,2026-09-04 16:34:16
188,,,0131-2023-DSEM-CHID,,00249-2025-OEFA/DSEM,00033542512,20251000037,2025-I01-045752,29,21,-1,3,-1,-1,11,,,,,,2025-10-17 00:00:00,,,,,,,,,"Realizar la limpieza del área afectada con presencia de hidrocarburos (812 m2 de suelo), de acuerdo al área descrita en el Cuadro N° 2 de la Resolución DSEM, donde se verificó la afectación de los componentes ambientales suelo y vegetación; así como de las áreas y componentes ambientales que resulten afectados por la migración del hidrocarburo, como consecuencia de la falta de contención efectiva del hidrocarburo proveniente de la emergencia ambiental ocurrida por el derrame de hidrocarburo en el derecho de vía a la altura del km 69+500 del oleoducto Corrientes - Saramuro (T1) del Lote 8.",,,,64.0,5350.0,,342400.0,,,,,,,,,0,0,0,0,0,SISUD_VW,2026-09-04 16:34:16
189,,,0148-2024-DSEM-CMIN,,00264-2025-OEFA/DSEM,00038252512,20251100011,2025-I01-048816,6,22,-1,3,-1,-1,11,,,,,,2025-11-07 00:00:00,,,,,,,,,"Captar el agua de contacto del depósito de desmonte ESP-ARI-1 y derivarla a la planta de tratamiento STAA Wetland Sur, a fin de que cumplan con los LMP previo a su descarga a la quebrada Apostoloni. La captación se deberá realizar de tal modo, que no exista agua de contacto ingresando hacia el canal de agua de no contacto de dicho componente, a fin de que no se afecte la quebrada Apostoloni, la flora y fauna cercanas, ni la salud de las personas.",,,,22.0,5350.0,,117700.0,,,,,,,,,0,0,0,0,0,SISUD_VW,2026-09-04 16:34:16
190,,,0128-2022-DSEM-CHID,,00254-2025-OEFA/DSEM,00035412512,20251000083,2025-I01-047140,29,21,-1,3,-1,-1,11,,,,,,2025-10-29 00:00:00,,,,,,,,,"Culminar los trabajos de limpieza y descontaminación de la totalidad del área afectada por hidrocarburos y metales identificada por el OEFA (60 m2 de suelo y vegetación); así como, las áreas que a la fecha vienen siendo afectadas por la migración del contaminante producto de la emergencia ambiental ocurrida en la línea de 8” de la Plataforma 70X del Yacimiento Pavayacu del Lote 8.",,,,36.0,5350.0,,192600.0,,,,,,,,,0,0,0,0,0,SISUD_VW,2026-09-04 16:34:16
191,,,0150-2025-DSEM-CELE,,00244-2025-OEFA/DSEM,00033222512,20251000023,2025-I01-045005,48,20,-1,3,-1,-1,11,,,,,,2025-10-13 00:00:00,,,,,,,,,"Empresa de Generación Eléctrica Río Baños S.A.C. no cumplió el mandato de carácter particular ordenado por el OEFA mediante la Resolución N° 00045-2023-OEFA/DSEM, referida a rehabilitar el Reservorio Rapacán dentro del plazo establecido para tal efecto, mediante la Resolución N° 00095-2024-OEFA/DSEM del 4 de abril de 2024, por lo que habría incumplido con la medida administrativa impuesta.",,,,3.0,5350.0,,16050.0,,,,,,,,,0,0,0,0,0,SISUD_VW,2026-09-04 16:34:16
192,,,0001-2025-ODES-SMA,,00012-2025-OEFA/ODES-SAM,00044522512,20251100120,2025-I24-051837,49,28,-1,3,-1,-1,11,,,,,,2025-11-28 00:00:00,,,,,,,,,"Delimitar el área específica para la acumulación de residuos sólidos municipales, en el que debe contar como mínimo con cuatro (04) vértices mediante un plano o documento similar, asimismo delimitar el área especifico mediante un cerco perimétrico el cual debe de estar separado a una distancia de 5 metros aproximadamente del borde del área específica, a fin de evitar el desplazamiento de los residuos hacia el rio Huallaga. Además, instalar un letrero que indique que este es el único lugar autorizado para la descarga de residuos sólidos",,,,1.0,5350.0,,5350.0,,,,,,,,,0,0,0,0,0,SISUD_VW,2026-09-04 16:34:16
193,,,0240-2023-DSEM-CHID,,00296-2025-OEFA/DSEM,00047012512,20251200041,2025-I01-053184,29,21,-1,3,-1,-1,11,,,,,,2025-12-10 00:00:00,,,,,,,,,"Almacenar y transportar los residuos sólidos y líquidos peligrosos y no peligrosos existentes y los que puedan ser generados como consecuencia de las actividades de limpieza del área afectada (19,589 m2 de suelo y vegetación; y, 906 m2 de agua y sedimentos) por las emergencias ambientales ocurridas por los derrames de petróleo crudo en los km 48+401 y km 48+433 del oleoducto Corrientes - Saramuro (T1) del Lote 8, así como de la limpieza de las áreas y componentes ambientales que resulten afectados por la migración del hidrocarburo, de acuerdo con las especificaciones técnicas del Decreto Supremo N° 014-2017-MINAM, Reglamento del Decreto Legislativo N° 1278, Decreto Legislativo que aprueba la Ley de Gestión Integral de Residuos Sólidos y sus instrumentos de gestión ambiental aplicables",,,,3.0,5350.0,,16050.0,,,,,,,,,0,0,0,0,0,SISUD_VW,2026-09-04 16:34:16
194,,,0156-2022-DSEM-CMIN,,00302-2025-OEFA/DSEM,00047612512,20251200066,2025-I01-053638,6,22,-1,3,-1,-1,11,,,,,,2025-12-12 00:00:00,,,,,,,,,"Captar y tratar la descarga del afloramiento de agua en el punto ESP-18 (E304593, N 8312239), a fin de cumplir con los Estándares Nacionales de Calidad de agua establecidos en el D.S. N° 015-2015-MINAM, y evitar la alteración de la calidad de la quebrada Lluchusani.",,,,100.0,5350.0,,535000.0,,,,,,,,,0,0,0,0,0,SISUD_VW,2026-09-04 16:34:16
195,,,0131-2023-DSEM-CHID,,00249-2025-OEFA/DSEM,00033562512,20251000037,2025-I01-045752,29,21,-1,3,-1,-1,11,,,,,,2025-10-17 00:00:00,,,,,,,,,"Realizar el transporte y disposición final de los residuos sólidos y líquidos peligrosos generados como consecuencia de las actividades de limpieza del área afectada por la presente emergencia ambiental (812 m2 de suelo y vegetación), así como de las áreas que resulten afectadas por la migración del hidrocarburo, de acuerdo con las especificaciones técnicas del Decreto Supremo N° 014- 2017-MINAM, Reglamento del Decreto Legislativo N° 1278, Decreto Legislativo que aprueba la Ley de Gestión Integral de Residuos Sólidos y sus instrumentos de gestión ambientales aplicables.",,,,23.0,5350.0,,123050.0,,,,,,,,,0,0,0,0,0,SISUD_VW,2026-09-04 16:34:16
196,,,0245-2023-DSEM-CHID,,00210-2025-OEFA/DSEM,00024742512,20250900008,2025-I01-039120,29,21,-1,3,-1,-1,11,,,,,,2025-09-04 00:00:00,,,,,,,,,"Almacenar (almacén primario) y trasladar la totalidad de los residuos sólidos y líquidos peligrosos generados hacia el almacenamiento central; así como acreditar el adecuado almacenamiento (primario y central) de los residuos sólidos y líquidos peligrosos generados como consecuencia de las actividades de limpieza de las áreas afectadas por la presente emergencia ambiental (3663 m2 de suelo y vegetación, y 1280 m2 de agua y sedimento), así como de la limpieza de las áreas y componentes ambientales que resulten afectados por la migración del petróleo crudo, de acuerdo con las especificaciones técnicas del Decreto Supremo N.° 014- 2017-MINAM, Reglamento del Decreto Legislativo N.° 1278, Decreto Legislativo que aprueba la Ley de Gestión Integral de Residuos Sólidos y sus instrumentos de gestión ambientales aplicables.",,,,3.0,5350.0,,16050.0,,,,,,,,,0,0,0,0,0,SISUD_VW,2026-09-04 16:34:16
197,,,0056-2025-DSEM-CELE,,00223-2025-OEFA/DSEM,00028332512,20250900082,2025-I01-042112,13,20,-1,3,-1,-1,11,,,,,,2025-09-24 00:00:00,,,,,,,,,"El administrado no cumplió con la tercera medida administrativa referida al monitoreo de suelos para acreditar la eficacia de las labores de limpieza, toda vez que en el punto de monitoreo ESP-SUE-CTES-1A1 se verificaron concentraciones que superan los valores establecidos en el ECA Suelo 2017 para suelo de uso residencial, incumpliendo así lo establecido en la medida administrativa ordenada en el Acta de Supervisión suscrita el 17 de marzo de 2025.",,,,8.0,5350.0,,42800.0,,,,,,,,,0,0,0,0,0,SISUD_VW,2026-09-04 16:34:16
198,,,0098-2025-DSEM-CMIN,,00224-2025-OEFA/DSEM,00028352512,20250900083,2025-I01-042113,6,22,-1,3,-1,-1,11,,,,,,2025-09-24 00:00:00,,,,,,,,,"Realizar el mantenimiento y/o reparación de las estructuras hidráulicas (canales, pozas de sedimentación, tuberías) existentes del sistema de conducción que traslada las aguas de contacto de la zona del Depósito de desmonte Jessica y Pad de lixiviación Jessica desde el inicio en la coordenada UTM WGS 84: 8314069 N; 306920 E hasta su descarga en la poza de 20 000 m3 ubicada en la coordenada UTM WGS 84: 8312275 N; 305093 E.",,,,76.0,5350.0,,406600.0,,,,,,,,,0,0,0,0,0,SISUD_VW,2026-09-04 16:34:16
199,,,0098-2025-DSEM-CMIN,,00224-2025-OEFA/DSEM,00028362512,20250900083,2025-I01-042113,6,22,-1,3,-1,-1,11,,,,,,2025-09-24 00:00:00,,,,,,,,,"Realizar actividades de reconformación y perfilamiento del talud donde se asienta la tubería HDPE de 24” que forma parte de la línea de conducción que traslada aguas de contacto, cuyo tramo tiene una longitud de 200 metros, con el fin de evitar deslizamientos y con ello la afectación de la quebrada Lluchusani.",,,,60.0,5350.0,,321000.0,,,,,,,,,0,0,0,0,0,SISUD_VW,2026-09-04 16:34:16
200,,,0080-2024-DSEM-CHID,,00243-2025-OEFA/DSEM,00033332512,20251000028,2025-I01-044982,8,21,-1,3,-1,-1,11,,,,,,2025-10-13 00:00:00,,,,,,,,,"Realizar el adecuado almacenamiento de los residuos sólidos peligrosos y no peligrosos, generados como resultado de la culminación de las actividades de limpieza de las áreas afectadas, de acuerdo con las especificaciones técnicas contenidas en el Decreto Legislativo Nº 1278, Decreto Legislativo que aprueba la Ley de Gestión Integral de Residuos Sólidos, y su Reglamento, aprobado por Decreto Supremo Nº 014-2017-MINAM.",,,,1.0,5350.0,,5350.0,,,,,,,,,0,0,0,0,0,SISUD_VW,2026-09-04 16:34:16
201,,,0001-2025-DSAP-CIND,,00045-2025-OEFA/DSAP,00024642512,20250900006,2025-I01-039154,50,19,-1,3,-1,-1,11,,,,,,2025-09-04 00:00:00,,,,,,,,,"El administrado incumplió la Medida Preventiva N°2 ordenada en el artículo 1° de la Resolución Directoral N° 001-2025-OEFA/DSAP notificada el 4 de enero de 2025, referida a “Implementar mecanismos o sistemas de control de ruido (paneles acústicos, barreras sonoras, entre otros), que garanticen que no se supere el ECA de ruido al exterior de la planta industrial.”",,,,11.0,5350.0,,58850.0,,,,,,,,,0,0,0,0,0,SISUD_VW,2026-09-04 16:34:16
202,,,0098-2022-DSIS-CRES,,00008-2025-OEFA/ODES-JUN,00038222512,20251100008,2025-I10-007939-1,51,23,-1,3,-1,-1,11,,,,,,2025-11-06 00:00:00,,,,,,,,,"Implementar medidas de prevención de mitigación del riesgo de inestabilidad y deslizamiento de los taludes debido a la acumulación de agua en la plataforma N° 6 de disposición final de residuos sólidos, por la presencia de cuatro ojos de agua en la ladera del cerro adyacente, el cual incluya: (i) Elaborar y aprobar un expediente técnico en base al estudio hidrogeológico y la opinión técnica favorable de la Autoridad Nacional del Agua para captar y desviar el agua -que discurre por la ladera del cerro adyacente a la plataforma N° 6 de disposición final de residuos sólidos.",,,,1.0,5350.0,,5350.0,,,,,,,,,0,0,0,0,0,SISUD_VW,2026-09-04 16:34:16
203,,,0176-2021-DSEM-CHID,,00265-2025-OEFA/DSEM,00038402512,20251100014,2025-I01-048823,8,21,-1,3,-1,-1,11,,,,,,2025-11-07 00:00:00,,,,,,,,,"Petroperu´ debe presentar un Plan de Rehabilitación para el canal de flotacio´n del Tramo I del ONP, el mismo que luego de su aprobación debe ejecutarse de manera inmediata.",,,,47.0,5350.0,,251450.0,,,,,,,,,0,0,0,0,0,SISUD_VW,2026-09-04 16:34:16
204,,,0007-2024-DSEM-CMIN,,00209-2025-OEFA/DSEM,00024622512,20250900005,2025-I01-039009,6,22,-1,3,-1,-1,11,,,,,,2025-09-03 00:00:00,,,,,,,,,Retirar el lodo depositado directamente en el vaso del tajo Jessica y disponerlos sobre el área impermeabilizada.,,,,100.0,5350.0,,535000.0,,,,,,,,,0,0,0,0,0,SISUD_VW,2026-09-04 16:34:16
205,,,0081-2021-DSEM-CHID,,00222-2025-OEFA/DSEM,00028472512,20250900085,2025-I01-042111,36,21,-1,3,-1,-1,11,,,,,,2025-09-24 00:00:00,,,,,,,,,"Presentar ante la Dirección General de Asuntos Ambientales de Hidrocarburos del Ministerio de Energía y Minas, el Plan de Abandono del Lote 31-E que incorpore las medidas de remediación, descontaminación, restauración, reforestación, retiro de instalaciones y/u otras que sean necesarias para que no subsistan los impactos ambientales negativos en el Lote 31-E de acuerdo a lo señalado en los artículos 99º, 100º y 100-Aº del Decreto Supremo Nº 039-2014-EM el cual además deberá incluir los siguientes hechos detectados en el Informe de Supervisión Nº 241-2019 OEFA/DSEM-CHID: • La remediación del suelo impactado con hidrocarburos, ocasionado por los liqueos de petróleo crudo proveniente de la cantina del pozo PA-35, así como, de la línea que descarga que va hacia la zona de bombeo de crudo de Puerto Oriente del Lote 31-E. • Limpieza y disposición final de los residuos peligrosos y no peligrosos identificados en en los Campos Pacaya y Puerto Oriente del Lote 31-E; as",,,,80.0,5350.0,,428000.0,,,,,,,,,0,0,0,0,0,SISUD_VW,2026-09-04 16:34:16
206,,,0128-2022-DSEM-CHID,,00254-2025-OEFA/DSEM,00035432512,20251000083,2025-I01-047140,29,21,-1,3,-1,-1,11,,,,,,2025-10-29 00:00:00,,,,,,,,,"Realizar la disposición final de los residuos sólidos y líquidos peligrosos generados como consecuencia de las actividades de limpieza y descontaminación del área afectada por la emergencia ambiental ocurrida en la línea de 8” de la Plataforma 70X del Yacimiento Pavayacu del Lote 8, de acuerdo con las especificaciones técnicas del Decreto Supremo N.° 014-2017- MINAM, Reglamento del Decreto Legislativo N.° 1278, Decreto Legislativo que aprueba la Ley de Gestión Integral de Residuos Sólidos y sus instrumentos de gestión ambientales aplicables.",,,,36.0,5350.0,,192600.0,,,,,,,,,0,0,0,0,0,SISUD_VW,2026-09-04 16:34:16
207,,,0263-2022-DSEM-CHID,,00261-2025-OEFA/DSEM,00038182512,20251100006,2025-I01-048277,8,21,-1,3,-1,-1,11,,,,,,2025-11-05 00:00:00,,,,,,,,,"Realizar la segregación, almacenamiento, transporte, así como la valorización y/o disposición final de los residuos sólidos generados como consecuencia de las actividades de recuperación del hidrocarburo derramado, de conformidad con el Decreto Legislativo N° 1278. Decreto Legislativo que aprueba la Ley de Gestión Integral de Residuos Sólidos, y el Reglamento del Decreto legislativo 1278 aprobado por Decreto Supremo N° 014-2017 MINAM.",,,,22.0,5350.0,,117700.0,,,,,,,,,0,0,0,0,0,SISUD_VW,2026-09-04 16:34:16
208,,,0199-2023-DSIS-CRES,,00010-2025-OEFA/ODES-LAL,00038142512,20251100005,2025-I11-048193,52,23,-1,3,-1,-1,11,,,,,,2025-11-04 00:00:00,,,,,,,,,Delimitar mediante hitos o estacas el área específica para realizar únicamente la descarga de los residuos sólidos que ingresan al ADRS Botadero Zaraque.,,,,2.0,5350.0,,10700.0,,,,,,,,,0,0,0,0,0,SISUD_VW,2026-09-04 16:34:16
209,,,0177-2023-DSIS-CRES,,00014-2025-OEFA/ODES-LAL,00052872512,20251200178,2025-I11-055731,53,23,-1,3,-1,-1,11,,,,,,2025-12-31 00:00:00,,,,,,,,,"Realizar el esparcido, nivelación, compactación y cobertura de los residuos sólidos expuestos en los sectores de disposición final de residuos sólidos establecidos en el ADRS, con una frecuencia mínima de dos (2) veces por semana.",,,,2.0,5350.0,,10700.0,,,,,,,,,0,0,0,0,0,SISUD_VW,2026-09-04 16:34:16
210,,,0018-2024-DSIS-CRES,,00004-2025-OEFA/ODES-MDD,00052882512,20251200179,2025-I14-054002,39,23,-1,3,-1,-1,11,,,,,,2025-12-31 00:00:00,,,,,,,,,"Delimitar y señalizar - mediante hitos o estacas u otro dispositivo similar - un sector del ADRSM “Botadero Municipal de Colorado II”, a fin que se realice la disposición final de residuos sólidos municipales, en función de la cantidad de residuos que se proyecte disponer.",,,,1.0,5350.0,,5350.0,,,,,,,,,0,0,0,0,0,SISUD_VW,2026-09-04 16:34:16
211,,,0319-2023-DSEM-CHID,,00006-2026-OEFA/DSEM,00000172612,20260100004,2026-I01-000238,29,21,-1,3,-1,-1,-1,,,,,,2026-01-06 00:00:00,,,,,,,,,"Presentar ante el MINEM el proyecto de Plan de Abandono del Lote 8: i) Subsanando todas las observaciones descritas en los Cuadros N° 1, 2 y 3 del Informe Final de Evaluación N° 662-2022-MINEMDGAAH/DEAH; e ii) Incorporando en dicho plan de abandono las medidas de remediación correspondientes a los Sitios: B3-S1&S3, B3-S4 y B3-S5 conforme al requerimiento realizado por el MINEM, el 29 de diciembre de 2022, mediante la Resolución Directoral No 311-2022-MINEM/DGAAH.",,,,100.0,,,,,,,,,,,,0,0,0,0,0,SISUD_VW,2026-09-04 16:34:16
212,,,0001-2025-ODES-SMA,,00012-2025-OEFA/ODES-SAM,00044552512,20251100120,2025-I24-051837,49,28,-1,3,-1,-1,11,,,,,,2025-11-28 00:00:00,,,,,,,,,"Realizar la descarga, esparcido, nivelación, compactación y cobertura de los residuos sólidos que ingresan diariamente al ADRSM “Botadero Municipal”, únicamente en el sector definido por la municipalidad. Las operaciones de esparcido, nivelación, compactación y cobertura de los residuos sólidos deberán realizarse con una frecuencia de 01 vez cada (15) quince días.",,,,1.0,5350.0,,5350.0,,,,,,,,,0,0,0,0,0,SISUD_VW,2026-09-04 16:34:16
213,,,0001-2025-ODES-SMA,,00012-2025-OEFA/ODES-SAM,00044572512,20251100120,2025-I24-051837,49,28,-1,3,-1,-1,11,,,,,,2025-11-28 00:00:00,,,,,,,,,Erradicar la segregación de residuos sólidos municipales en el ADRSM “Botadero Municipal,,,,1.0,5350.0,,5350.0,,,,,,,,,0,0,0,0,0,SISUD_VW,2026-09-04 16:34:16
214,,,0018-2024-DSIS-CRES,,00004-2025-OEFA/ODES-MDD,00052892512,20251200179,2025-I14-054002,39,23,-1,3,-1,-1,11,,,,,,2025-12-31 00:00:00,,,,,,,,,"Disponer los residuos sólidos municipales en el sector o los sectores establecidos por la Municipalidad Distrital de Madre de Dios en el ADRSM “Botadero Municipal de Colorado II”, y realizar allí el esparcido, nivelación, compactación y cobertura con tierra de los residuos dispuestos, con un espesor entre 0.20 m a 0.30 m, o cobertura temporal con material geosintético (flexilona o similar) con una frecuencia de dos (2) veces por semana. En los días que no corresponde realizar la cobertura podrá emplear de manera temporal material geosintético (flexilona o similar) para tal fin.",,,,2.0,5350.0,,10700.0,,,,,,,,,0,0,0,0,0,SISUD_VW,2026-09-04 16:34:16
215,,,0023-2024-DSIS-CRES,,00013-2025-OEFA/ODES-ICA,00052952512,20251200181,2025-I09-047001,40,23,-1,3,-1,-1,11,,,,,,2025-12-30 00:00:00,,,,,,,,,"Obligación N° 1 (O.1): “Realizar la definición en un sector del ADRS Botadero Sector Caucato, para la descarga y disposición final de los residuos sólidos municipales recolectados. Dicho sector definido deberá ser reportado al OEFA en coordenadas UTM, y dentro de este se realizará la totalidad de descarga de residuos sólidos municipales.”",,,,3.0,5350.0,,16050.0,,,,,,,,,0,0,0,0,0,SISUD_VW,2026-09-04 16:34:16
216,,,0122-2023-DSIS-CRES,,00019-2025-OEFA/ODES-LAM,00033372512,20251000030,2025-I12-026487-1,54,23,-1,3,-1,-1,11,,,,,,2025-10-14 00:00:00,,,,,,,,,"MEDIDA PREVENTIVA N° 2 REALIZAR EN EL SECTOR DELIMITADO, LAS OPERACIONES DE ESPARCIDO, NIVELACIÓN, COMPACTACIÓN Y COBERTURA, CON UNA FRECUENCIA MÍNIMA DE TRES (3) VECES POR SEMANA, DICHAS OPERACIONES NO DEBERÁN SER EN DIRECCIÓN A LA QUEBRADA PRIMAVERA",,,,4.0,5350.0,,21400.0,,,,,,,,,0,0,0,0,0,SISUD_VW,2026-09-04 16:34:16
217,,,0023-2024-DSIS-CRES,,00013-2025-OEFA/ODES-ICA,00053002512,20251200181,2025-I09-047001,40,23,-1,3,-1,-1,11,,,,,,2025-12-30 00:00:00,,,,,,,,,"Obligación N° 8 (O.8): “Realizar la recolección, transporte y disposición final en una infraestructura de seguridad de los residuos sólidos hospitalarios identificados al interior del ADRS “Botadero Sector Caucato”.”",,,,4.0,5350.0,,21400.0,,,,,,,,,0,0,0,0,0,SISUD_VW,2026-09-04 16:34:16
218,,,0062-2023-DSEM-CHID,,00241-2025-OEFA/DSEM,00032822512,20251000018,2025-I01-044449,8,21,-1,3,-1,-1,11,,,,,,2025-10-09 00:00:00,,,,,,,,,Realizar la limpieza total del área afectada por el derrame de petróleo crudo.,,,,1.0,5350.0,,5350.0,,,,,,,,,0,0,0,0,0,SISUD_VW,2026-09-04 16:34:16
219,,,0062-2023-DSEM-CHID,,00241-2025-OEFA/DSEM,00032832512,20251000018,2025-I01-044449,8,21,-1,3,-1,-1,11,,,,,,2025-10-09 00:00:00,,,,,,,,,"Realizar la segregación y almacenamiento, de los residuos generados como consecuencia de las actividades de recuperación y limpieza total del área afectada por el petróleo crudo derramado, de conformidad con el Decreto Legislativo Nº 1278, Decreto Legislativo que aprueba la Ley de Gestión Integral de Residuos Sólidos, y el Reglamento del Decreto Legislativo Nº 1278, aprobado por Decreto Supremo Nº 014-2017-MINAM.",,,,1.0,5350.0,,5350.0,,,,,,,,,0,0,0,0,0,SISUD_VW,2026-09-04 16:34:16
220,,,0044-2025-DSEM-CMIN,,00275-2025-OEFA/DSEM,00039342512,20251100039,2025-I01-049926,6,22,-1,3,-1,-1,11,,,,,,2025-11-14 00:00:00,,,,,,,,,"Captar el flujo de agua de contacto proveniente del depósito de desmonte, que descarga en la quebrada S/N 2, ubicado en la coordenada UTM WGS 84 Zona 19: 372314 E, 8168290 N a 4874 m.s.n.m. y derivarlo a la planta de tratamiento STAA Wetland Sur, a fin de que cumpla con los LMP aprobado mediante el Decreto Supremo N° 010-2010-MINAM.",,,,100.0,5350.0,,535000.0,,,,,,,,,0,0,0,0,0,SISUD_VW,2026-09-04 16:34:16
221,,,0005-2025-ODES-SMA,,00009-2025-OEFA/ODES-SAM,00037572512,20251000131,2025-I24-047731,43,28,-1,3,-1,-1,11,,,,,,2025-10-31 00:00:00,,,,,,,,,"Realizar la descarga, esparcido, nivelación, compactación y cobertura de los residuos sólidos que ingresan directamente al ADRSM “Botadero Sector Chirapilla”, únicamente en el área específica por la municipalidad. Las operaciones de esparcido, nivelación, compactación y cobertura de los residuos sólidos deberán realizarse con una frecuencia de una vez (1) vez cada mes",,,,1.0,5350.0,,5350.0,,,,,,,,,0,0,0,0,0,SISUD_VW,2026-09-04 16:34:16
222,,,0005-2025-ODES-SMA,,00009-2025-OEFA/ODES-SAM,00037632512,20251000131,2025-I24-047731,43,28,-1,3,-1,-1,11,,,,,,2025-10-31 00:00:00,,,,,,,,,"Realizar acciones de desinsectación con una frecuencia de 01 vez cada quince días, para el control de vectores en el ADRSM Botadero Sector Chirapilla”",,,,1.0,5350.0,,5350.0,,,,,,,,,0,0,0,0,0,SISUD_VW,2026-09-04 16:34:16
223,,,0057-2025-DSEM-CMIN,,00212-2025-OEFA/DSEM,00025802512,20250900026,2025-I01-040613,23,22,-1,3,-1,-1,11,,,,,,2025-09-12 00:00:00,,,,,,,,,"Captar y tratar el efluente proveniente de la bocamina ID 13773, de forma tal que dicho efluente no supere los Límites Máximos Permisibles establecidos en el Decreto Supremo Nº 010-2010-MINAM antes de ser descargado en el cuerpo receptor (bofedal).",,,,32.0,5350.0,,171200.0,,,,,,,,,0,0,0,0,0,SISUD_VW,2026-09-04 16:34:16
224,,,0045-2025-DSEM-CMIN,,00279-2025-OEFA/DSEM,00039832512,20251100048,2025-I01-050344,6,22,-1,3,-1,-1,11,,,,,,2025-11-18 00:00:00,,,,,,,,,"Realizar el mantenimiento del sistema de tratamiento pasivo del botadero Norte para que afronte el periodo de lluvia del 2025 (enero, febrero, marzo y abril). Para ello deberá considerar como mínimo las siguientes actividades. • Disponer tanques de plástico nuevos, con una adecuada dosificación de cal. • Implementar un soporte estable en las bases de los tanques de plástico nuevos. • Implementar en los tanques de plástico nuevos un sistema de conexión continuo, de forma que se demuestre que no existen tuberías y valvular deterioradas, ni obstruidas. Realizar muestreos del agua tratada y comparar los resultados de pH y metales con los valores establecidos en el Decreto Supremo N° 010-2010-MINAM.",,,,32.0,5350.0,,171200.0,,,,,,,,,0,0,0,0,0,SISUD_VW,2026-09-04 16:34:16
225,,,0001-2023-DSIS-CRES,,00003-2026-OEFA/DSIS,00000012212,20260100029,2026-I01-002209,55,23,-1,3,-1,-1,-1,,,,,,2026-01-21 00:00:00,,,,,,,,,"incumplimiento del Requerimiento sobre Instrumento de Gestión Ambiental, ordenado en el Artículo 2° de la Resolución N° 00064-2022-OEFA/DSIS",,,,11.0,,,,,,,,,,,,0,0,0,0,0,SISUD_VW,2026-09-04 16:34:16
226,,,0096-2023-DSIS-CRES,,00006-2025-OEFA/ODES-LAL,00024002512,20250800124,2025-I11-038386,56,23,-1,3,-1,-1,11,,,,,,2025-08-29 00:00:00,,,,,,,,,Realizar la disposición final de la totalidad de los residuos sólidos municipales recolectados en un relleno sanitario autorizado de conformidad a lo establecido en la norma,,,,2.0,5350.0,,10700.0,,,,,,,,,0,0,0,0,0,SISUD_VW,2026-09-04 16:34:16
227,,,0009-2024-DSEM-CMIN,,00205-2025-OEFA/DSEM,00024602512,20250900004,2025-I01-038681,15,22,-1,3,-1,-1,11,,,,,,2025-09-02 00:00:00,,,,,,,,,"Remediar el suelo adyacente a la vía Cantamarca km 7+500 (carretera Huayllay - Canta) y el talud inferior a esta vía, en un área aproximada de 300 m², por donde habría discurrido el concentrado de zinc hasta aproximadamente 22 m cota abajo de la vía, producto de la volcadura de un camión.",,,,32.0,5350.0,,171200.0,,,,,,,,,0,0,0,0,0,SISUD_VW,2026-09-04 16:34:16
228,,,0193-2025-DSEM-CMIN,,00218-2025-OEFA/DSEM,00027912512,20250900067,2025-I01-041804,6,22,-1,3,-1,-1,11,,,,,,2025-09-22 00:00:00,,,,,,,,,"Captar el agua de contacto del depósito de desmonte (ESP-ARI-11) mediante los subdrenes de dicho componente y dirigirlo hacia el sistema de tratamiento de agua ácida del tajo, a fin de que el agua en el punto PS-02 cumpla con los LMP aprobado mediante el Decreto Supremo N° 010-2010-MINAM antes de ser descargada a la quebrada Apostoloni. La captación se deberá realizar de tal modo que no ingrese agua de contacto hacia el canal de agua de no contacto de dicho componente.",,,,22.0,5350.0,,117700.0,,,,,,,,,0,0,0,0,0,SISUD_VW,2026-09-04 16:34:16
229,,,0178-2023-DSIS-CRES,,00008-2025-OEFA/ODES-LAL,00030932512,20250900133,2025-I11-043022,57,23,-1,3,-1,-1,11,,,,,,2025-09-30 00:00:00,,,,,,,,,"Ejecutar acciones para el manejo y control de los lixiviados, con la finalidad de evitar su ingreso hacia el afluente efímero que desemboca en el río Grande.",,,,2.0,5350.0,,10700.0,,,,,,,,,0,0,0,0,0,SISUD_VW,2026-09-04 16:34:16
230,,,0240-2023-DSEM-CHID,,00296-2025-OEFA/DSEM,00046992512,20251200041,2025-I01-053184,29,21,-1,3,-1,-1,11,,,,,,2025-12-10 00:00:00,,,,,,,,,"Asegurar el área afectada detallada en la Tabla N° 1 de la presente resolución (19,589 m2 de suelo y vegetación; y, 906 m2 de agua y sedimentos) donde se verificó la afectación de los componentes ambientales suelo, agua superficial y sedimento e incrementar las barreras mecánicas y/o oleofílicas en las rutas de migración del hidrocarburo, así como en las áreas que continúan siendo afectadas por la migración del contaminante. Asimismo, implementar cuadrillas para el control y mantenimiento de las barreras mecánicas y/o oleofílicas colocadas en las rutas de migración, con la finalidad de que dichas barreras preserven su funcionalidad de contener y recuperar el petróleo crudo derramado en el derecho de vía a la altura de los km 48+401 y km 48+433 del oleoducto Corrientes - Saramuro (T1) del Lote 8.",,,,3.0,5350.0,,16050.0,,,,,,,,,0,0,0,0,0,SISUD_VW,2026-09-04 16:34:16
231,,,0240-2023-DSEM-CHID,,00296-2025-OEFA/DSEM,00047002512,20251200041,2025-I01-053184,29,21,-1,3,-1,-1,11,,,,,,2025-12-10 00:00:00,,,,,,,,,"Culminar la limpieza de la totalidad de las áreas afectadas con presencia de petróleo crudo detalladas en la Tabla N° 1 de la presente resolución (19,589 m2 de suelo y vegetación; y, 906 m2 de agua y sedimentos), donde se verificó la afectación de los componentes ambientales suelo, agua y sedimentos; así como de las áreas que continúan siendo afectadas por la migración del petróleo crudo, como consecuencia de la falta de contención efectiva del petróleo crudo provenientes de las emergencias ambientales ocurridas por los derrames de petróleo crudo en los km48+401 y km 48+433 del oleoducto Corrientes - Saramuro (T1) del Lote 8.",,,,18.0,5350.0,,96300.0,,,,,,,,,0,0,0,0,0,SISUD_VW,2026-09-04 16:34:16
232,,,0240-2023-DSEM-CHID,,00296-2025-OEFA/DSEM,00047022512,20251200041,2025-I01-053184,29,21,-1,3,-1,-1,11,,,,,,2025-12-10 00:00:00,,,,,,,,,"Realizar la disposición final de los residuos sólidos y líquidos peligrosos y no peligrosos generados como consecuencia de las actividades de limpieza y descontaminación de las áreas afectadas por las emergencias ambientales ocurridas por los derrames de petróleo crudo en los km 48+401 y km 48+433 del oleoducto Corrientes - Saramuro (T1) del Lote 8, de acuerdo a las especificaciones normativas del Decreto Supremo N° 014-2017-MINAM, Reglamento del Decreto Legislativo N° 1278, Decreto Legislativo que aprueba la Ley de Gestión Integral de Residuos Sólidos.",,,,3.0,5350.0,,16050.0,,,,,,,,,0,0,0,0,0,SISUD_VW,2026-09-04 16:34:16
233,,,0197-2024-DSEM-CMIN,,00014-2026-OEFA/DSEM,00001362612,20260100031,2026-I01-001460,6,22,-1,3,-1,-1,-1,,,,,,2026-01-15 00:00:00,,,,,,,,,"Identificar en campo el origen de la tubería ubicada en la coordenada UTM WGS 84 19: 371243 E, 8167473 N.",,,,64.0,,,,,,,,,,,,0,0,0,0,0,SISUD_VW,2026-09-04 16:34:16
234,,,0001-2025-DSEM-CMIN,,00199-2025-OEFA/DSEM,00022052512,20250800061,2025-I01-037127,6,22,-1,3,-1,-1,11,,,,,,2025-08-22 00:00:00,,,,,,,,,"Retirar la tubería desde su origen hasta la ubicación de la misma en coordenadas UTM WGA 84 19: 371659 E, 8167196 N, para luego captar el agua de contacto ESP-ARI-1P y derivarla hacia el sistema de tratamiento de agua acida (STTA Wetland Sur), a fin de que cumpla con los LMP aprobado mediante el Decreto Supremo N° 010-2010-MINAM en el punto PS-02 (antes de ser descargado a la quebrada Apostoloni.",,,,100.0,5350.0,,535000.0,,,,,,,,,0,0,0,0,0,SISUD_VW,2026-09-04 16:34:16
235,,,0056-2025-DSEM-CELE,,00223-2025-OEFA/DSEM,00028302512,20250900081,2025-I01-042112,-1,20,-1,4,-1,-1,11,,,,,,2025-09-24 00:00:00,,,,,,,,,"“DECLARAR que EMP REG DE SERV PUBLICO DE ELECTRICIDAD incumplió las medidas preventivas ordenadas mediante el Acta de Supervisión suscrita el 17 de marzo de 2025, en la unidad fiscalizable Central Termoeléctrica El Estrecho. IMPONER a EMP REG DE SERV PUBLICO DE ELECTRICIDAD una multa coercitiva ascendente a veintidós con 80/100 (22,8) Unidades Impositivas Tributarias (UIT) por el incumplimiento de las medidas preventivas ordenada mediante el Acta de Supervisión suscrita el 17 de marzo de 2025.”",,,,23.0,5350.0,,123050.0,,,,,,,,,0,0,0,0,0,SISUD_VW,2026-09-04 16:34:16
236,,,0023-2024-DSIS-CRES,,00013-2025-OEFA/ODES-ICA,00052962512,20251200181,2025-I09-047001,40,23,-1,3,-1,-1,11,,,,,,2025-12-30 00:00:00,,,,,,,,,"Obligación N°2 (O.2): “Realizar acciones de esparcido, compactación y cobertura con material de la zona, de los residuos sólidos que son descargados en el sector definido para la descarga de los residuos sólidos. Para lo cual, la capa de cobertura deberá tener un espesor mínimo de 0.20 m. Asimismo, cabe señalar que, durante el plazo de la presente medida, la municipalidad deberá disponer temporal y únicamente sus residuos sólidos en el ADRS “Botadero Sector Caucato”",,,,5.0,5350.0,,26750.0,,,,,,,,,0,0,0,0,0,SISUD_VW,2026-09-04 16:34:16
237,,,0020-2025-ODES-LAM,,00002-2026-OEFA/ODES-LAM,00005442612,20260200007,2026-I12-003961,37,26,-1,3,-1,-1,-1,,,,,,2026-02-03 00:00:00,,,,,,,,,"Medida Preventiva N° 1 Definir y delimitar una única área o sector específico dentro del ADRSM Botadero Municipal Monsefú - Sorrocote, para realizar la descarga diaria de residuos sólidos municipales, para lo cual deben ejecutar las siguientes acciones: 1.1. Identificar y definir un sector específico al interior del ADRSM para la disposición final de residuos sólidos. Dicha área debe estar identificada con un cartel en la que se detalle: “Área Degradada de Residuos Sólidos – Sector Especifico”. Además, deberá definir una zona de acceso y vía de tránsito para todos los Administrados, la que debe contar con carteles informativos con el siguiente detalle: “Se prohíbe la realización de acciones de segregación y quema de residuos sólidos”. Estos carteles deben tener un tamaño razonable para ser vistos desde una larga distancia, estar firmemente anclados al suelo para garantizar su estabilidad y permanencia; asimismo, deben ser diseñados con materiales resiste",,,,7.0,,,,,,,,,,,,0,0,0,0,0,SISUD_VW,2026-09-04 16:34:16
238,,,0218-2024-DSAP-CAGR,,00009-2026-OEFA/DSAP,00012232612,20260200130,2026-I01-007313,58,18,-1,3,-1,-1,-1,,,,,,2026-02-27 00:00:00,,,,,,,,,"Cesar el vertimiento e infiltración de los efluentes de la actividad de faenado de ganado équido hacia el río Santa, hasta no acreditar la operatividad y funcionamiento del sistema de tratamiento de efluentes eficaz, de manera que cumpla con los valores establecidos en la Guía Sobre Medio Ambiente, Salud y Seguridad para la producción de carne IFC/BM. En tanto el administrado no acredite la implementación de un sistema de tratamiento de efluentes eficaz, los efluentes generados en su proceso productivo podrán ser almacenados en el tanque séptico para luego ser dispuestos a través de una EPS o EO- RS autorizadas. A fin de ejecutar el cese de toda forma de vertimiento e infiltración de efluentes, el administrado debe cumplir con lo siguiente: a) Sellado con material de concreto y ladrillo, de la conexión de salida del tanque séptico ubicado en las coordenadas UTM WGS84 18L 208156E, 8973894N a fin de almacenar la totalidad de los efluentes generados en la actividad de benefici",,,,13.0,,,,,,,,,,,,0,0,0,0,0,SISUD_VW,2026-09-04 16:34:16
239,,,0218-2024-DSAP-CAGR,,00009-2026-OEFA/DSAP,00012242612,20260200130,2026-I01-007313,58,18,-1,3,-1,-1,-1,,,,,,2026-02-27 00:00:00,,,,,,,,,Realizar la limpieza del área circundante al tanque séptico por donde discurren los efluentes hacia el río Santa. Los residuos sólidos generados en el proceso de limpieza del área impactada deberán ser dispuestos a través de una Empresa Operadora (EO-RS) autorizada.,,,,3.0,,,,,,,,,,,,0,0,0,0,0,SISUD_VW,2026-09-04 16:34:16
240,,,0001-2025-ODES-SMA,,00012-2025-OEFA/ODES-SAM,00044562512,20251100120,2025-I24-051837,49,28,-1,3,-1,-1,11,,,,,,2025-11-28 00:00:00,,,,,,,,,"Realizar acciones de desinsectación con una frecuencia de 01 vez cada quince días, para el control de vectores en el ADRSM Botadero Municipal”.",,,,1.0,5350.0,,5350.0,,,,,,,,,0,0,0,0,0,SISUD_VW,2026-09-04 16:34:16
241,,,0128-2022-DSEM-CHID,,00254-2025-OEFA/DSEM,00035422512,20251000083,2025-I01-047140,29,21,-1,3,-1,-1,11,,,,,,2025-10-29 00:00:00,,,,,,,,,"Almacenar y trasladar los residuos sólidos y líquidos peligrosos generados como consecuencia de las actividades de limpieza y descontaminación del área afectada por la emergencia ambiental ocurrida en la línea de 8” de la Plataforma 70X del Yacimiento Pavayacu del Lote 8, de acuerdo con las especificaciones técnicas del Decreto Supremo N.° 014-2017 MINAM, Reglamento del Decreto Legislativo N.° 1278, Decreto Legislativo que aprueba la Ley de Gestión Integral de Residuos Sólidos y sus instrumentos de gestión ambientales aplicables.",,,,36.0,5350.0,,192600.0,,,,,,,,,0,0,0,0,0,SISUD_VW,2026-09-04 16:34:16
242,,,0180-2025-DSAP-CAGR,,00004-2026-OEFA/DSAP,00002602612,20260100059,2026-I01-002086,59,18,-1,3,-1,-1,-1,,,,,,2026-01-20 00:00:00,,,,,,,,,rd 00019-2025-oefa/dsap,,,,5.0,,,,,,,,,,,,0,0,0,0,0,SISUD_VW,2026-09-04 16:34:16
243,,,0189-2021-DSEM-CMIN,,00052-2026-OEFA/DSEM,00013812612,20260300043,2026-I01-009793,60,22,-1,3,-1,-1,-1,,,,,,2026-03-18 00:00:00,,,,,,,,,"Realizar la Actualización del Estudio Hidrogeológico del Depósito de Desmonte N° 2 y zonas adyacentes, la cual deberá contar con el siguiente detalle: • Información actualizada y detallada sobre la litoestratigrafía, subdivisiones de unidades del depósito cuaternario, plano geológico – geotécnico, mapas y perfiles geológicos a escala local. • Inventario y caracterización actualizada de manantiales, bofedales y aguas superficiales.(filtraciones, quebrada Fraylones, río Yamobamba y otros flujos de agua que discurren por canales) en el ámbito del DD2. • Implementación de piezómetros que permitan caracterizar los flujos subterráneos de dirección SO a NE proveniente del DD2. • Identificar flujos subsuperficiales provenientes del depósito de desmonte DD2 hacia el bofedal mediante métodos geoeléctricos (Tomografía) y otros métodos que el administrado considere conveniente. • Elaborar el modelo numérico con la data actualizada. La actualización del estudio ",,,,50.0,,,,,,,,,,,,0,0,0,0,0,SISUD_VW,2026-09-04 16:34:16
244,,,0001-2026-ODES-LAM,,00005-2026-OEFA/ODES-LAM,00013822612,20260300045,2025-I12-039293,41,26,-1,3,-1,-1,-1,,,,,,2026-03-18 00:00:00,,,,,,,,,"Medida Preventiva N° 1 La MD Pomalca no habilitó un frente de trabajo en el sector especifico definido mediante Oficio N° 0049-2025-MDP/A, para la disposición de los residuos sólidos producto de la recolección.",,,,2.0,,,,,,,,,,,,0,0,0,0,0,SISUD_VW,2026-09-04 16:34:16
245,,,0001-2026-ODES-LAM,,00005-2026-OEFA/ODES-LAM,00013842612,20260300045,2025-I12-039293,41,26,-1,3,-1,-1,-1,,,,,,2026-03-18 00:00:00,,,,,,,,,Medida Preventiva N° 4 La MD Pomalca no clausuró y/o obstaculizó las vías de acceso secundarias al ADRSM (mediante colocación de diques y/o desconfiguración de vías).,,,,2.0,,,,,,,,,,,,0,0,0,0,0,SISUD_VW,2026-09-04 16:34:16
246,,,0116-2021-DSIS-CRES,,00038-2022-OEFA/DSIS,00000052212,20260100100,2022-I01-033327,38,23,-1,3,-1,-1,8,,,,,,2022-09-09 00:00:00,,,,,,,,,"El administrado no cumplió con realizar la compactación y cobertura diaria de los residuos sólidos dispuestos en la Celda N° 3, conforme lo ordenado en la medida preventiva N 4, de la resolución N° 008-2022-OEFA/DSIS.",,,,5.0,4600.0,,23000.0,,,,,,,,,0,0,0,0,0,SISUD_VW,2026-09-04 16:34:16
247,,,0116-2021-DSIS-CRES,,00038-2022-OEFA/DSIS,00000112212,20260100100,2022-I01-033327,38,23,-1,3,-1,-1,8,,,,,,2022-09-09 00:00:00,,,,,,,,,"El administrado no cumplió con realizar la implementación de drenes pluviales para la captación y conducción de aguas pluviales, conforme lo ordenado en la medida preventiva N° 11, de la resolución N° 008-2022-OEFA/DSIS.",,,,5.0,4600.0,,23000.0,,,,,,,,,0,0,0,0,0,SISUD_VW,2026-09-04 16:34:16
248,,,0116-2021-DSIS-CRES,,00117-2024-OEFA/DSIS,00000032412,20260100102,2024-I01-038873,38,23,-1,3,-1,-1,10,,,,,,2024-10-10 00:00:00,,,,,,,,,"Medida Preventiva N° 7: Implementar un dren de captación de lixiviados al pie del talud en todo el perímetro de la primera plataforma – sobre la berma del dique contención de la celda N° 3 – con la finalidad de captar los lixiviados de las plataformas y conducirlos hacia la poza de almacenamiento de lixiviados. El canal del dren de captación de lixiviados al pie de talud deberá tener como mínimo un ancho de 0.40 m y una profundidad de 0.40 m. Además, a fin de realizar la recirculación de los lixiviados captados al pie del talud de la primera plataforma; deberá instalar un dren de conducción de lixiviados de HDPE de 4” de diámetro, desde la primera plataforma hacia la poza de almacenamiento de lixiviados. Asimismo, dicho dren de lixiviados deberá contar con una pendiente y caída necesaria para el flujo constante de los lixiviados hacia la poza de almacenamiento.",,,,10.0,5150.0,,51500.0,,,,,,,,,0,0,0,0,0,SISUD_VW,2026-09-04 16:34:16
249,,,0116-2021-DSIS-CRES,,00002-2025-OEFA/ODES-LOR,00053022512,20260100103,2025-I13-006003,38,23,-1,3,-1,-1,11,,,,,,2025-02-07 00:00:00,,,,,,,,,"Medida Preventiva N° 16 Realizar la conformación de la berma e implementación del dique de contención perimetral en las zonas sur y oeste de la celda N°3. Para ello el administrado deberá realizar: ¿ La limpieza y retiro de los residuos sólidos dispuestos sobre todo el contorno perimetral de la celda N°3. Dichos residuos deberán ser dispuestos sobre la plataforma superior de la celda N° 3. ¿ Realizar la conformación de la berma perimetral en todo el contorno perimetral de la celda N° 3. ¿ La implementación de los diques de contención perimetral, considerando una relación de talud de 2 a 1 (2:1), conforme lo estable en el EIA .",,,,10.0,5350.0,,53500.0,,,,,,,,,0,0,0,0,0,SISUD_VW,2026-09-04 16:34:16
250,,,0218-2024-DSAP-CAGR,,00009-2026-OEFA/DSAP,00012252612,20260200130,2026-I01-007313,58,18,-1,3,-1,-1,-1,,,,,,2026-02-27 00:00:00,,,,,,,,,"Realizar la limpieza y sellado de las “Pozas de Infiltración N° 1 y 2” que realizan la infiltración de los efluentes hacia el rio Santa, debiendo el administrado cumplir con lo siguiente: a) Limpieza de las Pozas Infiltración N° 01 y 02 b) Sellado con material de concreto u otro análogo de la Poza de Infiltración N° 01 (Coordenadas UTM WGS84 18L 208159E, 8973882N) y Poza de Infiltración N° 02 (Coordenadas UTM WGS84 18L 208155E, 8973892N). c) Los residuos sólidos generados en el proceso de limpieza del área impactada deberán ser dispuestos a través de una Empresa Operadora (EO-RS) autorizada",,,,1.0,,,,,,,,,,,,0,0,0,0,0,SISUD_VW,2026-09-04 16:34:16
316,,,0093-2021-DSIS-CRES,,00036-2022-OEFA/DSIS,00000312212,20260500006,2022-I01-032896,76,23,-1,3,-1,-1,8,,,,,,2022-09-07 00:00:00,,,,,,,,,"Definir un sector del ADRSM Botadero “Sarapampa” para la disposición final de residuos sólidos, en función a la cantidad de residuos que dispone diariamente",,,,10.0,4600.0,,46000.0,,,,,,,,,0,0,0,0,0,SISUD_VW,2026-09-04 16:34:16
317,,,0100-2022-DSIS-CRES,,00061-2022-OEFA/DSIS,00000382212,20260500009,2022-I01-046207,77,23,-1,3,-1,-1,8,,,,,,2022-12-14 00:00:00,,,,,,,,,"Implementar medidas de prevención, mitigación y control del riesgo de afectación a los componentes aire y suelo, y a la salud de las personas, población cercana y fauna de la zona, por la falta de nivelación de los residuos sólidos dispuestos en el 30% aproximadamente de la celda de disposición final de residuos sólidos, y la falta de operaciones de compactación y cobertura diaria de los mismos en el 90% aproximadamente de la referida celda.",,,,5.0,4600.0,,23000.0,,,,,,,,,0,0,0,0,0,SISUD_VW,2026-09-04 16:34:16
318,,,0177-2024-DSEM-CMIN,,00130-2026-OEFA/DSEM,00038102612,20260700031,2026-I01-029324,23,22,-1,3,-1,-1,-1,,,,,,2026-07-14 00:00:00,,,,,,,,,"Remediar el lecho de las quebradas Caballune y Mercedes, desde el punto de descarga de los efluentes provenientes de las bocaminas 8746 y 8740 hasta la confluencia con el rio San Antonio, de manera que la concentración de metales se reduzca hasta alcanzar niveles similares a las identificadas aguas arriba de las descargas.",,,,75.0,,,,,,,,,,,,0,0,0,0,0,SISUD_VW,2026-09-04 16:34:16
319,,,0089-2021-DSIS-CRES,,00047-2022-OEFA/DSIS,00000352212,20260500007,2022-I01-036203,75,23,-1,3,-1,-1,8,,,,,,2022-09-30 00:00:00,,,,,,,,,"Erradicar la segregación y la quema de residuos sólidos en el ADRSM “Botadero Cerro Candela”, a través de las siguientes actividades: 4.1 Expulsar a las personas que realizan la actividad de segregación en el ADRSM “Botadero Cerro Candela”. 4.2 Realizar la vigilancia diaria en el ADRSM “Botadero Cerro Candela”, a través del personal asignado, a fin de evitar el ingreso de segregadores en el ADRSM. 4.3 Implementar cerco perimétrico en las zonas potenciales de acceso al ADRSM “Botadero Cerro Candela”, prohibiendo realizar la segregación y la quema de residuos sólidos.",,,,10.0,4600.0,,46000.0,,,,,,,,,0,0,0,0,0,SISUD_VW,2026-09-04 16:34:16
320,,,0104-2022-DSIS-CRES,,00026-2024-OEFA/DSIS,00000112412,20260600017,2024-I01-012028,78,23,-1,3,-1,-1,10,,,,,,2024-04-09 00:00:00,,,,,,,,,"Realizar acciones de desinsectación y desratización con una frecuencia quincenal y mensual respectivamente, para el control de vectores en el Botadero Municipal.",,,,5.0,5150.0,,25750.0,,,,,,,,,0,0,0,0,0,SISUD_VW,2026-09-04 16:34:16
321,,,0068-2022-DSIS-CRES,,00033-2024-OEFA/DSIS,00000182412,20260600020,2024-I01-014368,79,23,-1,3,-1,-1,10,,,,,,2024-04-29 00:00:00,,,,,,,,,"El administrado no cumplió con realizar el retiro de los residuos sólidos dispuestos sobre la berma y talud externo de dique de contención perimetral de la Celda N° 1, conforme lo ordenado en la medida preventiva N° 1 de la Resolución II.",,,,5.0,5150.0,,25750.0,,,,,,,,,0,0,0,0,0,SISUD_VW,2026-09-04 16:34:16
322,,,0127-2022-DSIS-CRES,,00044-2024-OEFA/DSIS,00000222412,20260600021,2024-I01-019135,80,23,-1,3,-1,-1,10,,,,,,2024-05-31 00:00:00,,,,,,,,,"Erradicar la quema y segregación de residuos sólidos; en el ADRSM “Botadero S/N”, a través de las siguientes actividades: (i) Implementar tranquera(s) (estructura(s) sólida(s)) y caseta(s) de control o similar con la finalidad de impedir el acceso de segregadores y vehículos; y (ii) la colocación de carteles en el acceso al ADRSM “Botadero S/N”, prohibiendo realizar la segregación y la quema de residuos sólidos.",,,,5.0,5150.0,,25750.0,,,,,,,,,0,0,0,0,0,SISUD_VW,2026-09-04 16:34:16
323,,,0144-2023-DSIS-CRES,,00049-2024-OEFA/DSIS,00000322412,20260600024,2024-I01-019295,81,23,-1,3,-1,-1,10,,,,,,2024-05-31 00:00:00,,,,,,,,,"Implementar medidas de prevención, mitigación y control del riesgo de afectación al componente suelo, y a la salud de las personas, población cercana, para lo cual deberán realizar las actividades de desbroce, esparcido, compactación y cobertura (mínimo de 0.20 m de espesor) de los residuos sólidos en un área 7000 m2 del ADRSM ubicado en la coordenada UTM Zona 18L (WGS-84) 484557 mE, 9068799mN. Para lo cual deberá realizar las actividades: ii) Realizar actividades de esparcido, compactado y coberturado de los residuos sólidos en el ADRSM, siendo en los dos sectores de disposición final: Primer sector de 4000 m2 ubicado en las coordenadas UTM Zona 18L 484544mE, 9068837mN, y Segundo sector de 3000 m2 ubicado en las coordenadas UTM Zona 18L484567 mE; 9068931 mN.",,,,5.0,5150.0,,25750.0,,,,,,,,,0,0,0,0,0,SISUD_VW,2026-09-04 16:34:16
324,,,0159-2023-DSIS-CRES,,00067-2024-OEFA/DSIS,00000522412,20260600031,2024-I01-027673,45,23,-1,3,-1,-1,10,,,,,,2024-07-31 00:00:00,,,,,,,,,"Realizar las operaciones de esparcido y compactación de los residuos sólidos que son descargados en el sector o sectores definidos del ADRS, con material de cobertura con una frecuencia mínima de dos (2) veces a la semana.",,,,5.0,5150.0,,25750.0,,,,,,,,,0,0,0,0,0,SISUD_VW,2026-09-04 16:34:16
325,,,0013-2023-DSIS-CRES,,00097-2024-OEFA/DSIS,00000652412,20260600033,2024-I01-036594,72,23,-1,3,-1,-1,10,,,,,,2024-09-25 00:00:00,,,,,,,,,"Obligación 4.2 de la medida preventiva N° 4 Implementar un dren de captación de lixiviados en el perímetro de la Celda N° 15 ubicada en las coordenadas UTM datum WGS-84 zona 18 L 8767034mE 460269mN, para lo cual debe efectuar las siguientes actividades: (…). ii) Implementar el dren de captación de lixiviados ubicado en todo el perímetro de la celda N° 15 al pie del talud de la terraza con las características descritas en el ítem anterior, de la misma forma, implementar la línea de conducción de lixiviados, cajas y válvulas de control, considerando la memoria descriptiva y planos del diseño.",,,,5.0,5150.0,,25750.0,,,,,,,,,0,0,0,0,0,SISUD_VW,2026-09-04 16:34:16
326,,,0013-2023-DSIS-CRES,,00097-2024-OEFA/DSIS,00000782412,20260600033,2024-I01-036594,72,23,-1,3,-1,-1,10,,,,,,2024-09-25 00:00:00,,,,,,,,,"Obligación 9.3 de la medida preventiva N° 9 Realizar el mantenimiento de las pozas de lixiviados N° 2, N° 3 y N° 6 ubicadas en las coordenadas UTM (WGS-84) zona 18L 460493mE 8767363mN; 460405mE 8767342mN; 460442mE 8767129mN, las cuales se encuentran en mal estado, para ello debe realizar las siguientes actividades: (…). iii) Poza N° 6: Refacción de la estructura metálica del techo, colocar las micas o fibras de protección, pintado de la estructura de protección de metal para evitar la corrosión",,,,5.0,5150.0,,25750.0,,,,,,,,,0,0,0,0,0,SISUD_VW,2026-09-04 16:34:16
347,,,0081-2021-DSIS-CRES,,00028-2023-OEFA/DSIS,00000112312,20260500026,2023-I01-011261,84,23,-1,3,-1,-1,9,,,,,,2023-03-31 00:00:00,,,,,,,,,"Implementar la cobertura final de la celda N° 1 de disposición final ubicada en coordenadas UTM Zona 18L Datums (WGS-84) 368819mE, 8882600mN, conforme al diseño establecido en la DIA, de acuerdo al siguiente orden y detalle: 1. Una capa de cobertura final, compuesta de 0,40 m. de material de cobertura (material del lugar 50 %, arcilla 50 %) compactado, la cual estará conformada por dos (02) sub-capas de 0.2 m cada una. 2. Una capa para drenaje de gases de 0.15 m de espesor y compuesta por material granular (arena - hormigón). 3. Una capa de drenaje para aguas de percolación, ubicada sobre la barrera impermeable sintética, esta capa se desarrollará con material gravoso del lugar con un espesor de 0.15 m. 4. Una capa arable, de 0.50m de espesor, compuesta de tierra agrícola (40 %), grava mediana (10%) y compost (50 %), la capa no será compactada por medio manual ni mecánico, finalmente, sobre esta capa se podrá ejecutar actividades de revegetación.",,,,5.0,4950.0,,24750.0,,,,,,,,,0,0,0,0,0,SISUD_VW,2026-09-04 16:34:16
348,,,0024-2022-DSIS-CRES,,00043-2023-OEFA/DSIS,00000172312,20260500032,2023-I01-018401,21,23,-1,3,-1,-1,9,,,,,,2023-05-31 00:00:00,,,,,,,,,"Realizar la nivelación, compactación y cobertura de los residuos sólidos acumulados en las trincheras N° 1, 2, 3, 4, 5, 6, 9 y 10 con capas de material de la zona de un espesor no menor de 0.20 m.",,,,5.0,4950.0,,24750.0,,,,,,,,,0,0,0,0,0,SISUD_VW,2026-09-04 16:34:16
349,,,0024-2022-DSIS-CRES,,00043-2023-OEFA/DSIS,00000202312,20260500032,2023-I01-018401,21,23,-1,3,-1,-1,9,,,,,,2023-05-31 00:00:00,,,,,,,,,"Respecto a la zona ubicada en las coordenadas UTM WGS84 18 M 326630 E, 9225056N, donde ser realizó la disposición final de residuos de establecimientos de atención de salud; efectuar las siguientes acciones: 1. Realizar recolección, limpieza, transporte y disposición final de los residuos sólidos de establecimientos de atención de salud, hacia una infraestructura de residuos sólidos autorizada que cuente con una celda de seguridad para este tipo de residuos. 2. Posteriormente, realizar el retiro y disposición final en las trincheras del relleno sanitario del suelo que estuvo en contacto con los residuos sólidos de establecimientos de atención de salud. 3. Finalmente, realizar el relleno y compactación con material de la zona del área donde se efectuó la disposición final de los residuos sólidos de establecimientos de atención de salud",,,,15.0,4950.0,,74250.0,,,,,,,,,0,0,0,0,0,SISUD_VW,2026-09-04 16:34:16
350,,,0084-2022-DSIS-CRES,,00059-2023-OEFA/DSIS,00000232312,20260500033,2023-I01-025069,30,23,-1,3,-1,-1,9,,,,,,2023-07-12 00:00:00,,,,,,,,,"Realizar acciones de limpieza y descontaminación de las zonas impactadas por la acumulación e infiltración de lixiviados, según el siguiente detalle: - Zona 1 (coordenadas UTM 780907E 8985173N): ubicada en toda la extensión de la zona norte de la celda transitoria. - Zona 2 (coordenadas UTM 780938E 8985200N): ubicada dentro de la poza de almacenamiento de lixiviado.",,,,5.0,4950.0,,24750.0,,,,,,,,,0,0,0,0,0,SISUD_VW,2026-09-04 16:34:16
351,,,0031-2022-DSIS-CRES,,00062-2023-OEFA/DSIS,00000272312,20260500034,2023-I01-025584,88,23,-1,3,-1,-1,9,,,,,,2023-07-14 00:00:00,,,,,,,,,"Implementar y poner en funcionamiento la poza N° 9 para el almacenamiento de lixiviados. Asimismo, realizar el trasvase de los lixiviados del buzón ubicado en coordenadas WGS 84 E822986 N8499572 hacia la poza N° 9.",,,,5.0,4950.0,,24750.0,,,,,,,,,0,0,0,0,0,SISUD_VW,2026-09-04 16:34:16
352,,,0076-2025-ODES-JUN,,00004-2026-OEFA/ODES-JUN,00027012612,20260500098,2025-I10-052281,89,25,-1,3,-1,-1,-1,,,,,,2026-05-25 00:00:00,,,,,,,,,"Implementar medidas de estabilización y manejo de taludes en la plataforma de disposición final de residuos sólidos municipales, lo cual incluya las siguientes actividades: (i) Elaboración de un informe y/o expediente técnico de estabilización y manejo de taludes que incluya: (i) la evaluación integral de las condiciones de estabilidad del talud, tomando en cuenta la mecánica de suelos, geodinámica del área, compactación de residuos, flujos de agua (lixiviados, lluvia), geometría del talud, topografía del entorno y demás aspectos que correspondan; (ii) la selección del método de estabilización y manejo de taludes, en función a la identificación de peligros, incluyendo la evaluación del sistema de drenaje de lixiviados y aguas pluviales; (iii) el sistema de drenaje y recirculación de lixiviados y aguas pluviales; (iv) método de control contra la erosión; y, (v) cronograma de las acciones de estabilización y manejo de taludes que incluya esparcido, nivelado, compa",,,,1.0,,,,,,,,,,,,0,0,0,0,0,SISUD_VW,2026-09-04 16:34:16
353,,,0104-2022-DSIS-CRES,,00026-2024-OEFA/DSIS,00000092412,20260600017,2024-I01-012028,78,23,-1,3,-1,-1,10,,,,,,2024-04-09 00:00:00,,,,,,,,,"Definir y señalizar – mediante hitos o estacas u otro dispositivo similar – un sector o sectores del ADRSM “Botadero Municipal” para la disposición final de residuos sólidos, en función a la cantidad de residuos que dispone diariamente.",,,,5.0,5150.0,,25750.0,,,,,,,,,0,0,0,0,0,SISUD_VW,2026-09-04 16:34:16
354,,,0068-2022-DSIS-CRES,,00033-2024-OEFA/DSIS,00000172412,20260600020,2024-I01-014368,79,23,-1,3,-1,-1,10,,,,,,2024-04-29 00:00:00,,,,,,,,,"El administrado no cumplió con realizar la instalación de 22 chimeneas para la salida y evacuación de los gases generados en la celda de disposición final, conforme lo ordenado por la medida preventiva N° 11 de la Resolución I.",,,,5.0,5150.0,,25750.0,,,,,,,,,0,0,0,0,0,SISUD_VW,2026-09-04 16:34:16
355,,,0156-2023-DSIS-CRES,,00064-2024-OEFA/DSIS,00000402412,20260600028,2024-I01-027609,71,23,-1,3,-1,-1,10,,,,,,2024-07-30 00:00:00,,,,,,,,,"Realizar en el ADRSM “Botadero Chuvilaque”, las actividades de esparcido, nivelación, compactación y cobertura (entre 0.20 a 0.30 m de espesor) de los residuos sólidos dispuestos, con una frecuencia de dos (2) veces por semana.",,,,5.0,5150.0,,25750.0,,,,,,,,,0,0,0,0,0,SISUD_VW,2026-09-04 16:34:16
356,,,0156-2023-DSIS-CRES,,00064-2024-OEFA/DSIS,00000432412,20260600028,2024-I01-027609,71,23,-1,3,-1,-1,10,,,,,,2024-07-30 00:00:00,,,,,,,,,"Comunicar a los centros poblados y anexos de la Municipalidad Distrital de Torata que realizan la disposición final de residuos en el ADRSM “Botadero Chuvilaque”, tanto el cese de toda forma de descarga y/o disposición final de residuos sólidos municipales en el ADRSM, así como, el inicio de la operación del ADRS categorizada para Reconversión del distrito de Torata. (…) 5.2 Comunicar (mediante reunión, capacitación, charla de inducción) correspondiente al cese de toda descarga y disposición final de residuos sólidos municipales en el Botadero Chuvilaque, así como, el inicio de la operación del ADRS categorizada para Reconversión del distrito de Torata, a todo el personal (administrativo, operativo, operario, entre otros), involucrado o que participe en las acciones de recolección de residuos sólidos en cada una de las jurisdicciones de la Municipalidad Distrital de Torata (incluido centros poblados y anexos).",,,,5.0,5150.0,,25750.0,,,,,,,,,0,0,0,0,0,SISUD_VW,2026-09-04 16:34:16
327,,,0021-2022-DSIS-CRES,,00124-2024-OEFA/DSIS,00001052412,20260600048,2024-I01-039027,82,23,-1,3,-1,-1,10,,,,,,2024-10-10 00:00:00,,,,,,,,,"Medida preventiva N° 4: Implementar el manejo de lixiviados en el ADRSM ubicada en la carretera Mazan – Indiana Km 1, mediante la instalación de drenes perimetrales para la captación de lixiviado y la construcción de una poza de almacenamiento de lixiviados impermeabilizada con geomembrana, provista de una cubierta (techo) y un canal perimetral pluvial para evitar el ingreso del agua de lluvia. Los canales de los drenes perimetrales de lixiviados deberán tener un ancho de 0.40 m y una profundidad de 0.40 m con una pendiente de mínima de 2% que garantice que los lixiviados fluyan hacia la poza de almacenamiento. Cabe precisar que los drenes perimetrales de lixiviados deberán estar conectados a la poza de almacenamiento de lixiviados a través de una tubería de 4 o 6 pulgadas de diámetro. Finalmente, a fin de evitar el desborde de lixiviados de la poza de almacenamiento, se deberá considerar efectuar la recirculación periódica de los lixiviados hacia el botadero.",,,,10.0,5150.0,,51500.0,,,,,,,,,0,0,0,0,0,SISUD_VW,2026-09-04 16:34:16
328,,,0179-2023-DSIS-CRES,,00125-2024-OEFA/DSIS,00001072412,20260600049,2024-I01-039028,83,23,-1,3,-1,-1,10,,,,,,2024-10-10 00:00:00,,,,,,,,,"Medida Preventiva N° 4 4.1.- Realizar en el sector o sectores definidos, establecidos por la Municipalidad Distrital de Querecotillo en el ADRSM “Botadero Municipal”, las actividades de esparcido, nivelación, compactación y cobertura (entre 0.20 a 0.30 m de espesor) de los residuos sólidos dispuestos, con una frecuencia de dos (02) veces por semana.",,,,5.0,5150.0,,25750.0,,,,,,,,,0,0,0,0,0,SISUD_VW,2026-09-04 16:34:16
329,,,0222-2024-DSEM-CHID,,00142-2026-OEFA/DSEM,00043482612,20260800006,2026-I01-032696,8,21,-1,3,-1,-1,-1,,,,,,2026-08-05 00:00:00,,,,,,,,,"Petroperú incumplió la medida preventiva N.° 1 dictada mediante la Resolución N.° 00092-2024-OEFA/DSEM del 26 de marzo de 2024, bajo el Expediente N.° 0196-2022-DSEM-CHID; toda vez que no realizó la limpieza de las áreas que fueron afectadas por el derrame del petróleo crudo, que comprenden las aguas y ambas riberas del canal de flotación (8900 m lineales aproximadamente) y el río Nukuray (8000 m lineales aproximadamente), producto de la emergencia ambiental ocurrida a la altura del km 104+910 del Tramo I del ONP; así como, de las áreas que puedan ser afectadas por la posible migración del hidrocarburo.",,,,34.0,,,,,,,,,,,,0,0,0,0,0,SISUD_VW,2026-09-04 16:34:16
330,,,0081-2021-DSIS-CRES,,00028-2023-OEFA/DSIS,00000102312,20260500026,2023-I01-011261,84,23,-1,3,-1,-1,9,,,,,,2023-03-31 00:00:00,,,,,,,,,"Implementar medidas de remediación y manejo de taludes en la celda N° 1 de disposición final ubicada en coordenadas UTM Zona 18L Datums (WGS-84) 368819mE, 8882600mN, conforme al siguiente detalle: ¿ Elaboración del expediente técnico de remediación y estabilización de taludes que incluya: (i) la evaluación de las condiciones de estabilidad del talud, tomando en cuenta la mecánica de suelos, geodinámica del área de compactación de residuos, flujos de agua (lixiviados, lluvia), geometría del talud, topografía del entorno y otros aspectos que correspondan; (ii) selección del método de estabilización y remediación de taludes, de acuerdo a la identificación de peligros de la zona; (iii) sistema de drenaje y recirculación de lixiviados iv) sistema de manejo de aguas pluviales, incluyendo el diseño del canal pluvial perimétrico a la Celda N° 1; (v) método de control contra la erosión, ¿ Implementación de las acciones de estabilización y remediación de taludes de ",,,,5.0,4950.0,,24750.0,,,,,,,,,0,0,0,0,0,SISUD_VW,2026-09-04 16:34:16
331,,,0067-2022-DSIS-CRES,,00033-2023-OEFA/DSIS,00000152312,20260500028,2023-I01-015664,85,23,-1,3,-1,-1,9,,,,,,2023-05-08 00:00:00,,,,,,,,,"Desarrollar trabajos de compactación y cobertura de los residuos sólidos presentes en el ADRS “Botadero Pampas de Reque” Las acciones de nivelación, compactación y cobertura de los residuos sólidos presentes en el ADRS Botadero Pampas de Reque, serán ejecutados gradualmente, conforme al “Cronograma de Implementación”, el cual aprobará esta Dirección. Resolución N° 0065-2022-OEFA/DSIS, del 28 de diciembre de 2022. Se aprobó el Cuadro N° 2, correspondiente al Cronograma de Actividades a desarrollarse en las Zonas 1 y 2, del ADRS Botadero Pampas de Reque; referente a la realización de acciones de nivelación, compactación y cobertura de los residuos sólidos presentes.",,,,5.0,4950.0,,24750.0,,,,,,,,,0,0,0,0,0,SISUD_VW,2026-09-04 16:34:16
332,,,0091-2022-DSIS-CRES,,00041-2023-OEFA/DSIS,00000412312,20260500054,2023-I01-017262,70,23,-1,3,-1,-1,9,,,,,,2023-05-19 00:00:00,,,,,,,,,"Realizar acciones de desinsectación y desratización con una frecuencia quincenal y mensual respectivamente, para el control de vectores en el ADRSM Quebrada Cementerio N° 01.",,,,10.0,4950.0,,49500.0,,,,,,,,,0,0,0,0,0,SISUD_VW,2026-09-04 16:34:16
333,,,0091-2022-DSIS-CRES,,00041-2023-OEFA/DSIS,00000422312,20260500054,2023-I01-017262,70,23,-1,3,-1,-1,9,,,,,,2023-05-19 00:00:00,,,,,,,,,"4 Erradicar: i) la segregación de residuos sólidos; ii) la quema de residuos sólidos; y, iii) la crianza de animales, en el ADRSM “Botadero Quebrada Cementerio N° 01”, a través de las siguientes actividades: 4.1 Expulsar a las personas que realizan la actividad de segregación en el ADRSM “Botadero Quebrada Cementerio N° 01”.",,,,10.0,4950.0,,49500.0,,,,,,,,,0,0,0,0,0,SISUD_VW,2026-09-04 16:34:16
334,,,0034-2023-DSIS-CRES,,00038-2024-OEFA/DSIS,00001182412,20260600060,2024-I01-015298,86,23,-1,3,-1,-1,10,,,,,,2024-05-03 00:00:00,,,,,,,,,"Realizar acciones de esparcido, nivelación, compactación y cobertura de los residuos sólidos que ingresan al área previamente delimitada en la medida N° 1 de la presente resolución, con una frecuencia mínima de 2 veces por semana. La cobertura de los residuos sólidos deberá realizarse con material adecuado de un espesor no menor a 0.20 m.",,,,5.0,5150.0,,25750.0,,,,,,,,,0,0,0,0,0,SISUD_VW,2026-09-04 16:34:16
335,,,0110-2022-DSIS-CRES,,00065-2023-OEFA/DSIS,00000302312,20260500043,2023-I01-026567,74,23,-1,3,-1,-1,9,,,,,,2023-07-21 00:00:00,,,,,,,,,Realizar la vigilancia diaria durante las veinticuatro (24) horas en dos turnos en el Relleno Sanitario y en el ADRSM Botadero Alto Intiorko (garantizando el control y evitando el ingreso de segregadores).,,,,5.0,4950.0,,24750.0,,,,,,,,,0,0,0,0,0,SISUD_VW,2026-09-04 16:34:16
336,,,0127-2022-DSIS-CRES,,00044-2024-OEFA/DSIS,00000212412,20260600021,2024-I01-019135,80,23,-1,3,-1,-1,10,,,,,,2024-05-31 00:00:00,,,,,,,,,"Erradicar la quema y segregación de residuos sólidos; en el ADRSM “Botadero S/N”, a través de las siguientes actividades: Realizar la vigilancia diaria en el ADRSM “Botadero S/N”, a través del personal asignado, a fin de evitar el ingreso de segregadores en el ADRSM.",,,,5.0,5150.0,,25750.0,,,,,,,,,0,0,0,0,0,SISUD_VW,2026-09-04 16:34:16
337,,,0024-2022-DSIS-CRES,,00051-2024-OEFA/DSIS,00000332412,20260600026,2024-I01-019284,21,23,-1,3,-1,-1,10,,,,,,2024-05-31 00:00:00,,,,,,,,,"Implementar las operaciones de nivelación, compactación y cobertura diaria de los residuos sólidos en el frente de trabajo de las trincheras con capas de material de la zona de un espesor no menor de 0.20 m que permita su correcto confinamiento. Cabe señalar que dichas operaciones deberán efectuarse en cada frente de trabajo que se implemente para realizar el confinamiento de los residuos sólidos en las trincheras.",,,,10.0,5150.0,,51500.0,,,,,,,,,0,0,0,0,0,SISUD_VW,2026-09-04 16:34:16
338,,,0095-2024-DSIS-CRES,,00070-2024-OEFA/DSIS,00000452412,20260600029,2024-I01-027752,75,23,-1,3,-1,-1,10,,,,,,2024-07-31 00:00:00,,,,,,,,,"Presentar un “Plan de Trabajo para el Manejo de los Residuos Sólidos Municipales en el ADRSM Botadero Cerro Candela”, a fin de hacer sostenible las actividades de esparcido, nivelación, compactación, cobertura, control de vectores y segregación de residuos sólidos en el ADRSM.",,,,5.0,5150.0,,25750.0,,,,,,,,,0,0,0,0,0,SISUD_VW,2026-09-04 16:34:16
339,,,0095-2024-DSIS-CRES,,00070-2024-OEFA/DSIS,00000482412,20260600029,2024-I01-027752,75,23,-1,3,-1,-1,10,,,,,,2024-07-31 00:00:00,,,,,,,,,"Realizar acciones de desinsectación y desratización con una frecuencia quincenal y mensual, respectivamente, para el control de vectores en el ADRSM “Botadero Cerro Candela”, efectuando las siguientes actividades (…)",,,,5.0,5150.0,,25750.0,,,,,,,,,0,0,0,0,0,SISUD_VW,2026-09-04 16:34:16
340,,,0013-2023-DSIS-CRES,,00097-2024-OEFA/DSIS,00000592412,20260600033,2024-I01-036594,72,23,-1,3,-1,-1,10,,,,,,2024-09-25 00:00:00,,,,,,,,,"Obligación 2.2 de la medida preventiva N° 2 Implementar medidas de mitigación y control del riesgo de la afectación a los componentes suelo y agua debido al escurrimiento, infiltración y percolación de lixiviados, para lo cual debe realizar los siguientes requisitos: ii) Ejecutar las operaciones de recirculación de lixiviados en las pozas de almacenamiento N° 2, N° 3, N° 5, N° 6 y N° 7 en la frecuencia prevista en la memoria de cálculo y manteniendo los 0.20 m del borde libre de la capacidad de las pozas.",,,,5.0,5150.0,,25750.0,,,,,,,,,0,0,0,0,0,SISUD_VW,2026-09-04 16:34:16
341,,,0013-2023-DSIS-CRES,,00097-2024-OEFA/DSIS,00000752412,20260600033,2024-I01-036594,72,23,-1,3,-1,-1,10,,,,,,2024-09-25 00:00:00,,,,,,,,,"Obligación 8.1 de la medida preventiva N° 8 Implementar medidas de prevención mitigación del riesgo de afectación del suelo por la infiltración continua de lixiviado acumulados en las Coordenadas UTM datum WGS-84 zona 18L 460276mE, 8767072mN, para lo cual debe efectuar las siguientes actividades: i) Realizar la succión de la mezcla de lixiviado y agua pluvial acumulados sobre el suelo, en las coordenadas indicada, y disponerlos sobre las celdas impermeabilizadas de residuos sólidos no peligrosos. (…)",,,,5.0,5150.0,,25750.0,,,,,,,,,0,0,0,0,0,SISUD_VW,2026-09-04 16:34:16
342,,,0084-2022-DSIS-CRES,,00099-2024-OEFA/DSIS,00000832412,20260600038,2024-I01-037251,30,23,-1,3,-1,-1,10,,,,,,2024-09-27 00:00:00,,,,,,,,,"Medida preventiva N° 4 Realizar el mantenimiento y/o reparación y/o reforzamiento del cerco perimétrico, cerrando las vías de acceso alternas (tres zonas identificadas, cuyas coordenadas son UTM 17L 781043E 8985062N, 780975E 8985218N y781070E 8984974N), manteniendo un solo acceso principal (cuya coordenada es 17L 780894E 8984839N), con la finalidad de evitar el ingreso de personas y/o vehículos no autorizados.",,,,10.0,5150.0,,51500.0,,,,,,,,,0,0,0,0,0,SISUD_VW,2026-09-04 16:34:16
343,,,0084-2022-DSIS-CRES,,00099-2024-OEFA/DSIS,00000852412,20260600038,2024-I01-037251,30,23,-1,3,-1,-1,10,,,,,,2024-09-27 00:00:00,,,,,,,,,"Medida preventiva N° 11 Realizar el esparcido, nivelación, compactación y cobertura de los residuos sólidos dispuestos sobre un área aproximada de 8500m2 al interior de la celda transitoria del Santa ubicado en la zona norte, noreste, noroeste y suroeste de la celda de disposición final, asegurándose la permanencia y operatividad de los drenes de evacuación de gases La cobertura de los residuos sólidos debe realizarse con capas de material adecuado (material de cobertura) de mínimo 0.20 m de espesor.",,,,10.0,5150.0,,51500.0,,,,,,,,,0,0,0,0,0,SISUD_VW,2026-09-04 16:34:16
344,,,0258-2023-DSEM-CHID,,00079-2026-OEFA/DSEM,00021372612,20260400085,2026-I01-015749,87,21,-1,3,-1,-1,-1,,,,,,2026-04-22 00:00:00,,,,,,,,,"Almacenar y trasladar la totalidad de los residuos peligrosos y no peligrosos, desde los almacenes primarios y/o intermedios hacia el almacenamiento central, generados como consecuencia de las actividades de limpieza y descontaminación de las áreas A1 y A2, así como de la limpieza de las áreas y componentes ambientales que resulten afectados por la migración del hidrocarburo, todo ello de conformidad con lo establecido en el Decreto Legislativo N° 1278, que aprueba la Ley de Gestión Integral de Residuos Sólidos, y el Reglamento del Decreto Legislativo N° 1278, aprobado por Decreto Supremo N° 014-2017-MINAM.",,,,20.0,,,,,,,,,,,,0,0,0,0,0,SISUD_VW,2026-09-04 16:34:16
345,,,0095-2024-DSIS-CRES,,00145-2024-OEFA/DSIS,00001142412,20260600055,2024-I01-050417,75,23,-1,3,-1,-1,10,,,,,,2024-12-27 00:00:00,,,,,,,,,"Medida preventiva N° 3 El administrado no viene realizando en el sector definido las actividades de esparcido, nivelado, compactación y cobertura (entre 0.20 a 0.30 m de espesor) de los residuos sólidos dispuestos en el ADRS Botadero Cerro Candela, con una frecuencia de tres (3) veces por semana, observándose durante el primer día de la acción de supervisión, maquinaria pesada del administrado realizando actividades de esparcido en el sector definido para la disposición de residuos sólidos de la unidad fiscalizable; no obstante, durante el segundo día de la acción de supervisión, se observó que el administrado realizó únicamente trabajos de esparcido en el sector definido, sin embargo, no se advierten trabajos de cobertura.",,,,10.0,5150.0,,51500.0,,,,,,,,,0,0,0,0,0,SISUD_VW,2026-09-04 16:34:16
346,,,0258-2023-DSEM-CHID,,00079-2026-OEFA/DSEM,00021382612,20260400085,2026-I01-015749,87,21,-1,3,-1,-1,-1,,,,,,2026-04-22 00:00:00,,,,,,,,,"Realizar el transporte y disposición final, en una infraestructura de disposición final , de los residuos sólidos peligrosos generados como consecuencia de las actividades de la limpieza y descontaminación del suelo de las áreas A1 y A2, ubicadas en la Batería PTS del Lote Z-2B, así como de la limpieza de las áreas y componentes ambientales que resulten afectados por la migración del hidrocarburo, de acuerdo con las especificaciones técnicas del Decreto Supremo N° 014-2017-MINAM, Reglamento del Decreto Legislativo N° 1278, Decreto Legislativo que aprueba la Ley de Gestión Integral de Residuos Sólidos y sus instrumentos de gestión ambientales aplicables.",,,,20.0,,,,,,,,,,,,0,0,0,0,0,SISUD_VW,2026-09-04 16:34:16
264,,,0056-2025-DSEM-CELE,,00223-2025-OEFA/DSEM,00028322512,20250900082,2025-I01-042112,13,20,-1,3,-1,-1,11,,,,,,2025-09-24 00:00:00,,,,,,,,,"El administrado no cumplió con realizar la disposición final de todos los residuos sólidos peligrosos generados (suelo contaminado), como consecuencia del derrame de los residuos líquidos oleosos, a través de una Empresa Operadora de Residuos Sólidos registrada en el MINAM, incumpliendo así lo establecido en la medida administrativa ordenada en el Acta de Supervisión suscrita el 17 de marzo de 2025.",,,,8.0,5350.0,,42800.0,,,,,,,,,0,0,0,0,0,SISUD_VW,2026-09-04 16:34:16
265,,,0003-2025-DSEM-CMIN,,00240-2025-OEFA/DSEM,00032542512,20251000013,2025-I01-044221,6,22,-1,3,-1,-1,11,,,,,,2025-10-07 00:00:00,,,,,,,,,"Paralizar la fuga de agua de contacto denominada ESP-ARI-3A procedente de la tubería corrugada ubicada en UTM WGS 84 Zona 19K: 372050 E, 8168154 N.",,,,64.0,5350.0,,342400.0,,,,,,,,,0,0,0,0,0,SISUD_VW,2026-09-04 16:34:16
266,,,0141-2023-DSEM-CHID,,00054-2026-OEFA/DSEM,00014402612,20260300059,2026-I01-010399,29,21,-1,3,-1,-1,-1,,,,,,2026-03-23 00:00:00,,,,,,,,,"Limpiar el área afectada (744 m2 de suelo y 2560 m de agua), donde se verificó la afectación de los componentes ambientales suelos, vegetación y sedimento; así como, las áreas y componentes ambientales que sigan siendo afectadas por la migración del contaminante, como consecuencia de la emergencia ambiental ocurrida por el derrame de hidrocarburos en el niple de 2” soldado a la línea de gas de forros de 3” de los pozos PAVA-34XC y PAVA-1113D del yacimiento Pavayacu del Lote 8.",,,,64.0,,,,,,,,,,,,0,0,0,0,0,SISUD_VW,2026-09-04 16:34:16
267,,,0141-2023-DSEM-CHID,,00054-2026-OEFA/DSEM,00014422612,20260300059,2026-I01-010399,29,21,-1,3,-1,-1,-1,,,,,,2026-03-23 00:00:00,,,,,,,,,"Realizar el transporte y la disposición final de los residuos sólidos y líquidos peligrosos generados como consecuencia de las actividades de limpieza del área afectada por la emergencia ambiental (744 m2 de suelo y 2560 m de agua), así como de las áreas y componentes ambientales que resulten afectados por la migración del contaminante, de acuerdo con las especificaciones técnicas del Decreto Supremo N° 014-2017-MINAM, Reglamento del Decreto Legislativo N° 1278, Decreto Legislativo que aprueba la Ley de Gestión Integral de Residuos Sólidos y sus instrumentos de gestión ambientales aplicables.",,,,64.0,,,,,,,,,,,,0,0,0,0,0,SISUD_VW,2026-09-04 16:34:16
268,,,0062-2023-DSEM-CHID,,00241-2025-OEFA/DSEM,00032842512,20251000018,2025-I01-044449,8,21,-1,3,-1,-1,11,,,,,,2025-10-09 00:00:00,,,,,,,,,"Realizar el transporte, así como la valorización y/o disposición final de los residuos sólidos generados como consecuencia de las actividades de recuperación y limpieza del área afectada por el derrame ocurrido en el km 51+798, de conformidad con el Decreto Legislativo Nº 1278, Decreto Legislativo que aprueba la Ley de Gestión Integral de Residuos Sólidos, y el Reglamento del Decreto Legislativo Nº 1278, aprobado por Decreto Supremo Nº 014-2017-MINAM.",,,,1.0,5350.0,,5350.0,,,,,,,,,0,0,0,0,0,SISUD_VW,2026-09-04 16:34:16
269,,,0008-2024-DSEM-CMIN,,00258-2025-OEFA/DSEM,00038012512,20251100001,2025-I01-047912,-1,22,-1,3,-1,-1,11,,,,,,2025-11-03 00:00:00,,,,,,,,,"Retirar el material almacenado en el Botadero de Desmonte implementado sin certificación ambiental, ubicado en coordenada UTM WGS 84 376024E, 8717698N, y disponer dicho material en un área ambientalmente segura, en concordancia con los instrumentos de gestión ambiental aprobados para la U.F. Austria Duvaz.",,,,32.0,5350.0,,171200.0,,,,,,,,,0,0,0,0,0,SISUD_VW,2026-09-04 16:34:16
270,,,0078-2025-DSEM-CMIN,,00234-2025-OEFA/DSEM,00032262512,20251000007,2025-I01-043759,6,22,-1,3,-1,-1,11,,,,,,2025-10-03 00:00:00,,,,,,,,,"Captar el agua de contacto del depósito de desmonte (ESP-ARI-6, ESP-ARI-7, ESP-ARI-8 y ESP-ARI-5) y derivarla a la planta de tratamiento STAA Wetland Sur, a fin de que cumplan con los LMP 2010 previo a su descarga a la quebrada Apostoloni. La captación se deberá realizar de tal modo, que no exista agua de contacto ingresando hacia el canal de agua de no contacto de dicho componente, a fin de que no se afecte la quebrada Apostoloni, la flora y fauna cercanas ni la salud de las personas.",,,,22.0,5350.0,,117700.0,,,,,,,,,0,0,0,0,0,SISUD_VW,2026-09-04 16:34:16
271,,,0080-2024-DSEM-CHID,,00243-2025-OEFA/DSEM,00033342512,20251000028,2025-I01-044982,8,21,-1,3,-1,-1,11,,,,,,2025-10-13 00:00:00,,,,,,,,,"Realizar el transporte y la disposición final de los residuos sólidos peligrosos y no peligrosos, generados como consecuencia de las actividades de limpieza de las áreas afectadas, de acuerdo con las especificaciones técnicas contenidas en el Decreto Legislativo Nº 1278, Decreto Legislativo que aprueba la Ley de Gestión Integral de Residuos Sólidos, y su Reglamento, aprobado por Decreto Supremo Nº 014-2017-MINAM.",,,,1.0,5350.0,,5350.0,,,,,,,,,0,0,0,0,0,SISUD_VW,2026-09-04 16:34:16
272,,,0045-2025-DSEM-CMIN,,00279-2025-OEFA/DSEM,00039822512,20251100048,2025-I01-050344,6,22,-1,3,-1,-1,11,,,,,,2025-11-18 00:00:00,,,,,,,,,"Extraer, mediante el uso de una cisterna, el agua contenida en la poza revestida con geomembrana del botadero Norte ubicada en la coordenada UTM WGS84 Zona 19K: 388520E y 8159767N; y posterior a ello, tratarla de manera externa.",,,,32.0,5350.0,,171200.0,,,,,,,,,0,0,0,0,0,SISUD_VW,2026-09-04 16:34:16
273,,,0079-2024-DSEM-CHID,,00285-2025-OEFA/DSEM,00041112512,20251100071,2025-I01-051383,8,21,-1,3,-1,-1,11,,,,,,2025-11-26 00:00:00,,,,,,,,,"Medida preventiva N° 2: Realizar la limpieza de las áreas afectadas verificadas en las tres acciones de supervisión; así como, otras áreas que han sido afectadas o puedan ser afectadas por la posible migración del hidrocarburo, producto de la emergencia ambiental ocurrida en el Km 392+710 del Tramo II del Oleoducto Norperuano.",,,,56.0,5350.0,,299600.0,,,,,,,,,0,0,0,0,0,SISUD_VW,2026-09-04 16:34:16
274,,,0184-2025-DSEM-CMIN,,00219-2025-OEFA/DSEM,00028112512,20250900074,2025-I01-041974,6,22,-1,3,-1,-1,11,,,,,,2025-09-23 00:00:00,,,,,,,,,Realizar el retiro de sólidos en seis (6) tramos del canal de derivación norte del pad 3 (ver cuadro N° 1) y reparar la geomembrana en la coordenada UTM 372393 E y 8166887 N del canal.,,,,100.0,5350.0,,535000.0,,,,,,,,,0,0,0,0,0,SISUD_VW,2026-09-04 16:34:16
275,,,0096-2023-DSIS-CRES,,00006-2025-OEFA/ODES-LAL,00024022512,20250800124,2025-I11-038386,56,23,-1,3,-1,-1,11,,,,,,2025-08-29 00:00:00,,,,,,,,,"Realizar el cese de toda forma de descarga y/o disposición final de residuos sólidos municipales en el ADRS “Botadero Sector Careaga”, por parte de la Municipalidad Distrital de Chocope",,,,1.0,5350.0,,5350.0,,,,,,,,,0,0,0,0,0,SISUD_VW,2026-09-04 16:34:16
276,,,0161-2025-DSEM-CMIN,,00203-2025-OEFA/DSEM,00024592512,20250900003,2025-I01-038610,6,22,-1,3,-1,-1,11,,,,,,2025-09-01 00:00:00,,,,,,,,,"Retirar los aproximadamente 30 metros lineales de la tubería de HDPE de 6”, ubicada en la coordenada UTM WGS 84 19: 372 584 E, 8 167 114 N, conectada a la tubería de HDPE que provendría del algún componente del STAAT y, finalmente, sellar el espacio vacío con una tapa ciega, de modo que no exista ningún medio de posibles descargas de agua de contacto con destino al medio ambiente.",,,,34.0,5350.0,,181900.0,,,,,,,,,0,0,0,0,0,SISUD_VW,2026-09-04 16:34:16
277,,,0199-2023-DSIS-CRES,,00010-2025-OEFA/ODES-LAL,00038152512,20251100005,2025-I11-048193,52,23,-1,3,-1,-1,11,,,,,,2025-11-04 00:00:00,,,,,,,,,"Realizar el esparcido, compactación y cobertura de los residuos sólidos dispuestos en el área específica del ADRS con material de la zona, con una frecuencia mínima de cobertura de una vez por semana.",,,,2.0,5350.0,,10700.0,,,,,,,,,0,0,0,0,0,SISUD_VW,2026-09-04 16:34:16
278,,,0059-2023-DSEM-CHID,,00291-2025-OEFA/DSEM,00045742512,20251200014,2025-I01-052459,29,21,-1,3,-1,-1,11,,,,,,2025-12-03 00:00:00,,,,,,,,,"Realizar la limpieza y descontaminación del área afectada por la emergencia ambiental 1 ocurrida el 15 de diciembre de 2020, la cual afecto un área de 52,6 m2 de suelo.",,,,2.0,5350.0,,10700.0,,,,,,,,,0,0,0,0,0,SISUD_VW,2026-09-04 16:34:16
279,,,0059-2023-DSEM-CHID,,00291-2025-OEFA/DSEM,00045772512,20251200014,2025-I01-052459,29,21,-1,3,-1,-1,11,,,,,,2025-12-03 00:00:00,,,,,,,,,"Realizar la disposición final de los residuos sólidos y líquidos peligrosos generados como consecuencia de las actividades de limpieza y descontaminación del área afectada por la emergencia ambiental 1 ocurrida el 15 de diciembre de 2020, de acuerdo con las especificaciones técnicas previstas en el Decreto Supremo N° 014-2017-MINAM, Reglamento del Decreto Legislativo N° 1278, Decreto Legislativo que aprueba la Ley de Gestión Integral de Residuos Sólidos.",,,,1.0,5350.0,,5350.0,,,,,,,,,0,0,0,0,0,SISUD_VW,2026-09-04 16:34:16
280,,,0057-2025-DSEM-CMIN,,00212-2025-OEFA/DSEM,00025812512,20250900026,2025-I01-040613,23,22,-1,3,-1,-1,11,,,,,,2025-09-12 00:00:00,,,,,,,,,"Captar y tratar el efluente proveniente de la bocamina ID 13782, de forma tal que dicho efluente no supere los Límites Máximos Permisibles establecidos en el Decreto Supremo Nº 010-2010-MINAM antes de ser descargado en el cuerpo receptor.",,,,32.0,5350.0,,171200.0,,,,,,,,,0,0,0,0,0,SISUD_VW,2026-09-04 16:34:16
281,,,0122-2023-DSIS-CRES,,00019-2025-OEFA/ODES-LAM,00033362512,20251000030,2025-I12-026487-1,54,23,-1,3,-1,-1,11,,,,,,2025-10-14 00:00:00,,,,,,,,,"MEDIDA PREVENTIVA n° 1 SEÑALIZAR – UTILIZANDO HITOS, ESTACAS U OTROS DISPOSITIVOS SIMILARES – UN SECTOR PARA LA DISPOSICIÓN FINAL DE LOS RESIDUOS SÓLIDOS, TENIENDO EN CUENTA UNA DISTANCIA NO MENOR DE 15 M AL EJE DEL CAUCE DE LA QUEBRADA PRIMAVERA, A FIN DE EVITAR EL DESLIZAMIENTO DE LOS RESIDUOS SÓLIDOS AL FONDO DE LA MENCIONADA QUEBRADA",,,,4.0,5350.0,,21400.0,,,,,,,,,0,0,0,0,0,SISUD_VW,2026-09-04 16:34:16
282,,,0156-2022-DSEM-CMIN,,00302-2025-OEFA/DSEM,00047622512,20251200066,2025-I01-053638,6,22,-1,3,-1,-1,11,,,,,,2025-12-12 00:00:00,,,,,,,,,"Captar y tratar el afloramiento de características acidas y metales en los puntos ESP-25 (Zona 19L: E 303133, N 8312151) y ESP-23 (Zona 19L: E 303003, N 8312058), a fin de cumplir los Estándares Nacionales de Calidad Ambiental establecidos en el D.S. N° 015-2015-MINAM.",,,,100.0,5350.0,,535000.0,,,,,,,,,0,0,0,0,0,SISUD_VW,2026-09-04 16:34:16
283,,,0057-2025-DSEM-CMIN,,00212-2025-OEFA/DSEM,00025832512,20250900026,2025-I01-040613,23,22,-1,3,-1,-1,11,,,,,,2025-09-12 00:00:00,,,,,,,,,"Captar y tratar el efluente proveniente de la bocamina ID 4886, de forma tal que dicho efluente no supere los Límites Máximos Permisibles establecidos en el Decreto Supremo Nº 010-2010-MINAM antes de ser descargado en el cuerpo receptor.",,,,32.0,5350.0,,171200.0,,,,,,,,,0,0,0,0,0,SISUD_VW,2026-09-04 16:34:16
284,,,0061-2024-ODES-UCA,,00010-2025-OEFA/ODES-UCA,00033302512,20251000026,2025-I27-045094,63,30,-1,3,-1,-1,11,,,,,,2025-10-13 00:00:00,,,,,,,,,"Medida Preventiva N° 02 Realizar la descarga, esparcido, nivelación, compactación y cobertura de los residuos sólidos que ingresan diariamente al ADRS “Botadero Sector Caserío Nuevo Huánuco, únicamente en el sector definido por la municipalidad. Las operaciones de esparcido, nivelación, compactación y cobertura de los residuos sólidos deberán realizarse al menos dos (02) veces al mes, considerando una capa de cobertura de mínimo 0.2m, de espesor.",,,,2.0,5350.0,,10700.0,,,,,,,,,0,0,0,0,0,SISUD_VW,2026-09-04 16:34:16
285,,,0165-2023-DSIS-CRES,,00007-2025-OEFA/ODES-SAM,00031062512,20250900136,2025-I24-042940,42,23,-1,3,-1,-1,11,,,,,,2025-09-30 00:00:00,,,,,,,,,Realizar la implementación de un sistema de manejo de lixiviados como drenes de lixiviados y poza de almacenamiento de lixiviados.,,,,2.0,5350.0,,10700.0,,,,,,,,,0,0,0,0,0,SISUD_VW,2026-09-04 16:34:16
286,,,0165-2023-DSIS-CRES,,00007-2025-OEFA/ODES-SAM,00031052512,20250900136,2025-I24-042940,42,23,-1,3,-1,-1,11,,,,,,2025-09-30 00:00:00,,,,,,,,,"Realizar las acciones de esparcido, nivelación, compactación y cobertura de los residuos sólidos en las áreas de plataformas del área de disposición final, con una frecuencia mínima de dos (2) veces a la semana.",,,,3.0,5350.0,,16050.0,,,,,,,,,0,0,0,0,0,SISUD_VW,2026-09-04 16:34:16
287,,,0156-2022-DSEM-CMIN,,00302-2025-OEFA/DSEM,00047642512,20251200066,2025-I01-053638,6,22,-1,3,-1,-1,11,,,,,,2025-12-12 00:00:00,,,,,,,,,"Colectar y tratar las aguas de los afloramientos ESP-12 (Zona 19L: E 300142, N 8312559), ESP-13 (Zona 19L: E 300033, N 8312887), ESP-15 (Zona 19L: E 299998, N 8312461), así como de los canales por los cuales descargan al cuerpo hídrico ESP-11 (Zona 19L: E 300003, N 8312866) y ESP-16 (Zona 19L: E 300232, N 8312136), a fin de cumplir con los Estándares Nacionales de Calidad de agua establecidos en el D.S. N° 015-2015-MINAM (medida preventiva N° 11).",,,,15.0,5350.0,,80250.0,,,,,,,,,0,0,0,0,0,SISUD_VW,2026-09-04 16:34:16
288,,,0007-2024-DSEM-CMIN,,00209-2025-OEFA/DSEM,00024612512,20250900005,2025-I01-039009,6,22,-1,3,-1,-1,11,,,,,,2025-09-03 00:00:00,,,,,,,,,Disponer temporalmente los lodos generados del Sistema de Tratamiento de Aguas Acidas del Sector Jessica dentro de un área impermeabilizada con geomembrana de 25 000 m2 en el interior del tajo Jessica y que esta a su vez cuente con un sistema de subdrenaje.,,,,100.0,5350.0,,535000.0,,,,,,,,,0,0,0,0,0,SISUD_VW,2026-09-04 16:34:16
289,,,0117-2022-DSEM-CMIN,,00303-2025-OEFA/DSEM,00048042512,20251200076,2025-I01-053620,46,22,-1,3,-1,-1,11,,,,,,2025-12-12 00:00:00,,,,,,,,,"“Paralizar de manera inmediata la descarga de los efluentes que provienen de las labores subterráneas de la zona Mañoso (efluente proveniente de la bocamina Mañoso…), zona Lolita (efluente proveniente de la bocamina Lolita…), zona Benevento (efluente proveniente de la bocamina Benevento y efluente proveniente de la poza revestida con geomembrana del sistema de tratamiento de agua de mina Benevento), zona Beatricita (efluente proveniente del sistema de tratamiento de agua de mina Beatricita y ...),…",,,,75.0,5350.0,,401250.0,,,,,,,,,0,0,0,0,0,SISUD_VW,2026-09-04 16:34:16
290,,,0002-2025-DSEM-CMIN,,00235-2025-OEFA/DSEM,00032252512,20251000006,2025-I01-043761,6,22,-1,3,-1,-1,11,,,,,,2025-10-03 00:00:00,,,,,,,,,"Redireccionar la tubería de HDPE, ubicada en la coordenada UTM WGS 84 19: 372584 E, 8167114 N (ESP-ARI-3P), hacia el canal de coronación lado sur para que el agua de contacto ingrese a la poza auxiliar intermedia del STAA Wetland Sur, a fin de que cumpla con los LMP aprobado mediante el Decreto Supremo N° 010-2010-MINAM en el punto PS-02 antes de ser descargado a la quebrada Apostoloni.",,,,100.0,5350.0,,535000.0,,,,,,,,,0,0,0,0,0,SISUD_VW,2026-09-04 16:34:16
291,,,0008-2024-DSEM-CMIN,,00258-2025-OEFA/DSEM,00038022512,20251100001,2025-I01-047912,-1,22,-1,3,-1,-1,11,,,,,,2025-11-03 00:00:00,,,,,,,,,Remediar el suelo donde se ubica el Botadero de Desmonte. Dicha actividad debe ejecutarse de acuerdo a los resultados analíticos de las muestras tomadas previo y posterior a la implementación de la medida de remediación,,,,32.0,5350.0,,171200.0,,,,,,,,,0,0,0,0,0,SISUD_VW,2026-09-04 16:34:16
292,,,0199-2023-DSIS-CRES,,00010-2025-OEFA/ODES-LAL,00038162512,20251100005,2025-I11-048193,52,23,-1,3,-1,-1,11,,,,,,2025-11-04 00:00:00,,,,,,,,,"Elaborar, aprobar y ejecutar un Plan de Vigilancia para resguardar el ADRS Botadero Zaraque e impedir toda forma de acción de quema de residuos sólidos al interior del ADRS por parte de personal directo o terceros",,,,2.0,5350.0,,10700.0,,,,,,,,,0,0,0,0,0,SISUD_VW,2026-09-04 16:34:16
293,,,0098-2022-DSIS-CRES,,00008-2025-OEFA/ODES-JUN,00038212512,20251100008,2025-I10-007939-1,51,23,-1,3,-1,-1,11,,,,,,2025-11-06 00:00:00,,,,,,,,,"Construcción de la segunda celda de disposición final de residuos sólidos municipales, conforme a su IGA, el cual incluya, entre otros, lo siguiente: (ii) Construir la segunda celda de disposición final residuos sólidos municipales, conforme al IGA y al expediente técnico antes mencionado.",,,,1.0,5350.0,,5350.0,,,,,,,,,0,0,0,0,0,SISUD_VW,2026-09-04 16:34:16
294,,,0117-2022-DSEM-CMIN,,00303-2025-OEFA/DSEM,00048062512,20251200076,2025-I01-053620,46,22,-1,3,-1,-1,11,,,,,,2025-12-12 00:00:00,,,,,,,,,"“Remediar el suelo, así como el área de bofedales por donde ha discurrido el agua de las bocaminas ubicadas en la zona Beatricita, Mañoso, Lolita, Benevento, Pampamachay y (…). Dicha actividad debe ejecutarse de acuerdo a los resultados analíticos de las muestras tomadas previo y posterior a la implementación de la medida de remediación.”",,,,50.0,5350.0,,267500.0,,,,,,,,,0,0,0,0,0,SISUD_VW,2026-09-04 16:34:16
295,,,0148-2022-DSIS-CRES,,00002-2026-OEFA/DSIS,00049222512,20251200094,2026-I01-001436,67,23,-1,3,-1,-1,-1,,,,,,2026-01-15 00:00:00,,,,,,,,,"El Administrado deberá implementar medidas de mitigación y control, para la compactación y cobertura de los residuos sólidos municipales dispuestos en el Botadero Pampa Maní; para lo cual deberá efectuar las siguientes acciones: Realizar las acciones de esparcido, compactación y cobertura de los residuos sólidos dispuestos de las zonas 1 y 2, en su totalidad, con material de cobertura del lugar. Para lo cual, la capa de cobertura deberá tener un espesor mínimo de 0.20 m de espesor.",,,,2.0,,,,,,,,,,,,0,0,0,0,0,SISUD_VW,2026-09-04 16:34:16
296,,,0092-2023-DSEM-CMIN,,00237-2025-OEFA/DSEM,00032512512,20251000012,2025-I01-044201,6,22,-1,3,-1,-1,11,,,,,,2025-10-07 00:00:00,,,,,,,,,"Retirar el lodo proveniente de sistema de tratamiento de agua ácida del tajo (Wetland sur) depositado en el interior del tajo de la unidad Florencia-Tucari. Los lodos extraídos deberán disponerse en un área ambientalmente segura, es decir, en un lugar donde no genere ninguna afectación al ambiente.",,,,4.0,5350.0,,21400.0,,,,,,,,,0,0,0,0,0,SISUD_VW,2026-09-04 16:34:16
297,,,0035-2024-DSEM-CHID,,00242-2025-OEFA/DSEM,00032572512,20251000015,2025-I01-044452,8,21,-1,3,-1,-1,11,,,,,,2025-10-09 00:00:00,,,,,,,,,"Almacenar (almacén primario) y trasladar la totalidad de los residuos sólidos y líquidos peligrosos generados hacia el almacenamiento central; así como acreditar el adecuado almacenamiento (primario y central) de los residuos sólidos y líquidos peligrosos generados como consecuencia de las actividades de limpieza de las áreas afectadas por la presente emergencia ambiental (8 m2 de suelo con vegetación), así como de la limpieza de las áreas y componentes ambientales que resulten afectados por la migración del hidrocarburo y diésel, de acuerdo con las disposiciones y especificaciones técnicas del Decreto Supremo N° 014-2017-MINAM, Reglamento del Decreto Legislativo N° 1278, Decreto Legislativo que aprueba la Ley de Gestión Integral de Residuos Sólidos y sus instrumentos de gestión ambientales aplicables.",,,,1.0,5350.0,,5350.0,,,,,,,,,0,0,0,0,0,SISUD_VW,2026-09-04 16:34:16
298,,,0035-2024-DSEM-CHID,,00242-2025-OEFA/DSEM,00032582512,20251000015,2025-I01-044452,8,21,-1,3,-1,-1,11,,,,,,2025-10-09 00:00:00,,,,,,,,,"Realizar el transporte y disposición final de los residuos sólidos y líquidos peligrosos generados como consecuencia de las actividades de limpieza de las áreas afectadas por las presentes emergencias ambientales (8 m2 de suelo con vegetación), así como de la limpieza de las áreas y componentes ambientales que resulten afectados por la migración del hidrocarburo, de acuerdo con las disposiciones y especificaciones técnicas del Decreto Supremo N° 014-2017- MINAM, Reglamento del Decreto Legislativo N° 1278, Decreto Legislativo que aprueba la Ley de Gestión Integral de Residuos Sólidos y sus instrumentos de gestión ambientales aplicables.",,,,1.0,5350.0,,5350.0,,,,,,,,,0,0,0,0,0,SISUD_VW,2026-09-04 16:34:16
299,,,0059-2023-DSEM-CHID,,00291-2025-OEFA/DSEM,00045762512,20251200014,2025-I01-052459,29,21,-1,3,-1,-1,11,,,,,,2025-12-03 00:00:00,,,,,,,,,"Realizar el almacenamiento primario, así como el traslado al almacén central de los residuos sólidos y líquidos peligrosos generados por las actividades de limpieza y descontaminación del área afectada por la emergencia ambiental 1 ocurrida el 15 de diciembre de 2020, de acuerdo con las especificaciones técnicas del Decreto Supremo N° 014-2017MINAM, Reglamento del Decreto Legislativo N° 1278, Decreto Legislativo que aprueba la Ley de Gestión Integral de Residuos Sólidos y sus instrumentos de gestión ambientales aplicables.",,,,3.0,5350.0,,16050.0,,,,,,,,,0,0,0,0,0,SISUD_VW,2026-09-04 16:34:16
300,,,0245-2023-DSEM-CHID,,00210-2025-OEFA/DSEM,00024752512,20250900008,2025-I01-039120,29,21,-1,3,-1,-1,11,,,,,,2025-09-04 00:00:00,,,,,,,,,"Realizar el transporte y disposición final de los residuos sólidos y líquidos peligrosos generados como consecuencia de las actividades de limpieza de las áreas afectadas por la presente emergencia ambiental (3663 m2 de suelo y vegetación, y 1280 m2 de agua y sedimento), así como de la limpieza de las áreas y componentes ambientales que resulten afectados por la migración del petróleo crudo, de acuerdo con las especificaciones técnicas del Decreto Supremo N.° 014-2017- MINAM, Reglamento del Decreto Legislativo N.° 1278, Decreto Legislativo que aprueba la Ley de Gestión Integral de Residuos Sólidos y sus instrumentos de gestión ambientales aplicables.",,,,3.0,5350.0,,16050.0,,,,,,,,,0,0,0,0,0,SISUD_VW,2026-09-04 16:34:16
301,,,0057-2025-DSEM-CMIN,,00212-2025-OEFA/DSEM,00025822512,20250900026,2025-I01-040613,23,22,-1,3,-1,-1,11,,,,,,2025-09-12 00:00:00,,,,,,,,,"Captar y tratar el efluente proveniente de la bocamina ID 4875, de forma tal que dicho efluente no supere los Límites Máximos Permisibles establecidos en el Decreto Supremo Nº 010-2010-MINAM antes de ser descargado en el cuerpo receptor.",,,,32.0,5350.0,,171200.0,,,,,,,,,0,0,0,0,0,SISUD_VW,2026-09-04 16:34:16
302,,,0023-2024-DSIS-CRES,,00013-2025-OEFA/ODES-ICA,00052972512,20251200181,2025-I09-047001,40,23,-1,3,-1,-1,11,,,,,,2025-12-30 00:00:00,,,,,,,,,"Obligación N°3 (O.3): “Realizar acciones de esparcido, compactación y cobertura con material de la zona, de los residuos sólidos con mayor tiempo de exposición, presentes en el área degradada. Para lo cual, la capa de cobertura deberá tener un espesor mínimo de 0.20 m de espesor.”",,,,4.0,5350.0,,21400.0,,,,,,,,,0,0,0,0,0,SISUD_VW,2026-09-04 16:34:16
303,,,0023-2024-DSIS-CRES,,00013-2025-OEFA/ODES-ICA,00052992512,20251200181,2025-I09-047001,40,23,-1,3,-1,-1,11,,,,,,2025-12-30 00:00:00,,,,,,,,,"Obligación N°6 (O.6): “Elaborar, aprobar y ejecutar un Programa de Vigilancia para resguardar el ADRS e impedir la realización de acciones de quema de residuos sólidos al interior dl ADRS “botadero Sector Caucato”. Para ello el administrado deberá realizar: 5.1 Elaborar y aprobar el Programa de Vigilancia, el cual deberá considerar las acciones de vigilancia, el resguardo con efectivos, tanto policial, de seguridad ciudadana, u otro personal que el administrado considere, por un periodo inicial de seis (6) meses. El programa de vigilancia deberá considerar, además, la implementación de un punto o área de control y/o vigilancia, en el inicio de la vía de acceso principal del ADRS. (…).” Obligación N° 7(O.7): “Elaborar, aprobar y ejecutar un Programa de Vigilancia para resguardar el ADRS e impedir la realización de acciones de quema de residuos sólidos al interior dl ADRS “botadero Sector Caucato”. Para ello el administrado debe realizar: (…) El programa ",,,,3.0,5350.0,,16050.0,,,,,,,,,0,0,0,0,0,SISUD_VW,2026-09-04 16:34:16
304,,,0056-2025-DSEM-CELE,,00223-2025-OEFA/DSEM,00028312512,20250900082,2025-I01-042112,13,20,-1,3,-1,-1,11,,,,,,2025-09-24 00:00:00,,,,,,,,,"El administrado no cumplió con identificar y efectuar la limpieza total de las áreas afectadas por el derrame de hidrocarburo en la C.T. El Estrecho, incumpliendo así lo establecido en la primera medida administrativa ordenada mediante el Acta de Supervisión suscrita el 17 de marzo de 2025.",,,,8.0,5350.0,,42800.0,,,,,,,,,0,0,0,0,0,SISUD_VW,2026-09-04 16:34:16
305,,,0098-2023-DSIS-CRES,,00001-2026-OEFA/ODES-PIU-OEN-TAL,00037522612,20260700016,2026-I32-028176,68,23,-1,3,-1,-1,-1,,,,,,2026-07-08 00:00:00,,,,,,,,,"Realizar la disposición final de residuos sólidos, únicamente, en el Sector N° 1 establecido del ADRS “Botadero Municipal”, en el cual deberán realizar las siguientes actividades: Realizar actividades de esparcido, compactación y cobertura (mínimo 0.20 m de espesor) de los residuos sólidos dispuestos por la municipalidad y acumulados, con una periodicidad de dos (2) vez por semana en el sector específico establecido en el ADRS “Botadero Municipal”.",,,,1.0,,,,,,,,,,,,0,0,0,0,0,SISUD_VW,2026-09-04 16:34:16
306,,,0098-2023-DSIS-CRES,,00001-2026-OEFA/ODES-PIU-OEN-TAL,00037542612,20260700016,2026-I32-028176,68,23,-1,3,-1,-1,-1,,,,,,2026-07-08 00:00:00,,,,,,,,,"Realizar las actividades de esparcido, compactación y cobertura (mínimo 0.20 m de espesor) de los residuos sólidos dispuestos en las zonas: ZIRS N° 9, ZIRS N° 10 y ZIRS N° 11 del interior del ADRS “Botadero Municipal”",,,,1.0,,,,,,,,,,,,0,0,0,0,0,SISUD_VW,2026-09-04 16:34:16
307,,,0087-2021-DSIS-CRES,,00044-2023-OEFA/DSIS,00000032312,20260400057,2023-I01-018402,69,23,-1,3,-1,-1,9,,,,,,2023-05-31 00:00:00,,,,,,,,,Expulsar a las personas que realizan la actividad de segregación en el ADRSM “Quebrada Cementerio N° 02”,,,,20.0,4950.0,,99000.0,,,,,,,,,0,0,0,0,0,SISUD_VW,2026-09-04 16:34:16
308,,,0091-2022-DSIS-CRES,,00027-2024-OEFA/DSIS,00000152412,20260600018,2024-I01-012452,70,23,-1,3,-1,-1,10,,,,,,2024-04-11 00:00:00,,,,,,,,,"Erradicar: i) la segregación de residuos sólidos; ii) la quema de residuos sólidos; y, iii) la crianza de animales, en el ADRSM “Botadero Quebrada Cementerio N° 01”, a través de las siguientes actividades:4.4 Expulsar a las personas que realizan la actividad de crianza de animales en el ADRSM “Botadero Quebrada Cementerio N° 01”.",,,,10.0,5150.0,,51500.0,,,,,,,,,0,0,0,0,0,SISUD_VW,2026-09-04 16:34:16
309,,,0156-2023-DSIS-CRES,,00064-2024-OEFA/DSIS,00000382412,20260600028,2024-I01-027609,71,23,-1,3,-1,-1,10,,,,,,2024-07-30 00:00:00,,,,,,,,,Elaborar y aprobar un Plan de Trabajo para asegurar que se realice la disposición final de residuos sólidos municipales en el ADRS categorizada para Reconversión del distrito de Torata.,,,,5.0,5150.0,,25750.0,,,,,,,,,0,0,0,0,0,SISUD_VW,2026-09-04 16:34:16
310,,,0156-2023-DSIS-CRES,,00064-2024-OEFA/DSIS,00000412412,20260600028,2024-I01-027609,71,23,-1,3,-1,-1,10,,,,,,2024-07-30 00:00:00,,,,,,,,,"Realizar acciones de desinsectación y desratización con una frecuencia quincenal y mensual, respectivamente, para el control de vectores en el ADRSM “Botadero Chuvilaque”.",,,,5.0,5150.0,,25750.0,,,,,,,,,0,0,0,0,0,SISUD_VW,2026-09-04 16:34:16
311,,,0013-2023-DSIS-CRES,,00097-2024-OEFA/DSIS,00000772412,20260600033,2024-I01-036594,72,23,-1,3,-1,-1,10,,,,,,2024-09-25 00:00:00,,,,,,,,,"Obligación 9.2 de la medida preventiva N° 9 Realizar el mantenimiento de las pozas de lixiviados N° 2, N° 3 y N° 6 ubicadas en las coordenadas UTM (WGS-84) zona 18L 460493mE 8767363mN; 460405mE 8767342mN; 460442mE 8767129mN, las cuales se encuentran en mal estado, para ello debe realizar las siguientes actividades: (…) ii) Poza N° 3: Realizar el retiro de malezas y reparar su tapa de concreto. (…).",,,,5.0,5150.0,,25750.0,,,,,,,,,0,0,0,0,0,SISUD_VW,2026-09-04 16:34:16
312,,,0084-2023-DSIS-CRES,,00118-2024-OEFA/DSIS,00000932412,20260600044,2024-I01-038894,73,23,-1,3,-1,-1,10,,,,,,2024-10-10 00:00:00,,,,,,,,,"Medida preventiva N° 1: Identificar una nueva área y/o infraestructura de disposición final (relleno sanitario), para la disposición final de los residuos sólidos municipales recolectados.",,,,5.0,5150.0,,25750.0,,,,,,,,,0,0,0,0,0,SISUD_VW,2026-09-04 16:34:16
313,,,0110-2022-DSIS-CRES,,00119-2024-OEFA/DSIS,00000962412,20260600045,2024-I01-038928,74,23,-1,3,-1,-1,10,,,,,,2024-10-10 00:00:00,,,,,,,,,"Obligaciones de la medida preventiva N° 1 1.1. Realizar la implementación y conexión de los drenes para captación y conducción de lixiviados de la base de la celda de disposición final y al pie del talud de la celda con la poza de almacenamiento de lixiviados, de acuerdo al PAMA aprobado.",,,,5.0,5150.0,,25750.0,,,,,,,,,0,0,0,0,0,SISUD_VW,2026-09-04 16:34:16
314,,,0110-2022-DSIS-CRES,,00119-2024-OEFA/DSIS,00000992412,20260600045,2024-I01-038928,74,23,-1,3,-1,-1,10,,,,,,2024-10-10 00:00:00,,,,,,,,,"Obligación de la medida preventiva N° 4 4.2. Elaborar y aprobar un Plan de Trabajo para garantizar la ejecución de la cobertura final de los residuos sólidos dispuestos en los sectores ubicados en las coordenadas UTM 19K 367949E y 8014565N, y UTM 19K 367889E y 8014419N.",,,,5.0,5150.0,,25750.0,,,,,,,,,0,0,0,0,0,SISUD_VW,2026-09-04 16:34:16
315,,,0095-2024-DSIS-CRES,,00145-2024-OEFA/DSIS,00001152412,20260600055,2024-I01-050417,75,23,-1,3,-1,-1,10,,,,,,2024-12-27 00:00:00,,,,,,,,,"Obligación 5.2 de la medida preventiva N° 5 El administrado no realizó acciones de cobertura final con un espesor de 50 cm para controlar las plumas de humo en la unidad fiscalizable, observándose durante el recorrido por la unidad fiscalizable, realizado los días 06 y 07 de noviembre, diferentes puntos de emanación de humo, así también se observaron puntos con combustión de residuos sólidos.",,,,10.0,5150.0,,51500.0,,,,,,,,,0,0,0,0,0,SISUD_VW,2026-09-04 16:34:16
428,,,0084-2022-DSIS-CRES,,00059-2023-OEFA/DSIS,00000242312,20260500033,2023-I01-025069,30,23,-1,3,-1,-1,9,,,,,,2023-07-12 00:00:00,,,,,,,,,"Implementar las operaciones de esparcido, compactación y cobertura de los residuos sólidos que ingresan diariamente a la celda transitoria de disposición final del Santa, asegurando la permanencia y operatividad de los drenes de evacuación de gases. La cobertura de los residuos deberá realizarse con material adecuado (material de cobertura) en capas de mínimo 0.20 m de espesor, con una frecuencia diaria.",,,,5.0,4950.0,,24750.0,,,,,,,,,0,0,0,0,0,SISUD_VW,2026-09-04 16:34:16
429,,,0091-2022-DSIS-CRES,,00013-2023-OEFA/DSIS,00000372312,20260500053,2023-I01-002331,70,23,-1,3,-1,-1,9,,,,,,2023-01-23 00:00:00,,,,,,,,,"Erradicar: i) la segregación de residuos sólidos; ii) la quema de residuos sólidos; y, iii) la crianza de animales, en el ADRSM “Botadero Quebrada Cementerio N° 01”, a través de las siguientes actividades: 4.1 Expulsar a las personas que realizan la actividad de segregación en el ADRSM “Botadero Quebrada Cementerio N° 01”",,,,5.0,4950.0,,24750.0,,,,,,,,,0,0,0,0,0,SISUD_VW,2026-09-04 16:34:16
430,,,0049-2025-ODES-TUM,,00001-2026-OEFA/ODES-TUM,00018662612,20260400027,2026-I20-000562,103,29,-1,3,-1,-1,-1,,,,,,2026-04-15 00:00:00,,,,,,,,,"Medida preventiva N° 1 Realizar con una frecuencia mínima de dos (2) veces por semana y de forma permanente las operaciones de esparcido, nivelación, compactación y cobertura de los residuos sólidos dispuestos en el área específica del ADRSM Botadero Municipal, con material de cobertura de la zona, con un espesor mínimo de 0.20 m, para lo cual deberá: ¿ Delimitar el área específica mediante estacas y/o hitos de madera de 2 m de altura, según las coordenadas del Cuadro N°01 de la presente resolución. ¿ Instalar un (01) cartel informativo y dos (02) carteles prohibitivos. ¿ Realizar las acciones de descarga y disposición final de los residuos sólidos únicamente en el área específica del ADRSM, para lo cual deberá implementar un cronograma para ejecutar las acciones de esparcido, nivelación, compactación y cobertura de los residuos sólidos municipales.",,,,6.0,,,,,,,,,,,,0,0,0,0,0,SISUD_VW,2026-09-04 16:34:16
431,,,0061-2024-ODES-UCA,,00005-2026-OEFA/ODES-UCA,00038542612,20260700037,2026-I27-029580,63,30,-1,3,-1,-1,-1,,,,,,2026-07-15 00:00:00,,,,,,,,,"Medida Preventiva N° 02 Realizar la descarga, esparcido, nivelación, compactación y cobertura de los residuos sólidos que ingresan diariamente al ADRS “Botadero Sector Caserío Nuevo Huánuco, únicamente en el sector definido por la municipalidad. Las operaciones de esparcido, nivelación, compactación y cobertura de los residuos sólidos deberán realizarse al menos dos (02) veces al mes, considerando una capa de cobertura de mínimo 0.2m, de espesor.",,,,3.0,,,,,,,,,,,,0,0,0,0,0,SISUD_VW,2026-09-04 16:34:16
432,,,0048-2024-DSIS-CRES,,00114-2024-OEFA/DSIS,00000922412,20260600043,2024-I01-038669,95,23,-1,3,-1,-1,10,,,,,,2024-10-09 00:00:00,,,,,,,,,"Obligación 1.2 de la medida preventiva N° 1 Prohibir y cesar de inmediato de toda forma y acción de quema de residuos sólidos, por parte del personal directo o terceros (recicladores informales) al interior del ADRS “Botadero El Milagro”. Para lo cual, las municipalidades deberán acreditar la ejecución de las siguientes acciones: (…) 1.2 Ejecutar la prohibición y cese de toda forma de acción de quema de residuos sólidos, ya sea por parte de personal directo, o terceros, en el interior del ADRS “Botadero El Milagro”. *Para el desarrollo de las capacitaciones y/o inducciones a los recicladores presentes en el ADRS “Botadero El Milagro”, las municipalidades podrán coordinar y/o gestionar el apoyo y/o asesoría técnica correspondiente a instituciones con competencia en materia de residuos sólidos.",,,,5.0,5150.0,,25750.0,,,,,,,,,0,0,0,0,0,SISUD_VW,2026-09-04 16:34:16
433,,,0110-2022-DSIS-CRES,,00119-2024-OEFA/DSIS,00000972412,20260600045,2024-I01-038928,74,23,-1,3,-1,-1,10,,,,,,2024-10-10 00:00:00,,,,,,,,,Obligaciones de la medida preventiva N° 1 1.2. Realizar la construcción de la poza de almacenamiento de lixiviados de acuerdo al PAMA aprobado.,,,,5.0,5150.0,,25750.0,,,,,,,,,0,0,0,0,0,SISUD_VW,2026-09-04 16:34:16
434,,,0110-2022-DSIS-CRES,,00119-2024-OEFA/DSIS,00000982412,20260600045,2024-I01-038928,74,23,-1,3,-1,-1,10,,,,,,2024-10-10 00:00:00,,,,,,,,,"Obligaciones de la medida preventiva N° 1 1.3. Realizar la instalación del sistema de manejo y control de gases, para la evacuación y control de los gases a generarse en la celda de disposición final, de acuerdo al PAMA aprobado.",,,,5.0,5150.0,,25750.0,,,,,,,,,0,0,0,0,0,SISUD_VW,2026-09-04 16:34:16
435,,,0097-2022-DSIS-CRES,,00002-2023-OEFA/DSIS,00000062312,20260400059,2023-I01-000872,104,23,-1,3,-1,-1,9,,,,,,2023-01-09 00:00:00,,,,,,,,,"3.Erradicar la segregación de residuos sólidos en el ADRSM Botadero El Cebollar, a través de las siguientes actividades: 3.1 Expulsar a las personas que realizan la actividad de segregación en el ADRSM “Botadero El Cebollar”",,,,5.0,4950.0,,24750.0,,,,,,,,,0,0,0,0,0,SISUD_VW,2026-09-04 16:34:16
436,,,0258-2023-DSEM-CHID,,00132-2026-OEFA/DSEM,00038792612,20260700045,2026-I01-029877,87,21,-1,3,-1,-1,-1,,,,,,2026-07-17 00:00:00,,,,,,,,,"Almacenar y trasladar la totalidad de los residuos peligrosos y no peligrosos, desde los almacenes primarios y/o intermedios hacia el almacenamiento central, generados como consecuencia de las actividades de limpieza y descontaminación de las áreas A1 y A2, así como de la limpieza de las áreas y componentes ambientales que resulten afectados por la migración del hidrocarburo, todo ello de conformidad con lo establecido en el Decreto Legislativo N.° 1278, que aprueba la Ley de Gestión Integral de Residuos Sólidos, y el Reglamento del Decreto Legislativo N.° 1278, aprobado por Decreto Supremo N.° 014-2017-MINAM.",,,,20.0,,,,,,,,,,,,0,0,0,0,0,SISUD_VW,2026-09-04 16:34:16
437,,,0092-2023-DSEM-CMIN,,00108-2026-OEFA/DSEM,00031442612,20260600015,2026-I01-023320,6,22,-1,3,-1,-1,-1,,,,,,2026-06-09 00:00:00,,,,,,,,,"Retirar el lodo proveniente de sistema de tratamiento de agua ácida del tajo (Wetland sur) depositado en el interior del tajo de la unidad Florencia-Tucari. Los lodos extraídos deberán disponerse en un área ambientalmente segura, es decir, en un lugar donde no genere ninguna afectación al ambiente.",,,,1.0,,,,,,,,,,,,0,0,0,0,0,SISUD_VW,2026-09-04 16:34:16
438,,,0091-2022-DSIS-CRES,,00027-2024-OEFA/DSIS,00000132412,20260600018,2024-I01-012452,70,23,-1,3,-1,-1,10,,,,,,2024-04-11 00:00:00,,,,,,,,,"Erradicar: i) la segregación de residuos sólidos; ii) la quema de residuos sólidos; y, iii) la crianza de animales, en el ADRSM “Botadero Quebrada Cementerio N° 01”, a través de las siguientes actividades: 4.2 Realizar la vigilancia diaria en el ADRSM “Botadero Quebrada Cementerio N° 01”, a través del personal asignado, a fin de evitar el ingreso de segregadores en el ADRSM.",,,,20.0,5150.0,,103000.0,,,,,,,,,0,0,0,0,0,SISUD_VW,2026-09-04 16:34:16
439,,,0127-2022-DSIS-CRES,,00044-2024-OEFA/DSIS,00000202412,20260600021,2024-I01-019135,80,23,-1,3,-1,-1,10,,,,,,2024-05-31 00:00:00,,,,,,,,,"Erradicar la quema y segregación de residuos sólidos; en el ADRSM “Botadero S/N”, a través de las siguientes actividades: Expulsar a las personas que realizan la actividad de segregación en el ADRSM “Botadero S/N”.",,,,5.0,5150.0,,25750.0,,,,,,,,,0,0,0,0,0,SISUD_VW,2026-09-04 16:34:16
357,,,0103-2021-DSIS-CRES,,00072-2024-OEFA/DSIS,00000502412,20260600030,2024-I01-027756,90,23,-1,3,-1,-1,10,,,,,,2024-07-31 00:00:00,,,,,,,,,"Asegurar la disposición final de los residuos sólidos municipales en una infraestructura de disposición final de residuos sólidos autorizada (relleno sanitario); para ello, la Municipalidad Provincial de Cañete deberá emitir un acto administrativo que disponga la suscripción de un convenio o contrato para la disposición final de los residuos sólidos en una infraestructura de disposición final (relleno sanitario) autorizada. La obligación antes señalada se mantendrá vigente hasta que se culmine con la construcción e inicio de operación de una celda transitoria o infraestructura de disposición final de residuos sólidos (relleno sanitario) en su localidad.",,,,5.0,5150.0,,25750.0,,,,,,,,,0,0,0,0,0,SISUD_VW,2026-09-04 16:34:16
358,,,0159-2023-DSIS-CRES,,00067-2024-OEFA/DSIS,00000532412,20260600031,2024-I01-027673,45,23,-1,3,-1,-1,10,,,,,,2024-07-31 00:00:00,,,,,,,,,Realizar la cobertura de los residuos sólidos dispuestos con material de cobertura en capas de 0.20m de espesor mínimo.,,,,5.0,5150.0,,25750.0,,,,,,,,,0,0,0,0,0,SISUD_VW,2026-09-04 16:34:16
359,,,0013-2023-DSIS-CRES,,00097-2024-OEFA/DSIS,00000602412,20260600033,2024-I01-036594,72,23,-1,3,-1,-1,10,,,,,,2024-09-25 00:00:00,,,,,,,,,"Obligación 3.1 de la medida preventiva N° 3 Implementar medidas de prevención y mitigación del riesgo de afectación del suelo por la infiltración continua de lixiviado en la Poza N° 1, ubicada en las coordenadas 460521mE 8767298mN, para lo cual debe efectuar las siguientes actividades: i) Succión del lixiviado contenido en la poza y su adecuada disposición final o recirculación en la o las celdas impermeabilizadas de residuos sólidos no peligrosos. (…)",,,,5.0,5150.0,,25750.0,,,,,,,,,0,0,0,0,0,SISUD_VW,2026-09-04 16:34:16
360,,,0013-2023-DSIS-CRES,,00097-2024-OEFA/DSIS,00000682412,20260600033,2024-I01-036594,72,23,-1,3,-1,-1,10,,,,,,2024-09-25 00:00:00,,,,,,,,,"Obligación 5.3 de la medida preventiva N° 5 Implementar medidas de prevención y mitigación del riesgo de afectación al suelo por la infiltración continua de lixiviado en la poza N° 4, ubicada en las coordenadas 460420mE 8767111mN, para lo cual debe efectuar las siguientes actividades: (…). iii) Retirar y efectuar la disposición final adecuada del suelo afectado por la infiltración continua de lixiviado, así como realizar la limpieza de la zona. (…).",,,,5.0,5150.0,,25750.0,,,,,,,,,0,0,0,0,0,SISUD_VW,2026-09-04 16:34:16
361,,,0091-2022-DSIS-CRES,,00041-2023-OEFA/DSIS,00000452312,20260500054,2023-I01-017262,70,23,-1,3,-1,-1,9,,,,,,2023-05-19 00:00:00,,,,,,,,,"4 Erradicar: i) la segregación de residuos sólidos; ii) la quema de residuos sólidos; y, iii) la crianza de animales, en el ADRSM “Botadero Quebrada Cementerio N° 01”, a través de las siguientes actividades: 4.4 Expulsar a las personas que realizan la actividad de crianza de animales en el ADRSM “botadero Quebrada Cementerio N° 01”",,,,5.0,4950.0,,24750.0,,,,,,,,,0,0,0,0,0,SISUD_VW,2026-09-04 16:34:16
362,,,0021-2022-DSIS-CRES,,00090-2023-OEFA/DSIS,00000482312,20260500058,2023-I01-039514,91,23,-1,3,-1,-1,9,,,,,,2023-10-18 00:00:00,,,,,,,,,"Implementar las operaciones de esparcido, nivelación, compactación y cobertura de los residuos sólidos en el área previamente delimitada en la medida 1 de la presente resolución, con una frecuencia mínima de 2 a 3 veces por semana. La cobertura de los residuos sólidos deberá realizarse con material adecuado de un espesor no menor de 0.20 m",,,,5.0,4950.0,,24750.0,,,,,,,,,0,0,0,0,0,SISUD_VW,2026-09-04 16:34:16
363,,,0013-2023-DSIS-CRES,,00097-2024-OEFA/DSIS,00000642412,20260600033,2024-I01-036594,72,23,-1,3,-1,-1,10,,,,,,2024-09-25 00:00:00,,,,,,,,,"Obligación 4.1 de la medida preventiva N° 4 Implementar un dren de captación de lixiviados en el perímetro de la Celda N° 15 ubicada en las coordenadas UTM datum WGS-84 zona 18 L 8767034mE 460269mN, para lo cual debe efectuar las siguientes actividades: i) Elaborar la memoria descriptiva que contenga especificaciones técnicas y planos del diseño para la implementación del dren que tendrá un ancho y una profundidad de 0.40 m. el cual se impermeabilizará con geomembrana, soldada y colocada en todo el perímetro de la celda N° 15 al pie del talud de la terraza y constituido en su interior con piedras de 6 a 8 pulgadas de diámetro. Asimismo, debe incluir un diseño de la línea de conducción de lixiviados hacia la poza N° 4 el cual considere tubería y/o manguera HDPE de conducción, cajas de registro de lixiviados, válvula de control de lixiviados. (…)",,,,5.0,5150.0,,25750.0,,,,,,,,,0,0,0,0,0,SISUD_VW,2026-09-04 16:34:16
364,,,0013-2023-DSIS-CRES,,00097-2024-OEFA/DSIS,00000692412,20260600033,2024-I01-036594,72,23,-1,3,-1,-1,10,,,,,,2024-09-25 00:00:00,,,,,,,,,"Obligación 5.4 de la medida preventiva N° 5 Implementar medidas de prevención y mitigación del riesgo de afectación al suelo por la infiltración continua de lixiviado en la poza N° 4, ubicada en las coordenadas 460420mE 8767111mN, para lo cual debe efectuar las siguientes actividades: (…). iv) Habilitar la estructura y talud de la poza, impermeabilizar con geomembrana y techar la poza de lixiviados. (…)",,,,5.0,5150.0,,25750.0,,,,,,,,,0,0,0,0,0,SISUD_VW,2026-09-04 16:34:16
365,,,0013-2023-DSIS-CRES,,00097-2024-OEFA/DSIS,00000732412,20260600033,2024-I01-036594,72,23,-1,3,-1,-1,10,,,,,,2024-09-25 00:00:00,,,,,,,,,"Obligación 7.1 de la medida preventiva N° 7 Clausurar la tubería de vertimiento de lixiviados ubicada en las coordenadas UTM (WGS-84) zona 18L 460465, mE 8767391 mN, para lo cual debe efectuar las siguientes actividades: i) Retiro de la tubería de PVC de 4” que vierte lixiviados al suelo ubicada en las coordenadas UTM (WGS-84) zona 18L 460465, mE 8767391 mN. (…)",,,,5.0,5150.0,,25750.0,,,,,,,,,0,0,0,0,0,SISUD_VW,2026-09-04 16:34:16
366,,,0013-2023-DSIS-CRES,,00097-2024-OEFA/DSIS,00000742412,20260600033,2024-I01-036594,72,23,-1,3,-1,-1,10,,,,,,2024-09-25 00:00:00,,,,,,,,,"Obligación 7.2 de la medida preventiva N° 7 Clausurar la tubería de vertimiento de lixiviados ubicada en las coordenadas UTM (WGS-84) zona 18L 460465, mE 8767391 mN, para lo cual debe efectuar las siguientes actividades: (…). ii) Sellado del punto del cual ha sido retirado la tubería de PVC de 4” el cual corresponde al lugar de origen de los lixiviados, a fin de evitar el vertimiento de lixiviados al suelo.",,,,5.0,5150.0,,25750.0,,,,,,,,,0,0,0,0,0,SISUD_VW,2026-09-04 16:34:16
367,,,0013-2023-DSIS-CRES,,00097-2024-OEFA/DSIS,00000762412,20260600033,2024-I01-036594,72,23,-1,3,-1,-1,10,,,,,,2024-09-25 00:00:00,,,,,,,,,"Obligación 9.1 de la medida preventiva N° 9 Realizar el mantenimiento de las pozas de lixiviados N° 2, N° 3 y N° 6 ubicadas en las coordenadas UTM (WGS-84) zona 18L 460493mE 8767363mN; 460405mE 8767342mN; 460442mE 8767129mN, las cuales se encuentran en mal estado, para ello debe realizar las siguientes actividades: i) Poza N° 2: Realizar el retiro de malezas, realizar el pintado de su estructura metálica, para evitar la corrosión del fierro y reparación de la misma, que cubre la poza, colocar la fibra o mica de la cobertura del componente, retirar el suelo afectado del área de acumulación de lixiviados a la celda impermeabilizada. (…).",,,,10.0,5150.0,,51500.0,,,,,,,,,0,0,0,0,0,SISUD_VW,2026-09-04 16:34:16
368,,,0084-2022-DSIS-CRES,,00099-2024-OEFA/DSIS,00000862412,20260600038,2024-I01-037251,30,23,-1,3,-1,-1,10,,,,,,2024-09-27 00:00:00,,,,,,,,,"Medida preventiva N° 12 Remitir información sobre la maquinaria a ser utilizada para las actividades de compactación y cobertura de los residuos sólidos dispuestos en la celda transitoria. - Lista y detalle de maquinaria destinada a los trabajos de compactación y cobertura diaria de los residuos a disponer. -Lista y detalle de maquinaria a ser utilizada en los trabajos de compactación y cobertura de los residuos sólidos sin cobertura, correspondiente a 8500m2, e identificada en las acciones de supervisión.",,,,10.0,5150.0,,51500.0,,,,,,,,,0,0,0,0,0,SISUD_VW,2026-09-04 16:34:16
369,,,0210-2023-DSIS-CRES,,00105-2024-OEFA/DSIS,00000892412,20260600041,2024-I01-037968,92,23,-1,3,-1,-1,10,,,,,,2024-10-02 00:00:00,,,,,,,,,"Medida Preventiva N° 2 Realizar la conformación de la plataforma 1, de la celda N° 3, considerando una relación de talud de 3 a 1 (3h:1v), conforme lo establecido en IGA, así como la cobertura de los residuos sólidos expuestos y sobresalientes de la mencionada plataforma. (…)",,,,10.0,5150.0,,51500.0,,,,,,,,,0,0,0,0,0,SISUD_VW,2026-09-04 16:34:16
370,,,0082-2023-DSIS-CRES,,00106-2024-OEFA/DSIS,00000902412,20260600042,2024-I01-038408,93,23,-1,3,-1,-1,10,,,,,,2024-10-04 00:00:00,,,,,,,,,"Medida Preventiva N° 2 El administrado no cumplió con realizar las acciones de esparcido, nivelación, compactación y cobertura de los residuos sólidos dispuestos, con una frecuencia mínima de dos (02) veces por semana en el sector o sectores definidos. Para lo cual deberá efectuar las siguientes acciones: (…) ii) Realizar las acciones de nivelación y compactación de los residuos sólidos que son descargados en el sector y/o sectores con material de cobertura con una frecuencia mínima de dos (2) veces a la semana.",,,,10.0,5150.0,,51500.0,,,,,,,,,0,0,0,0,0,SISUD_VW,2026-09-04 16:34:16
371,,,0084-2023-DSIS-CRES,,00118-2024-OEFA/DSIS,00000952412,20260600044,2024-I01-038894,73,23,-1,3,-1,-1,10,,,,,,2024-10-10 00:00:00,,,,,,,,,"Medida preventiva N° 3: Realización de acciones de retiro de residuos sólidos, y mitigación, del cauce de la quebrada El Atajo. Para esto el administrado tendrá que: ¿ Realizar acciones de retiro y despeje de residuos sólidos presentes en el cauce de la quebrada El Atajo, hasta lograr el adecuado flujo de agua de la mencionada quebrada. Los residuos despejados y recolectados deberán ser trasladados al área o infraestructura identificada y definida.",,,,10.0,5150.0,,51500.0,,,,,,,,,0,0,0,0,0,SISUD_VW,2026-09-04 16:34:16
372,,,0110-2022-DSIS-CRES,,00119-2024-OEFA/DSIS,00001012412,20260600045,2024-I01-038928,74,23,-1,3,-1,-1,10,,,,,,2024-10-10 00:00:00,,,,,,,,,6.2. Implementar el cerco perimétrico faltante en el Relleno Sanitario entre las coordenadas UTM 19K 8012546N 367491E y 8012790N 367808E; e instalar puertas metálicas de doble hoja y tranqueras en los accesos ubicados en las coordenadas UTM 19K 8013335N 367288E y 19K 8013825N 367807E.,,,,5.0,5150.0,,25750.0,,,,,,,,,0,0,0,0,0,SISUD_VW,2026-09-04 16:34:16
373,,,0110-2022-DSIS-CRES,,00119-2024-OEFA/DSIS,00001032412,20260600045,2024-I01-038928,74,23,-1,3,-1,-1,10,,,,,,2024-10-10 00:00:00,,,,,,,,,"Obligaciones de la medida preventiva N° 6 6.4. Identificar zonas potenciales de accesos al ADRSM Botadero Alto Intiorko, y realizar actividades que impidan el ingreso al mismo.",,,,10.0,5150.0,,51500.0,,,,,,,,,0,0,0,0,0,SISUD_VW,2026-09-04 16:34:16
374,,,0022-2022-DSIS-CRES,,00121-2024-OEFA/DSIS,00001042412,20260600047,2024-I01-038949,94,23,-1,3,-1,-1,10,,,,,,2024-10-10 00:00:00,,,,,,,,,"Medida Preventiva N° 1: Identificar y delimitar un área específica en el ADRSM “Botadero ubicado en la localidad de Islandia”, para realizar la aPcaurma udlealcimiónit adre d riecshidau áorse asó, lriedaolsi zmaru nlaic iinpaslteasla, caisóí nc odme oe setl aecsapsa rdceid mo,a ndiveerala cdieó n1,. 0co mm pdaec ataltcuióran, yc caodbae 3rt.u0r a. m de distancia entre cada una como mínimo. Dichas estacas deberán estar pintadas de un color visible que permita su fácil identificación. (…)",,,,5.0,5150.0,,25750.0,,,,,,,,,0,0,0,0,0,SISUD_VW,2026-09-04 16:34:16
375,,,0179-2023-DSIS-CRES,,00125-2024-OEFA/DSIS,00001082412,20260600049,2024-I01-039028,83,23,-1,3,-1,-1,10,,,,,,2024-10-10 00:00:00,,,,,,,,,Medida Preventiva N° 5 5.1.- Las acciones de desinsectación cada quince (15) días calendarios,,,,5.0,5150.0,,25750.0,,,,,,,,,0,0,0,0,0,SISUD_VW,2026-09-04 16:34:16
376,,,0179-2023-DSIS-CRES,,00125-2024-OEFA/DSIS,00001092412,20260600049,2024-I01-039028,83,23,-1,3,-1,-1,10,,,,,,2024-10-10 00:00:00,,,,,,,,,Medida Preventiva N° 5 5.2.-Las acciones de desratización cada treinta (30) días calendarios,,,,5.0,5150.0,,25750.0,,,,,,,,,0,0,0,0,0,SISUD_VW,2026-09-04 16:34:16
377,,,0179-2023-DSIS-CRES,,00125-2024-OEFA/DSIS,00001102412,20260600049,2024-I01-039028,83,23,-1,3,-1,-1,10,,,,,,2024-10-10 00:00:00,,,,,,,,,"Medida Preventiva N° 6 6.2 Controlar las plumas de humo en el ADRSM “Botadero Municipal”, realizando acciones de cobertura final con un espesor mínimo de 50 cm.",,,,5.0,5150.0,,25750.0,,,,,,,,,0,0,0,0,0,SISUD_VW,2026-09-04 16:34:16
378,,,0024-2022-DSIS-CRES,,00132-2024-OEFA/DSIS,00001112412,20260600051,2024-I01-039041,21,23,-1,3,-1,-1,10,,,,,,2024-10-10 00:00:00,,,,,,,,,"Medida preventiva N° 3 El administrado no cumplió con ejecutar las operaciones de nivelación, compactación y cobertura diaria de los residuos sólidos en el frente de trabajo de las trincheras N° 9, 10 y 11, con capas de material de la zona de un espesor no menor de 0.20 metros que permita su correcto confinamiento, conforme lo ordenado por la medida preventiva N° 3 de la Resolución de Medida Administrativa",,,,20.0,5150.0,,103000.0,,,,,,,,,0,0,0,0,0,SISUD_VW,2026-09-04 16:34:16
379,,,0024-2022-DSIS-CRES,,00043-2023-OEFA/DSIS,00000182312,20260500032,2023-I01-018401,21,23,-1,3,-1,-1,9,,,,,,2023-05-31 00:00:00,,,,,,,,,"Realizar la impermeabilización con geomembrana de los taludes internos de las trincheras N° 6, 7 y 8; y la instalación de geotextil en los taludes internos y bases de las trincheras N° 6, 7, 8, 9, 10, 11, 12, 13 y 14; considerando el uso de geomembrana con un espesor mínimo de 1.2. mm y geotextil.",,,,5.0,4950.0,,24750.0,,,,,,,,,0,0,0,0,0,SISUD_VW,2026-09-04 16:34:16
380,,,0091-2022-DSIS-CRES,,00041-2023-OEFA/DSIS,00000402312,20260500054,2023-I01-017262,70,23,-1,3,-1,-1,9,,,,,,2023-05-19 00:00:00,,,,,,,,,"Realizar en el sector o sectores definidos, las actividades de nivelación, compactación y cobertura (entre 0.20 a 0.30 m. de espesor) de los residuos sólidos dispuestos, con una frecuencia de dos (2) veces por semana.",,,,5.0,4950.0,,24750.0,,,,,,,,,0,0,0,0,0,SISUD_VW,2026-09-04 16:34:16
381,,,0091-2022-DSIS-CRES,,00041-2023-OEFA/DSIS,00000442312,20260500054,2023-I01-017262,70,23,-1,3,-1,-1,9,,,,,,2023-05-19 00:00:00,,,,,,,,,"4 Erradicar: i) la segregación de residuos sólidos; ii) la quema de residuos sólidos; y, iii) la crianza de animales, en el ADRSM “Botadero Quebrada Cementerio N° 01”, a través de las siguientes actividades: 4.3 Implementar cerco perimétrico y carteles en las zonas potenciales de acceso al ADRSM “Botadero Quebrada Cementerio N° 01”, prohibiendo realizar la segregación y la quema de residuos sólidos y la prohibición de",,,,10.0,4950.0,,49500.0,,,,,,,,,0,0,0,0,0,SISUD_VW,2026-09-04 16:34:16
382,,,0021-2022-DSIS-CRES,,00090-2023-OEFA/DSIS,00000502312,20260500058,2023-I01-039514,91,23,-1,3,-1,-1,9,,,,,,2023-10-18 00:00:00,,,,,,,,,"Realizar acciones de desinsectación y desratización para el control de vectores en el ADRSM ubicada en la carretera Mazan - Indiana Km 1, con una frecuencia de cada 20 días hábiles",,,,5.0,4950.0,,24750.0,,,,,,,,,0,0,0,0,0,SISUD_VW,2026-09-04 16:34:16
383,,,0078-2025-DSEM-CMIN,,00098-2026-OEFA/DSEM,00026992612,20260500097,2026-I01-020572,6,22,-1,3,-1,-1,-1,,,,,,2026-05-25 00:00:00,,,,,,,,,"Captar el agua de contacto del depósito de desmonte (ESP-ARI-6, ESP-ARI-7, ESP-ARI-8 y ESP-ARI-5) y derivarla a la planta de tratamiento STAA Wetland Sur, a fin de que cumplan con los LMP 2010 previo a su descarga a la quebrada Apostoloni. La captación se deberá realizar de tal modo, que no exista agua de contacto ingresando hacia el canal de agua de no contacto de dicho componente, a fin de que no se afecte la quebrada Apostoloni, la flora y fauna cercanas ni la salud de las personas.",,,,22.0,,,,,,,,,,,,0,0,0,0,0,SISUD_VW,2026-09-04 16:34:16
384,,,0103-2021-DSIS-CRES,,00142-2024-OEFA/DSIS,00001122412,20260600052,2024-I01-050204,90,23,-1,3,-1,-1,10,,,,,,2024-12-27 00:00:00,,,,,,,,,"Medida preventiva N° 1 La Municipalidad Provincial de Cañete no cumplió con asegurar la disposición final de los residuos sólidos municipales en una infraestructura de disposición final de residuos sólidos autorizada (relleno sanitario), debido a que continúa realizando la disposición final de residuos sólidos municipales en el Botadero de Pampa Clarita.",,,,10.0,5150.0,,51500.0,,,,,,,,,0,0,0,0,0,SISUD_VW,2026-09-04 16:34:16
385,,,0068-2022-DSIS-CRES,,00047-2024-OEFA/DSIS,00001242412,20260600065,2024-I01-019213,79,23,-1,3,-1,-1,10,,,,,,2024-05-31 00:00:00,,,,,,,,,"Medida preventiva N° 1 El administrado no cumplió con realizar el retiro de los residuos sólidos dispuestos sobre la berma y talud externo de dique de contención perimetral de la Celda N° 1, conforme a lo ordenado en la medida preventiva N° 1 de la Resolución II.",,,,10.0,5150.0,,51500.0,,,,,,,,,0,0,0,0,0,SISUD_VW,2026-09-04 16:34:16
386,,,0068-2022-DSIS-CRES,,00047-2024-OEFA/DSIS,00001262412,20260600065,2024-I01-019213,79,23,-1,3,-1,-1,10,,,,,,2024-05-31 00:00:00,,,,,,,,,"Medida preventiva N° 7 El administrado no cumplió con implementar un dren de captación de lixiviados al pie del talud en todo el perímetro de la primera plataforma (sobre la berma del dique contención de la celda N° 1), así como un dren de conducción de lixiviados a fin de realizar la recirculación de los lixiviados captados, conforme a lo ordenado en la medida preventiva N° 7 de la Resolución II.",,,,5.0,5150.0,,25750.0,,,,,,,,,0,0,0,0,0,SISUD_VW,2026-09-04 16:34:16
387,,,0068-2022-DSIS-CRES,,00047-2024-OEFA/DSIS,00001272412,20260600065,2024-I01-019213,79,23,-1,3,-1,-1,10,,,,,,2024-05-31 00:00:00,,,,,,,,,"Medida preventiva N° 8 El administrado no cumplió con realizar acciones conducentes a anular todo flujo y/o discurrimiento de lixiviados al norte de la poza de almacenamiento de lixiviados hasta la zona ubicada en las coordenadas UTM 18 M 354185 E, 9264216 N, conforme a lo ordenado en la medida preventiva N° 8 de la Resolución II.",,,,5.0,5150.0,,25750.0,,,,,,,,,0,0,0,0,0,SISUD_VW,2026-09-04 16:34:16
388,,,0099-2022-DSIS-CRES,,00116-2024-OEFA/DSIS,00001302412,20260600076,2024-I01-038854,95,23,-1,3,-1,-1,10,,,,,,2024-10-10 00:00:00,,,,,,,,,"Medida preventiva N° 1 Los administrados no cumplieron con realizar la disposición final de la totalidad de residuos sólidos municipales en un relleno sanitario autorizado de conformidad a lo establecido en la norma, conforme a lo ordenado en la medida preventiva Nº 1 de la Resolución II.",,,,20.0,5150.0,,103000.0,,,,,,,,,0,0,0,0,0,SISUD_VW,2026-09-04 16:34:16
389,,,0241-2021-DSEM-CHID,,00088-2026-OEFA/DSEM,00022922612,20260400115,2026-I01-016745,29,21,-1,3,-1,-1,-1,,,,,,2026-04-29 00:00:00,,,,,,,,,"2026-I01-016745 Limpiar y descontaminar la totalidad del área afectada por el petróleo crudo derramado (3464 m2 de suelo ), así como, las áreas que a la fecha vendrían siendo afectadas por la migración del contaminante, como consecuencia de la emergencia ambiental ocurrida en línea de forros de 4” del pozo PAV 34, ubicada en el yacimiento Pavayacu del Lote 8.",,,,36.0,,,,,,,,,,,,0,0,0,0,0,SISUD_VW,2026-09-04 16:34:16
390,,,0121-2022-DSIS-CRES,,00046-2024-OEFA/DSIS,00001202412,20260600061,2024-I01-019178,96,23,-1,3,-1,-1,10,,,,,,2024-05-31 00:00:00,,,,,,,,,"Medida Preventiva N° 4 Erradicar la quema y segregación de residuos sólidos; en el ADRSM “Botadero S/N”, a través de las siguientes actividades: 4.1 Expulsar a las personas que realizan la actividad de segregación en el ADRSM “Botadero S/N”.",,,,5.0,5150.0,,25750.0,,,,,,,,,0,0,0,0,0,SISUD_VW,2026-09-04 16:34:16
391,,,0068-2022-DSIS-CRES,,00047-2024-OEFA/DSIS,00001292412,20260600065,2024-I01-019213,79,23,-1,3,-1,-1,10,,,,,,2024-05-31 00:00:00,,,,,,,,,"Medida preventiva N° 10 El administrado no cumplió con realizar el retiro, disposición final y reemplazo del suelo afectado por la acumulación y empozamiento de lixiviados, sobre terreno natural, en las zonas indicadas, conforme a lo ordenado en la medida preventiva N° 10 de la Resolución II.",,,,5.0,5150.0,,25750.0,,,,,,,,,0,0,0,0,0,SISUD_VW,2026-09-04 16:34:16
392,,,0048-2024-DSIS-CRES,,00114-2024-OEFA/DSIS,00001312412,20260600043,2024-I01-038669,95,23,-1,3,-1,-1,10,,,,,,2024-10-09 00:00:00,,,,,,,,,"Obligación 2.2 de la medida preventiva N° 2 Prohibir el ingreso y/o acceso de menores de edad, adultos mayores y animales al interior del ADRS “Botadero El Milagro”. Para lo cual, las municipalidades deberán acreditar la ejecución de las siguientes acciones (…) 2.2 Ejecutar la prohibición de ingreso y/o acceso de menores de edad, adultos mayores y animales, al interior del ADRS “Botadero El Milagro”. *Para el desarrollo de las capacitaciones y/o inducciones a los recicladores presentes en el ADRS “Botadero El Milagro”, las municipalidades podrán coordinar y/o gestiones el apoyo y/o asesoría técnica correspondiente a instituciones con competencia en materia de salud (DIRESA´s, entre otros).",,,,5.0,5150.0,,25750.0,,,,,,,,,0,0,0,0,0,SISUD_VW,2026-09-04 16:34:16
393,,,0067-2022-DSIS-CRES,,00033-2023-OEFA/DSIS,00000142312,20260500028,2023-I01-015664,85,23,-1,3,-1,-1,9,,,,,,2023-05-08 00:00:00,,,,,,,,,"Realizar la clausura y cierre del ADRS “Botadero Pampas de Reque”, mediante la restricción total de accesos de personas y/o vehículos (mayores y menores), que realicen acciones de descarga y disposición final de residuos sólidos en ella. Para ello el administrado realizará: (…) 1.4 Acciones de clausura y/o obstaculización (mediante colocación de diques y/o desconfiguración de vías), de vías de acceso secundario del ADRS “Botadero Pampas de Reque”, ya sea mediante maquinaria pesada, o con personal. Las vías a clausurar deberán ser previamente identificadas y remitidas al OEFA para su conocimiento. *Para el desarrollo de dicha actividad de clausura de vías de acceso al ADRS, el administrado deberá realizar las gestiones correspondientes para asegurar el acompañamiento y resguardo policial respectivo, en tanto dure dicha actividad.",,,,10.0,4950.0,,49500.0,,,,,,,,,0,0,0,0,0,SISUD_VW,2026-09-04 16:34:16
394,,,0084-2022-DSIS-CRES,,00059-2023-OEFA/DSIS,00000222312,20260500033,2023-I01-025069,30,23,-1,3,-1,-1,9,,,,,,2023-07-12 00:00:00,,,,,,,,,"Realizar el mantenimiento y/o reparación y/o reforzamiento del cerco perimétrico, cerrando las vías de acceso alternas (tres zonas identificadas, cuyas coordenadas son UTM 17L 781043E 8985062N, 780975E 8985218N y781070E 8984974N), manteniendo un solo acceso principal (cuya coordenada es 17L 780894E 8984839N), con la finalidad de evitar el ingreso de personas y/o vehículos no autorizados.",,,,5.0,4950.0,,24750.0,,,,,,,,,0,0,0,0,0,SISUD_VW,2026-09-04 16:34:16
395,,,0084-2022-DSIS-CRES,,00059-2023-OEFA/DSIS,00000252312,20260500033,2023-I01-025069,30,23,-1,3,-1,-1,9,,,,,,2023-07-12 00:00:00,,,,,,,,,"Realizar el esparcido, nivelación, compactación y cobertura de los residuos sólidos dispuestos sobre un área aproximada de 8500m2 al interior de la celda transitoria del Santa ubicado en la zona norte, noreste, noroeste y suroeste de la celda de disposición final, asegurándose la permanencia y operatividad de los drenes de evacuación de gases La cobertura de los residuos sólidos debe realizarse con capas de material adecuado (material de cobertura) de mínimo 0.20 m de espesor.",,,,5.0,4950.0,,24750.0,,,,,,,,,0,0,0,0,0,SISUD_VW,2026-09-04 16:34:16
396,,,0091-2022-DSIS-CRES,,00013-2023-OEFA/DSIS,00000362312,20260500053,2023-I01-002331,70,23,-1,3,-1,-1,9,,,,,,2023-01-23 00:00:00,,,,,,,,,"Realizar acciones de desinsectación y desratización con una frecuencia quincenal y mensual respectivamente, para el control de vectores en el ADRSM Quebrada Cementerio N° 01.",,,,5.0,4950.0,,24750.0,,,,,,,,,0,0,0,0,0,SISUD_VW,2026-09-04 16:34:16
397,,,0241-2021-DSEM-CHID,,00088-2026-OEFA/DSEM,00022942612,20260400115,2026-I01-016745,29,21,-1,3,-1,-1,-1,,,,,,2026-04-29 00:00:00,,,,,,,,,"Realizar la disposición final de los residuos sólidos y líquidos peligrosos y no peligrosos generados como producto de las actividades de limpieza y descontaminación del área afectada por la emergencia ambiental ocurrida en línea de forros de 4” del pozo PAV 34, ubicada en el yacimiento Pavayacu del Lote 8, de acuerdo con las especificaciones técnicas previstas en el Decreto Supremo N° 014-2017-MINAM, Reglamento del Decreto Legislativo N° 1278, Decreto Legislativo que aprueba la Ley de Gestión Integral de Residuos Sólidos.",,,,23.0,,,,,,,,,,,,0,0,0,0,0,SISUD_VW,2026-09-04 16:34:16
398,,,0045-2025-DSEM-CMIN,,00136-2026-OEFA/DSEM,00040492612,20260700084,2026-I01-031123,6,22,-1,3,-1,-1,-1,,,,,,2026-07-24 00:00:00,,,,,,,,,"Realizar el mantenimiento del sistema de tratamiento pasivo del botadero Norte para que afronte el periodo de lluvia del 2025 (enero, febrero, marzo y abril). Para ello deberá considerar como mínimo las siguientes actividades. Disponer tanques de plástico nuevos, con una adecuada dosificación de cal. Implementar un soporte estable en las bases de los tanques de plástico nuevos. Implementar en los tanques de plástico nuevos un sistema de conexión continuo, de forma que se demuestre que no existen tuberías y válvulas deterioradas, ni obstruidas. Realizar muestreos del agua tratada y comparar los resultados de pH y metales con los valores establecidos en el Decreto Supremo N° 010-2010 MINAM.",,,,5.0,,,,,,,,,,,,0,0,0,0,0,SISUD_VW,2026-09-04 16:34:16
399,,,0121-2022-DSIS-CRES,,00046-2024-OEFA/DSIS,00001212412,20260600061,2024-I01-019178,96,23,-1,3,-1,-1,10,,,,,,2024-05-31 00:00:00,,,,,,,,,"Medida Preventiva N° 4 Erradicar la quema y segregación de residuos sólidos; en el ADRSM “Botadero S/N”, a través de las siguientes actividades: 4.2 Realizar la vigilancia diaria en el ADRSM “Botadero S/N”, a través del personal asignado, a fin de evitar el ingreso de segregadores en el ADRSM.",,,,5.0,5150.0,,25750.0,,,,,,,,,0,0,0,0,0,SISUD_VW,2026-09-04 16:34:16
400,,,0048-2024-DSIS-CRES,,00114-2024-OEFA/DSIS,00001322412,20260600043,2024-I01-038669,95,23,-1,3,-1,-1,10,,,,,,2024-10-09 00:00:00,,,,,,,,,"Obligación 3.1 de la medida preventiva N °3 Elaborar, remitir y ejecutar un Programa de Vigilancia, para el resguardo y prevención de ingreso de menores de edad, adultos mayores y animales; así como, la no realización de acciones de quema de residuos sólidos en el interior del ADRS Botadero El Milagro. 3.1 Elaborar y remitir al OEFA un Programa de Vigilancia, para el resguardo y prevención, respecto a la prohibición de ingreso de menores de edad, adultos mayores y animales; así como, de la prohibición de realización de acciones de quema de residuos sólidos en el ADRS “Botadero El Milagro”. Dicho Programa de Vigilancia, deberá considerar las acciones que formarán parte de la vigilancia, resguardo y prevención, respecto a la prohibición de ingreso de menores de edad, adultos mayores y animales; así como de la prohibición de realización de acciones de quema de residuos sólidos, por parte de terceros (recicladores), u otra persona que tenga acceso e ingreso a la men",,,,5.0,5150.0,,25750.0,,,,,,,,,0,0,0,0,0,SISUD_VW,2026-09-04 16:34:16
401,,,0241-2021-DSEM-CHID,,00088-2026-OEFA/DSEM,00022932612,20260400115,2026-I01-016745,29,21,-1,3,-1,-1,-1,,,,,,2026-04-29 00:00:00,,,,,,,,,"Almacenar y transportar los residuos sólidos y líquidos peligrosos y no peligrosos generados como producto de las actividades de limpieza y descontaminación del área afectada por la emergencia ambiental ocurrida en línea de forros de 4” del pozo PAV 34, ubicada en el yacimiento Pavayacu del Lote 8, de acuerdo con las especificaciones técnicas previstas en el Decreto Supremo N° 014-2017-MINAM, Reglamento del Decreto Legislativo N° 1278, Decreto Legislativo que aprueba la Ley de Gestión Integral de Residuos Sólidos.",,,,23.0,,,,,,,,,,,,0,0,0,0,0,SISUD_VW,2026-09-04 16:34:16
402,,,0121-2022-DSIS-CRES,,00046-2024-OEFA/DSIS,00001222412,20260600061,2024-I01-019178,96,23,-1,3,-1,-1,10,,,,,,2024-05-31 00:00:00,,,,,,,,,"Medida Preventiva N° 4 Erradicar la quema y segregación de residuos sólidos; en el ADRSM “Botadero S/N”, a través de las siguientes actividades: 4.3 (i) Implementar tranquera(s) (estructura(s) sólida(s)) y caseta(s) de control o similar con la finalidad de impedir el acceso de segregadores y vehículos; y (ii) la colocación de carteles en el acceso al ADRSM “Botadero S/N”, prohibiendo realizar la segregación y la quema de residuos sólidos.",,,,5.0,5150.0,,25750.0,,,,,,,,,0,0,0,0,0,SISUD_VW,2026-09-04 16:34:16
403,,,0068-2022-DSIS-CRES,,00047-2024-OEFA/DSIS,00001282412,20260600065,2024-I01-019213,79,23,-1,3,-1,-1,10,,,,,,2024-05-31 00:00:00,,,,,,,,,"Medida preventiva N° 9 El administrado no cumplió con realizar la succión, recolección y transporte de todos los lixiviados acumulados y empozados sobre el suelo natural, tanto en la zona identificada durante las acciones de supervisión y en las zonas 1, 2 y 3, conforme a lo ordenado en la medida preventiva N° 9 de la Resolución II.",,,,5.0,5150.0,,25750.0,,,,,,,,,0,0,0,0,0,SISUD_VW,2026-09-04 16:34:16
404,,,0006-2021-DSIS-CRES,,00041-2022-OEFA/DSIS,00000302212,20260500005,2022-I01-035368,97,23,-1,3,-1,-1,8,,,,,,2022-09-26 00:00:00,,,,,,,,,"Requerir a la autoridad certificadora correspondiente, la actualización y/o modificación del instrumento de gestión ambiental del relleno sanitario de la provincia de Ica.",,,,2.0,4600.0,,9200.0,,,,,,,,,0,0,0,0,0,SISUD_VW,2026-09-04 16:34:16
405,,,0087-2021-DSIS-CRES,,00045-2022-OEFA/DSIS,00000362212,20260500008,2022-I01-036161,69,23,-1,3,-1,-1,8,,,,,,2022-09-30 00:00:00,,,,,,,,,"Definir un sector del ADRSM “Cerro Candela” para la disposición final de residuos sólidos, en función a la cantidad de residuos que dispone diariamente.",,,,5.0,4600.0,,23000.0,,,,,,,,,0,0,0,0,0,SISUD_VW,2026-09-04 16:34:16
406,,,0006-2023-DSIS-CRES,,00045-2024-OEFA/DSIS,00000252412,20260600022,2024-I01-019143,98,23,-1,3,-1,-1,10,,,,,,2024-05-31 00:00:00,,,,,,,,,"Erradicar la quema y segregación de residuos sólidos; en el ADRSM “Botadero S/N”, a través de las siguientes actividades: (i) Implementar tranquera(s) (estructura(s) sólida(s)) y caseta(s) de control o similar con la finalidad de impedir el acceso de segregadores y vehículos; y (ii) la colocación de carteles en el acceso al ADRSM “Botadero S/N”, prohibiendo realizar la segregación y la quema de residuos sólidos.",,,,5.0,5150.0,,25750.0,,,,,,,,,0,0,0,0,0,SISUD_VW,2026-09-04 16:34:16
407,,,0179-2023-DSIS-CRES,,00125-2024-OEFA/DSIS,00001062412,20260600049,2024-I01-039028,83,23,-1,3,-1,-1,10,,,,,,2024-10-10 00:00:00,,,,,,,,,"Medida Preventiva N° 3 3.3.- Realizar la vigilancia diaria en el ADRSM, a través del personal asignado, a fin de evitar el ingreso de segregadores al ADRSM.",,,,5.0,5150.0,,25750.0,,,,,,,,,0,0,0,0,0,SISUD_VW,2026-09-04 16:34:16
408,,,0155-2024-DSEM-CMIN,,00117-2026-OEFA/DSEM,00036042612,20260600144,2026-I01-025981,6,22,-1,3,-1,-1,-1,,,,,,2026-06-25 00:00:00,,,,,,,,,"Reparar el canal de agua de no contacto del depósito de desmonte zona norte, desde la coordenada UTM WGS 84 8168352 N; 372459 E, hasta UTM WGS 84 8168241 N; 372256 E (aproximadamente 234 m) de forma que no existan grietas que permitan el ingreso cualquier flujo de agua de contacto hacia dicho canal.",,,,3.0,,,,,,,,,,,,0,0,0,0,0,SISUD_VW,2026-09-04 16:34:16
409,,,0098-2023-DSIS-CRES,,00001-2026-OEFA/ODES-PIU-OEN-TAL,00037552612,20260700016,2026-I32-028176,68,23,-1,3,-1,-1,-1,,,,,,2026-07-08 00:00:00,,,,,,,,,"Realizar la clausura de los accesos al ADRS “Botadero Municipal” en los Puntos N° 2, N° 3 y N° 4 de la Tabla N° 2 de la presente resolución, para lo cual deberá implementar diques (montículos con material de la zona con dimensión de aproximadamente 1.5 m de altura por 2.0 m de ancho o muros new jersey de concreto u otro material) para impedir el ingreso de segregadores, vehículos y la disposición de residuos sólidos.",,,,1.0,,,,,,,,,,,,0,0,0,0,0,SISUD_VW,2026-09-04 16:34:16
410,,,0284-2022-DSEM-CHID,,00125-2026-OEFA/DSEM,00037822612,20260700021,2026-I01-028325,29,21,-1,3,-1,-1,-1,,,,,,2026-07-08 00:00:00,,,,,,,,,"PPN no cumplió con la medida preventiva N.° 3 ordenada mediante la Resolución N.° 0204-2022-OEFA/DSEM, toda vez que se mantiene pendiente la limpieza del componente ambiental suelo en las áreas N.° 1 (extendida) y N.° 5, de acuerdo con el siguiente detalle: ¿ El Área N.° 1 (extendida) de 250 m², la cual corresponde al área extendida en la primera acción de supervisión (48 m2) y segunda acción de supervisión (202 m2), en las que se advirtió superación a los valores establecidos en los ECA para Suelo 2013, en los parámetros Fracciones de hidrocarburos (F2) y Naftaleno. ¿ El Área N.° 5 de 17 m², donde durante la segunda acción de supervisión se advirtió superación al ECA para Suelo 2013 en el parámetro Plomo Total.",,,,18.0,,,,,,,,,,,,0,0,0,0,0,SISUD_VW,2026-09-04 16:34:16
411,,,0284-2022-DSEM-CHID,,00125-2026-OEFA/DSEM,00037832612,20260700021,2026-I01-028325,29,21,-1,3,-1,-1,-1,,,,,,2026-07-08 00:00:00,,,,,,,,,"PPN no cumplió con la medida preventiva N.° 4 ordenada mediante la Resolución N.° 0204-2022-OEFA/DSEM, toda vez que, de los hechos constatados en la primera y segunda acción de verificación de medida, se verificó que no se ha efectuado el retiro de veinte (20) marcos tipo «H» en desuso en las Áreas Nros. 1, 2, 3, 4, 5 y 6, de acuerdo con las especificaciones técnicas del Decreto Supremo N.° 014-2017-MINAM, Reglamento del Decreto Legislativo N.° 1278, Decreto Legislativo que aprueba la Ley de Gestión Integral de Residuos Sólidos y sus instrumentos de gestión ambientales aplicables.",,,,12.0,,,,,,,,,,,,0,0,0,0,0,SISUD_VW,2026-09-04 16:34:16
412,,,0156-2022-DSEM-CMIN,,00137-2026-OEFA/DSEM,00040502612,20260700085,2026-I01-031124,6,22,-1,3,-1,-1,-1,,,,,,2026-07-24 00:00:00,,,,,,,,,"Colectar y tratar las aguas de los afloramientos ESP-12 (Zona 19L: E 300142, N 8312559), ESP-13 (Zona 19L: E 300033, N 8312887), ESP-15 (Zona 19L: E 299998, N 8312461), así como de los canales por los cuales descargan al cuerpo hídrico ESP-11 (Zona 19L: E 300003, N 8312866) y ESP-16 (Zona 19L: E 300232, N 8312136), a fin de cumplir con los Estándares Nacionales de Calidad de agua establecidos en el D.S. N° 015-2015-MINAM",,,,100.0,,,,,,,,,,,,0,0,0,0,0,SISUD_VW,2026-09-04 16:34:16
413,,,0284-2022-DSEM-CHID,,00125-2026-OEFA/DSEM,00037842612,20260700021,2026-I01-028325,29,21,-1,3,-1,-1,-1,,,,,,2026-07-08 00:00:00,,,,,,,,,"PPN no cumplió con la medida preventiva N.° 5 ordenada mediante la Resolución N.° 0204-2022-OEFA/DSEM, toda vez que, de los hechos constatados en la primera y segunda acción de verificación de medida, se verificó que no se ejecutó el almacenamiento primario ni el traslado al almacenamiento central de los residuos peligrosos generados como consecuencia de la limpieza de las Áreas N.° 1 (extendida) y N.° 5 afectadas por la emergencia ambiental, así como del retiro de veinte (20) marcos tipo «H».",,,,12.0,,,,,,,,,,,,0,0,0,0,0,SISUD_VW,2026-09-04 16:34:16
414,,,0284-2022-DSEM-CHID,,00125-2026-OEFA/DSEM,00037852612,20260700021,2026-I01-028325,29,21,-1,3,-1,-1,-1,,,,,,2026-07-08 00:00:00,,,,,,,,,"PPN no cumplió con la medida preventiva N.° 6 ordenada mediante la Resolución N.° 0204-2022-OEFA/DSEM, toda vez que, de los hechos constatados en la primera y segunda acción de verificación de medida, se verificó que no se ejecutó el transporte ni la disposición final de los residuos peligrosos de los residuos sólidos peligrosos generados como consecuencia de la limpieza de las Áreas N.° 1 (extendida) y N.° 5 afectadas por la emergencia ambiental, así como del retiro de veinte (20) marcos tipo «H».",,,,12.0,,,,,,,,,,,,0,0,0,0,0,SISUD_VW,2026-09-04 16:34:16
415,,,0069-2022-DSIS-CRES,,00030-2022-OEFA/DSIS,00000282212,20260400046,2022-I01-026999,99,23,-1,3,-1,-1,8,,,,,,2022-07-26 00:00:00,,,,,,,,,Realizar la Implementación del cerco perimétrico,,,,5.0,4600.0,,23000.0,,,,,,,,,0,0,0,0,0,SISUD_VW,2026-09-04 16:34:16
416,,,0089-2021-DSIS-CRES,,00047-2022-OEFA/DSIS,00000332212,20260500007,2022-I01-036203,75,23,-1,3,-1,-1,8,,,,,,2022-09-30 00:00:00,,,,,,,,,"Definir un sector del ADRSM “Cerro Candela” para la disposición final de residuos sólidos, en función a la cantidad de residuos que dispone diariamente.",,,,10.0,4600.0,,46000.0,,,,,,,,,0,0,0,0,0,SISUD_VW,2026-09-04 16:34:16
417,,,0140-2023-DSEM-CHID,,00101-2026-OEFA/DSEM,00029582612,20260500141,2026-I01-021217,29,21,-1,3,-1,-1,-1,,,,,,2026-05-28 00:00:00,,,,,,,,,"Asegurar el área afectada (184 m2 de suelo y vegetación, y 30,6 m2 de sedimento); y contener el hidrocarburo mediante barreras mecánicas y oleofílicas de contención de hidrocarburos instaladas en las rutas de migración, hasta la última traza de hidrocarburos presente en los componentes ambientales que pudieran ser afectados por la emergencia ambiental. Asimismo, implementar cuadrillas para el control y mantenimiento de las barreras mecánicas y oleofílicas de contención de hidrocarburos instaladas en las rutas de migración, con la finalidad de que dichas barreras preserven su funcionalidad de contener y recuperar el hidrocarburo derramado a consecuencia de la emergencia ambiental ocurrida en la Mini Central 149 de la plataforma 149X del yacimiento Pavayacu del Lote 8.",,,,18.0,,,,,,,,,,,,0,0,0,0,0,SISUD_VW,2026-09-04 16:34:16
418,,,0208-2023-DSIS-CRES,,00029-2024-OEFA/DSIS,00000162412,20260600019,2024-I01-012895,100,23,-1,3,-1,-1,10,,,,,,2024-04-16 00:00:00,,,,,,,,,"Realizar el esparcido, compactación y cobertura con material de la zona de los residuos sólidos presentes en la celda, que están expuestos a la intemperie, correspondiente a 9055 m2. Asimismo, a medida que se desarrollen los trabajos de compactación y cobertura de los residuos sólidos dispuestos, el administrado deberá asegurar la presencia y operatividad de los drenes y/o chimeneas para la salida y evacuación de gases.",,,,5.0,5150.0,,25750.0,,,,,,,,,0,0,0,0,0,SISUD_VW,2026-09-04 16:34:16
419,,,0067-2023-DSIS-CRES,,00048-2024-OEFA/DSIS,00000262412,20260600023,2024-I01-019273,101,23,-1,3,-1,-1,10,,,,,,2024-05-31 00:00:00,,,,,,,,,"Implementar medidas para erradicar las actividades de segregación en el área de disposición final de residuos sólidos, ubicado en el km 22 de la carretera Federico Basadre; para el cual, deberá realizar las siguientes actividades: Reducir gradualmente la cantidad de personas dedicadas a las actividades de segregación en la unidad fiscalizable (al 25 %, 50%, 75% y 100%), en el marco de un plan de trabajo que debe considerar la erradicación total de los segregadores como máximo hasta fines febrero de 2024.",,,,5.0,5150.0,,25750.0,,,,,,,,,0,0,0,0,0,SISUD_VW,2026-09-04 16:34:16
420,,,0024-2022-DSIS-CRES,,00051-2024-OEFA/DSIS,00000352412,20260600026,2024-I01-019284,21,23,-1,3,-1,-1,10,,,,,,2024-05-31 00:00:00,,,,,,,,,"Realizar la implementación de los drenes de evacuación y control de gases en las trincheras N° 1, 2, 3, 4, 5, 6, 7, 8, 9, 10, 11, 12, 13 y 14 de disposición final de residuos sólidos. El número de drenes, su ubicación, y rango de distancia entre sí, deberá tener como referencia la Guía6. Asimismo, con la finalidad de realizar la mitigación de gases de efecto invernadero, deberá realizar la instalación de los quemadores en el extremo superior de cada dren de evacuación y control de gases de las trincheras N° 1, 2, 3, 4, 5, 6, 7, 8, 9, 10, 11, 12, 13 y 14.",,,,10.0,5150.0,,51500.0,,,,,,,,,0,0,0,0,0,SISUD_VW,2026-09-04 16:34:16
421,,,0156-2023-DSIS-CRES,,00064-2024-OEFA/DSIS,00000392412,20260600028,2024-I01-027609,71,23,-1,3,-1,-1,10,,,,,,2024-07-30 00:00:00,,,,,,,,,"Realizar la disposición final de los residuos sólidos municipales en el ADRS categorizada para Reconversión del distrito de Torata. Asimismo, realizar las acciones de esparcido, nivelado, compactado y cobertura de residuos municipales con frecuencia de dos (2) veces por semana.",,,,10.0,5150.0,,51500.0,,,,,,,,,0,0,0,0,0,SISUD_VW,2026-09-04 16:34:16
422,,,0159-2023-DSIS-CRES,,00067-2024-OEFA/DSIS,00000552412,20260600031,2024-I01-027673,45,23,-1,3,-1,-1,10,,,,,,2024-07-31 00:00:00,,,,,,,,,"3.2 Realizar la instalación de tres (03) letreros con el siguiente detalle: “se prohíbe la quema de residuos”, tanto en la zona de ingreso y al interior del sector o sectores definidos del ADRS.",,,,5.0,5150.0,,25750.0,,,,,,,,,0,0,0,0,0,SISUD_VW,2026-09-04 16:34:16
423,,,0013-2023-DSIS-CRES,,00097-2024-OEFA/DSIS,00000572412,20260600033,2024-I01-036594,72,23,-1,3,-1,-1,10,,,,,,2024-09-25 00:00:00,,,,,,,,,"Realizar operaciones de esparcido, nivelación, compactación y cobertura de los residuos sólidos dispuestos en la celda N° 16, ubicada en las coordenadas UTM (WGS-84) zona 18L 460535mE, 8767217mN. para lo cual deberá cumplir con los siguientes requisitos: (…) ii) Luego de haber realizado el coberturado de los residuos sólidos que han sido dispuestos en la celda N° 16, se deberán continuar con las operaciones de coberturado de los residuos sólidos dispuestos en el frente de trabajo con una frecuencia de 3 veces por semana.",,,,5.0,5150.0,,25750.0,,,,,,,,,0,0,0,0,0,SISUD_VW,2026-09-04 16:34:16
424,,,0084-2022-DSIS-CRES,,00099-2024-OEFA/DSIS,00000822412,20260600038,2024-I01-037251,30,23,-1,3,-1,-1,10,,,,,,2024-09-27 00:00:00,,,,,,,,,"Medida Administrativa N°3 Restringir el acceso a la celda transitoria, mediante la clausura de las zonas de potencial ingreso de personas, vehículos motorizados y no motorizados, dejando un único acceso (cuya coordenada es 17L 780894E 8984839N) el cual deberá estar resguardado por personal de vigilancia. Para lo cual el administrado deberá: - Implementar tranquera(s) estructura(s) sólida(s) como, por ejemplo: mojones o muros new jersey de concreto o similares que logren clausurar las zonas de potencial ingreso. Desconfiguración todas las vías alternas, que usan los recicladores, para ingresar y salir de la Celda transitoria; el cual durante la acción de supervisión se observaron tres (03) vías de acceso ubicado en las coordenadas UTM 17L 781043E 8985062N, 780975E 8985218N y781070E 8984974N",,,,10.0,5150.0,,51500.0,,,,,,,,,0,0,0,0,0,SISUD_VW,2026-09-04 16:34:16
425,,,0007-2024-DSIS-CRES,,00104-2024-OEFA/DSIS,00000872412,20260600040,2024-I01-037835,102,23,-1,3,-1,-1,10,,,,,,2024-10-01 00:00:00,,,,,,,,,"Medida preventiva N° 2 Realizar en el sector definido y establecido por la MDT, en el ADRSM “Botadero Municipal”, las actividades de esparcido, nivelación, compactación y cobertura (entre 0.20 a 0.30 m de espesor) de los residuos sólidos dispuestos, con una frecuencia de una (1) vez por semana.",,,,5.0,5150.0,,25750.0,,,,,,,,,0,0,0,0,0,SISUD_VW,2026-09-04 16:34:16
426,,,0089-2021-DSIS-CRES,,00026-2022-OEFA/DSIS,00000202212,20260400045,2022-I01-025272,75,23,-1,3,-1,-1,8,,,,,,2022-07-14 00:00:00,,,,,,,,,"Definir un sector del ADRSM “Cerro Candela” para la disposición final de residuos sólidos, en función a la cantidad de residuos que dispone diariamente.",,,,5.0,4600.0,,23000.0,,,,,,,,,0,0,0,0,0,SISUD_VW,2026-09-04 16:34:16
427,,,0024-2022-DSIS-CRES,,00043-2023-OEFA/DSIS,00000162312,20260500032,2023-I01-018401,21,23,-1,3,-1,-1,9,,,,,,2023-05-31 00:00:00,,,,,,,,,"Implementar las operaciones de nivelación, compactación y cobertura diaria de los residuos sólidos en el frente de trabajo de las trincheras con capas de material de la zona de un espesor no menor de 0.20 m que permita su correcto confinamiento. Cabe señalar que dichas operaciones deberán efectuarse en cada frente de trabajo que se implemente para realizar el confinamiento de los residuos sólidos en las trincheras.",,,,5.0,4950.0,,24750.0,,,,,,,,,0,0,0,0,0,SISUD_VW,2026-09-04 16:34:16
490,,,0013-2023-DSIS-CRES,,00097-2024-OEFA/DSIS,00000582412,20260600033,2024-I01-036594,72,23,-1,3,-1,-1,10,,,,,,2024-09-25 00:00:00,,,,,,,,,"Obligación 2.1 de la medida preventiva N° 2 Implementar medidas de mitigación y control del riesgo de la afectación a los componentes suelo y agua debido al escurrimiento, infiltración y percolación de lixiviados, para lo cual debe realizar los siguientes requisitos: i) Elaborar la memoria de cálculo de generación de lixiviados existentes en la unidad fiscalizable de todas las celdas, en ella se precisará el caudal de ingreso de lixiviados a las pozas mencionadas en la tabla N° 1 de la presente obligación y en función a este dato se considerará la frecuencia de recirculación, ajustada para garantizar que los lixiviados no superen los 0.20 m del borde libre de la capacidad de las pozas. Ello con la finalidad de evitar el desbordamiento de lixiviados y la consiguiente afectación del suelo. Asimismo, la memoria deberá especificar las plataformas de las celdas impermeabilizadas según corresponda en las que se llevará a cabo la recirculación. (…)",,,,5.0,5150.0,,25750.0,,,,,,,,,0,0,0,0,0,SISUD_VW,2026-09-04 16:34:16
491,,,0013-2023-DSIS-CRES,,00097-2024-OEFA/DSIS,00000632412,20260600033,2024-I01-036594,72,23,-1,3,-1,-1,10,,,,,,2024-09-25 00:00:00,,,,,,,,,"Obligación 3.5 de la medida preventiva N° 3 Implementar medidas de prevención y mitigación del riesgo de afectación del suelo por la infiltración continua de lixiviado en la Poza N° 1, ubicada en las coordenadas 460521mE 8767298mN, para lo cual debe efectuar las siguientes actividades: (…). v) Instalar el sistema de recirculación interna de lixiviados.",,,,5.0,5150.0,,25750.0,,,,,,,,,0,0,0,0,0,SISUD_VW,2026-09-04 16:34:16
492,,,0084-2022-DSIS-CRES,,00099-2024-OEFA/DSIS,00000812412,20260600038,2024-I01-037251,30,23,-1,3,-1,-1,10,,,,,,2024-09-27 00:00:00,,,,,,,,,"Medida Administrativa N°2 Prohibir la segregación de residuos sólidos en la celda transitoria, para esto el administrado tendrá que: -Retirar a las personas que realizan la actividad de segregación en la celda transitoria. -Reforzar la vigilancia diaria en la celda transitoria, a través del personal asignado, a fin de evitar el ingreso de segregadores y vehículos ajenos a la actividad de disposición final de residuos sólidos.",,,,10.0,5150.0,,51500.0,,,,,,,,,0,0,0,0,0,SISUD_VW,2026-09-04 16:34:16
493,,,0048-2023-DSIS-CRES,,00040-2024-OEFA/DSIS,00000062412,20260400037,2024-I01-016010,111,23,-1,3,-1,-1,10,,,,,,2024-05-08 00:00:00,,,,,,,,,"El administrado no cumplió con el retiro de residuos y limpieza en las zonas 1 y 2 identificadas durante la acción de supervisión, de acuerdo a lo ordenado en la medida preventiva N° 3 de la Resolución I.",,,,5.0,5150.0,,25750.0,,,,,,,,,0,0,0,0,0,SISUD_VW,2026-09-04 16:34:16
494,,,0097-2022-DSIS-CRES,,00002-2023-OEFA/DSIS,00000052312,20260400059,2023-I01-000872,104,23,-1,3,-1,-1,9,,,,,,2023-01-09 00:00:00,,,,,,,,,"2. Evitar la actividad de descarga de residuos sólidos en el ADRSM “Botadero El Cebollar”, a través de las siguientes acciones: 2.1 Realizar la vigilancia diaria, con la finalidad de prohibir el ingreso de vehículos que descarguen residuos sólidos municipales.",,,,5.0,4950.0,,24750.0,,,,,,,,,0,0,0,0,0,SISUD_VW,2026-09-04 16:34:16
495,,,0076-2025-ODES-JUN,,00004-2026-OEFA/ODES-JUN,00027022612,20260500098,2025-I10-052281,89,25,-1,3,-1,-1,-1,,,,,,2026-05-25 00:00:00,,,,,,,,,"Ejecutar las medidas de contingencia en la zona afectada por el incendio de acuerdo a su Plan de Recuperación 2021, en coordenadas: N° Ubicación Este Norte 1 0477251 8657125 2 0477273 8657129 3 0477275 8657164 4 0477260 8657091 5 0477249 8657098 6 0477263 8657142 7 0477254 8657182",,,,1.0,,,,,,,,,,,,0,0,0,0,0,SISUD_VW,2026-09-04 16:34:16
496,,,0110-2022-DSIS-CRES,,00119-2024-OEFA/DSIS,00001002412,20260600045,2024-I01-038928,74,23,-1,3,-1,-1,10,,,,,,2024-10-10 00:00:00,,,,,,,,,Obligaciones de la medida preventiva N° 6 6.1. Realizar la vigilancia diaria durante las veinticuatro (24) horas en dos turnos en el Relleno Sanitario y en el ADRSM Botadero Alto Intiorko (garantizando el control y evitando el ingreso de segregadores).,,,,10.0,5150.0,,51500.0,,,,,,,,,0,0,0,0,0,SISUD_VW,2026-09-04 16:34:16
497,,,0121-2022-DSIS-CRES,,00046-2024-OEFA/DSIS,00001192412,20260600061,2024-I01-019178,96,23,-1,3,-1,-1,10,,,,,,2024-05-31 00:00:00,,,,,,,,,"Medida Preventiva N° 2 Realizar en el sector o sectores definidos, establecidos por la MD de Atico, en el ADRSM “Botadero S/N”, las actividades de esparcido, nivelación, compactación y cobertura (entre 0.20 a 0.30 m de espesor) de los residuos sólidos dispuestos, con una frecuencia de una (01) vez por semana.",,,,5.0,5150.0,,25750.0,,,,,,,,,0,0,0,0,0,SISUD_VW,2026-09-04 16:34:16
498,,,0197-2024-DSEM-CMIN,,00153-2026-OEFA/DSEM,00046892612,20260800087,2026-I01-036286,6,22,-1,3,-1,-1,-1,,,,,,2026-08-27 00:00:00,,,,,,,,,Retirar la tubería desde su origen y captar el agua de contacto hacia la poza 90 000 para su respectivo tratamiento en el STAA Wetland Sur a fin de que dichas aguas cumplan con los LMP aprobado mediante el Decreto Supremo N° 010-2010-MINAM.,,,,64.0,,,,,,,,,,,,0,0,0,0,0,SISUD_VW,2026-09-04 16:34:16
499,,,0048-2023-DSIS-CRES,,00040-2024-OEFA/DSIS,00000052412,20260400037,2024-I01-016010,111,23,-1,3,-1,-1,10,,,,,,2024-05-08 00:00:00,,,,,,,,,"El administrado no cumplió con Realizar el esparcido, compactación y cobertura de todos los residuos sólidos que se encuentran dispuestos – sin cobertura – en la celda de disposición final, ocupando un área de 32903 m2 , conforme a lo ordenado en la medida preventiva N° 1 del Acta de Medida Administrativa.",,,,5.0,5150.0,,25750.0,,,,,,,,,0,0,0,0,0,SISUD_VW,2026-09-04 16:34:16
500,,,0018-2026-DSEM-CMIN,,00148-2026-OEFA/DSEM,00045792612,20260800058,2026-I01-035688,6,22,-1,3,-1,-1,-1,,,,,,2026-08-24 00:00:00,,,,,,,,,"Presentar ante la Autoridad Certificadora, la modificación de la Actualización del Plan de Cierre de Minas de la unidad Arasi, aprobada mediante Resolución Directoral Nº 138-2014-MEM DGAAM, con el propósito de que se evalué las medidas de cierre del tajo valle, el pad Jessica y sus componentes auxiliares (pozas) de acuerdo con las configuraciones y condiciones existentes a fin de evitar la generación de drenaje acido de mina y garantizar la estabilidad física, estabilidad geoquímica e hidrológica, de dichos componentes.",,,,88.0,,,,,,,,,,,,0,0,0,0,0,SISUD_VW,2026-09-04 16:34:16
501,,,0024-2024-DSIS-CRES,,00003-2026-OEFA/ODES-ICA,00029132612,20260500133,2026-I09-014073-1,99,23,-1,3,-1,-1,-1,,,,,,2026-05-27 00:00:00,,,,,,,,,"Medida preventiva N.° 2: Retirar los residuos sólidos dispuestos en el área 1 (850 m²) y área 2 (600 m²), y disponerlos al interior del ADRS “Botadero Sector Lomas de Cabeza”, asegurando el libre tránsito de los vehículos al interior del mismo.",,,,2.0,,,,,,,,,,,,0,0,0,0,0,SISUD_VW,2026-09-04 16:34:16
502,,,0024-2024-DSIS-CRES,,00003-2026-OEFA/ODES-ICA,00029142612,20260500133,2026-I09-014073-1,99,23,-1,3,-1,-1,-1,,,,,,2026-05-27 00:00:00,,,,,,,,,"Medida preventiva N.° 3: Realizar el esparcido, compactación y cobertura de los residuos sólidos dispuestos en el área específica del ADRS con material de la zona, con una frecuencia mínima de cobertura de dos (2) veces por semana.",,,,2.0,,,,,,,,,,,,0,0,0,0,0,SISUD_VW,2026-09-04 16:34:16
503,,,0127-2022-DSIS-CRES,,00044-2024-OEFA/DSIS,00000192412,20260600021,2024-I01-019135,80,23,-1,3,-1,-1,10,,,,,,2024-05-31 00:00:00,,,,,,,,,"Realizar en el sector o sectores definidos, establecidos por la MD de Chala, en el ADRSM “Botadero S/N”, las actividades de esparcido, nivelación, compactación y cobertura (entre 0.20 a 0.30 m de espesor) de los residuos sólidos dispuestos, con una frecuencia de dos (2) veces por semana.",,,,5.0,5150.0,,25750.0,,,,,,,,,0,0,0,0,0,SISUD_VW,2026-09-04 16:34:16
504,,,0006-2023-DSIS-CRES,,00045-2024-OEFA/DSIS,00000242412,20260600022,2024-I01-019143,98,23,-1,3,-1,-1,10,,,,,,2024-05-31 00:00:00,,,,,,,,,"Erradicar la quema y segregación de residuos sólidos; en el ADRSM “Botadero S/N”, a través de las siguientes actividades: Realizar la vigilancia diaria en el ADRSM “Botadero S/N”, a través del personal asignado, a fin de evitar el ingreso de segregadores en el ADRSM.",,,,5.0,5150.0,,25750.0,,,,,,,,,0,0,0,0,0,SISUD_VW,2026-09-04 16:34:16
505,,,0156-2023-DSIS-CRES,,00064-2024-OEFA/DSIS,00000442412,20260600028,2024-I01-027609,71,23,-1,3,-1,-1,10,,,,,,2024-07-30 00:00:00,,,,,,,,,"Realizar la clausura definitiva del Botadero Chuvilaque, para lo cual la municipalidad deberá efectuar la colocación de diques de concreto u otros medios que cumplan con la misma finalidad de impedir el ingreso y tránsito de vehículos en el ADRS. Cabe precisar que, para el desarrollo de dichas actividades de clausura de la zona de ingreso al Botadero Chuvilaque, de requerir, se deberá realizar las gestiones correspondientes para asegurar el acompañamiento y resguardo policial respectivo, en tanto dure dicha actividad.",,,,5.0,5150.0,,25750.0,,,,,,,,,0,0,0,0,0,SISUD_VW,2026-09-04 16:34:16
506,,,0159-2023-DSIS-CRES,,00067-2024-OEFA/DSIS,00000542412,20260600031,2024-I01-027673,45,23,-1,3,-1,-1,10,,,,,,2024-07-31 00:00:00,,,,,,,,,"3.1 Mitigar las zonas y/o puntos de emanación de humos y gases, para el cual deberá efectuar las siguientes acciones: - Aislar la zona y/o punto de emanación de humos y gases identificados. - Realizar la cobertura de la zona y/o punto de emanación de humos y gases con material de cobertura.",,,,5.0,5150.0,,25750.0,,,,,,,,,0,0,0,0,0,SISUD_VW,2026-09-04 16:34:16
507,,,0082-2023-DSIS-CRES,,00106-2024-OEFA/DSIS,00000912412,20260600042,2024-I01-038408,93,23,-1,3,-1,-1,10,,,,,,2024-10-04 00:00:00,,,,,,,,,"Medida Preventiva N° 2 El administrado no cumplió con realizar las acciones de esparcido, nivelación, compactación y cobertura de los residuos sólidos dispuestos, con una frecuencia mínima de dos (02) veces por semana en el sector o sectores definidos. Para lo cual deberá efectuar las siguientes acciones: iii) La cobertura de los residuos deberá realizarse con material adecuado (material de cobertura) en capas de mínimo 0.2m de espesor.",,,,10.0,5150.0,,51500.0,,,,,,,,,0,0,0,0,0,SISUD_VW,2026-09-04 16:34:16
508,,,0194-2025-DSEM-CMIN,,00129-2026-OEFA/DSEM,00038062612,20260700028,2026-I01-029184,112,22,-1,3,-1,-1,-1,,,,,,2026-07-14 00:00:00,,,,,,,,,"Ejecutar la limpieza integral en la sección de la quebrada La Ciénega impactada; y en el canal de derivación del serpentín La Quinua 1 consistente en el retiro manual de los sedimentos de coloración cobriza y el uso de agua residual tratada proveniente de la Planta de Osmosis Inversa Yanacocha Norte. Asimismo, deberá realizar la limpieza integral del serpentín La Quinua 1, el cual consta del retiro de los sedimentos de coloración cobriza acumulados con maquinaria pesada. Cabe mencionar que las especificaciones de cómo se realizará la ejecución de la limpieza integral de la quebrada Ciénega, el Serpentín La Quinua 1 y su canal de derivación se encuentra en el contenido de la presente resolución. Los sedimentos retirados durante la limpieza antes indicada deberán ser dispuestos en los PAD de lixiviación, evitando su dispersión o reincorporación al entorno.",,,,75.0,,,,,,,,,,,,0,0,0,0,0,SISUD_VW,2026-09-04 16:34:16
509,,,0103-2021-DSIS-CRES,,00063-2023-OEFA/DSIS,00000282312,20260500042,2023-I01-025678,90,23,-1,3,-1,-1,9,,,,,,2023-07-17 00:00:00,,,,,,,,,"Asegurar la disposición final de residuos sólidos municipales en una infraestructura de disposición final; para ello, la Municipalidad Provincial de Cañete deberá emitir un acto administrativo que disponga la suscripción de un convenio o contrato para la disposición final de los residuos sólidos en una infraestructura de disposición final (relleno sanitario) autorizada.",,,,5.0,4950.0,,24750.0,,,,,,,,,0,0,0,0,0,SISUD_VW,2026-09-04 16:34:16
510,,,0110-2022-DSIS-CRES,,00065-2023-OEFA/DSIS,00000292312,20260500043,2023-I01-026567,74,23,-1,3,-1,-1,9,,,,,,2023-07-21 00:00:00,,,,,,,,,"Hasta que se culmine con la habilitación de la Celda N° 1, deberá disponer los residuos sólidos municipales en los sectores ubicados en las coordenadas UTM 19K 367949E y 8014565N así como en las coordenadas UTM 19K 367889E y 8014419N del ADRSM “Botadero Alto Intiorko” administrado por la Municipalidad Provincial de Tacna y realizar en dichos sectores, las actividades de esparcido, nivelación, compactación y cobertura tres (3) veces por semana con material de la zona, con un espesor mínimo de 20 cm. Culminado el plazo otorgado para el cumplimiento de la presente medida preventiva, el OEFA evaluará si existe la necesidad de continuar con las actividades de esparcido, nivelación, compactación y cobertura tres (3) veces por semana en los sectores ubicados en las coordenadas UTM 19K 367949E y 8014565N así como en las coordenadas UTM 19K 367889E y 8014419N del ADRSM “Botadero Alto Intiorko",,,,5.0,4950.0,,24750.0,,,,,,,,,0,0,0,0,0,SISUD_VW,2026-09-04 16:34:16
511,,,0049-2025-ODES-TUM,,00001-2026-OEFA/ODES-TUM,00018672612,20260400027,2026-I20-000562,103,29,-1,3,-1,-1,-1,,,,,,2026-04-15 00:00:00,,,,,,,,,"Medida preventiva N° 2 Realizar las operaciones de esparcido, nivelación, compactación y cobertura de los residuos sólidos dispuestos fuera del área específica del ADRSM Botadero Municipal, con material de cobertura de la zona con un espesor de 0.20 m, a fin de evitar la presencia de vectores, malos olores y la emisión de gases tóxicos",,,,6.0,,,,,,,,,,,,0,0,0,0,0,SISUD_VW,2026-09-04 16:34:16
512,,,0258-2023-DSEM-CHID,,00132-2026-OEFA/DSEM,00038802612,20260700045,2026-I01-029877,87,21,-1,3,-1,-1,-1,,,,,,2026-07-17 00:00:00,,,,,,,,,"Realizar el transporte y disposición final, en una infraestructura de disposición final, de los residuos sólidos peligrosos generados como consecuencia de las actividades de la limpieza y descontaminación del suelo de las áreas A1 y A2, ubicadas en la Batería PTS del Lote Z-2B, así como de la limpieza de las áreas y componentes ambientales que resulten afectados por la migración del hidrocarburo, de acuerdo con las especificaciones técnicas del Decreto Supremo N.° 014-2017-MINAM, Reglamento del Decreto Legislativo N.° 1278, Decreto Legislativo que aprueba la Ley de Gestión Integral de Residuos Sólidos y sus instrumentos de gestión ambientales aplicables.",,,,20.0,,,,,,,,,,,,0,0,0,0,0,SISUD_VW,2026-09-04 16:34:16
513,,,0174-2024-DSEM-CMIN,,00139-2026-OEFA/DSEM,00041772612,20260700097,2026-I01-031371,6,22,-1,3,-1,-1,-1,,,,,,2026-07-30 00:00:00,,,,,,,,,"Presentar ante la Autoridad Certificadora, la modificación de la Cuarta Modificación del Plan de Cierre de Minas de la unidad fiscalizable Florencia-Tucari, aprobada mediante Resolución Directoral N° 286-2016/MEM-DGAAM, a fin de que se incorporen aquellos componentes implementados o modificados con posterioridad a la emisión de la Resolución Directoral N° 166-2019-MINEM/DGM del 13 de septiembre de 2019, así como los cambios en el sistema de tratamiento y bombeo de lodos, y el cambio de la funcionalidad del tajo para la disposición de lodos provenientes del sistema de tratamiento de agua ácida del tajo.",,,,100.0,,,,,,,,,,,,0,0,0,0,0,SISUD_VW,2026-09-04 16:34:16
514,,,0006-2023-DSIS-CRES,,00045-2024-OEFA/DSIS,00000232412,20260600022,2024-I01-019143,98,23,-1,3,-1,-1,10,,,,,,2024-05-31 00:00:00,,,,,,,,,"Erradicar la quema y segregación de residuos sólidos; en el ADRSM “Botadero S/N”, a través de las siguientes actividades: Expulsar a las personas que realizan la actividad de segregación en el ADRSM “Botadero S/N”.",,,,5.0,5150.0,,25750.0,,,,,,,,,0,0,0,0,0,SISUD_VW,2026-09-04 16:34:16
515,,,0144-2023-DSIS-CRES,,00049-2024-OEFA/DSIS,00000312412,20260600024,2024-I01-019295,81,23,-1,3,-1,-1,10,,,,,,2024-05-31 00:00:00,,,,,,,,,"Implementar medidas de prevención, mitigación y control del riesgo de afectación al componente suelo, y a la salud de las personas, población cercana, para lo cual deberán realizar las actividades de desbroce, esparcido, compactación y cobertura (mínimo de 0.20 m de espesor) de los residuos sólidos en un área 7000 m2 del ADRSM ubicado en la coordenada UTM Zona 18L (WGS-84) 484557 mE, 9068799mN. Para lo cual deberá realizar las actividades: i) Realizar el desbroce total de la maleza presente en el ADRSM.",,,,5.0,5150.0,,25750.0,,,,,,,,,0,0,0,0,0,SISUD_VW,2026-09-04 16:34:16
516,,,0095-2024-DSIS-CRES,,00070-2024-OEFA/DSIS,00000472412,20260600029,2024-I01-027752,75,23,-1,3,-1,-1,10,,,,,,2024-07-31 00:00:00,,,,,,,,,"Realizar en el sector o sectores definidos, establecidos por la Municipalidad Distrital de Imperial en el ADRSM “Botadero Cerro Candela”, las actividades de esparcido, nivelación, compactación y cobertura (entre 0.20 a 0.30 m de espesor) de los residuos sólidos dispuestos, con una frecuencia de tres (3) veces por semana.",,,,5.0,5150.0,,25750.0,,,,,,,,,0,0,0,0,0,SISUD_VW,2026-09-04 16:34:16
517,,,0013-2023-DSIS-CRES,,00097-2024-OEFA/DSIS,00000672412,20260600033,2024-I01-036594,72,23,-1,3,-1,-1,10,,,,,,2024-09-25 00:00:00,,,,,,,,,"Obligación 5.2 de la medida preventiva N° 5 Implementar medidas de prevención y mitigación del riesgo de afectación al suelo por la infiltración continua de lixiviado en la poza N° 4, ubicada en las coordenadas 460420mE 8767111mN, para lo cual debe efectuar las siguientes actividades: (…) ii) Retirar la geomembrana existente de la poza de lixiviados. (…)",,,,5.0,5150.0,,25750.0,,,,,,,,,0,0,0,0,0,SISUD_VW,2026-09-04 16:34:16
518,,,0013-2023-DSIS-CRES,,00097-2024-OEFA/DSIS,00000702412,20260600033,2024-I01-036594,72,23,-1,3,-1,-1,10,,,,,,2024-09-25 00:00:00,,,,,,,,,"Obligación 5.5 de la medida preventiva N° 5 Implementar medidas de prevención y mitigación del riesgo de afectación al suelo por la infiltración continua de lixiviado en la poza N° 4, ubicada en las coordenadas 460420mE 8767111mN, para lo cual debe efectuar las siguientes actividades: (…). v) Instalar el sistema de recirculación interna de lixiviados.",,,,5.0,5150.0,,25750.0,,,,,,,,,0,0,0,0,0,SISUD_VW,2026-09-04 16:34:16
519,,,0013-2023-DSIS-CRES,,00097-2024-OEFA/DSIS,00000712412,20260600033,2024-I01-036594,72,23,-1,3,-1,-1,10,,,,,,2024-09-25 00:00:00,,,,,,,,,"Obligación 6.1 de la medida preventiva N° 6 Implementar dren pluvial revestido con concreto o geomembrana en el lado noroeste de la celda N° 15, que se extenderá desde el punto ubicado en la sección A-B de las coordenadas aproximadas UTM (WGS-84) zona 18L desde el punto 460208.00 E 8767120.73 N hasta el punto 460367.00 E 8767283.05 N; ello con la finalidad de interceptar las aguas pluviales, para lo cual debe efectuar las siguientes actividades: i) Elaborar la memoria descriptiva y especificaciones técnicas que contenga planos del diseño para la implementación del dren pluvial de concreto en las coordenadas en mención. (…)",,,,5.0,5150.0,,25750.0,,,,,,,,,0,0,0,0,0,SISUD_VW,2026-09-04 16:34:16
520,,,0013-2023-DSIS-CRES,,00097-2024-OEFA/DSIS,00000722412,20260600033,2024-I01-036594,72,23,-1,3,-1,-1,10,,,,,,2024-09-25 00:00:00,,,,,,,,,"Obligación 6.2 de la medida preventiva N° 6 Implementar dren pluvial revestido con concreto o geomembrana en el lado noroeste de la celda N° 15, que se extenderá desde el punto ubicado en la sección A-B de las coordenadas aproximadas UTM (WGS-84) zona 18L desde el punto 460208.00 E 8767120.73 N hasta el punto 460367.00 E 8767283.05 N; ello con la finalidad de interceptar las aguas pluviales, para lo cual debe efectuar las siguientes actividades: (…). ii) Implementar dren pluvial para interceptar las aguas pluviales de las quebradas, considerando la memoria descriptiva y las especificaciones técnicas.",,,,5.0,5150.0,,25750.0,,,,,,,,,0,0,0,0,0,SISUD_VW,2026-09-04 16:34:16
521,,,0211-2023-DSIS-CRES,,00098-2024-OEFA/DSIS,00000792412,20260600035,2024-I01-036646,108,23,-1,3,-1,-1,10,,,,,,2024-09-25 00:00:00,,,,,,,,,"El administrado no cumplió en elaborar y remitir al OEFA un plan de vigilancia para el resguardo y prevención de ingreso de terceros al Relleno Sanitario, conforme a lo ordenado en la obligación i) de la medida preventiva N° 1 del Acta de Medida Administrativa.",,,,5.0,5150.0,,25750.0,,,,,,,,,0,0,0,0,0,SISUD_VW,2026-09-04 16:34:16
522,,,0084-2022-DSIS-CRES,,00099-2024-OEFA/DSIS,00000842412,20260600038,2024-I01-037251,30,23,-1,3,-1,-1,10,,,,,,2024-09-27 00:00:00,,,,,,,,,"Medida preventiva N° 10 Implementar las operaciones de esparcido, compactación y cobertura de los residuos sólidos que ingresan diariamente a la celda transitoria de disposición final del Santa, asegurando la permanencia y operatividad de los drenes de evacuación de gases. La cobertura de los residuos deberá realizarse con material adecuado (material de cobertura) en capas de mínimo 0.20 m de espesor, con una frecuencia diaria.",,,,10.0,5150.0,,51500.0,,,,,,,,,0,0,0,0,0,SISUD_VW,2026-09-04 16:34:16
523,,,0210-2023-DSIS-CRES,,00105-2024-OEFA/DSIS,00000882412,20260600041,2024-I01-037968,92,23,-1,3,-1,-1,10,,,,,,2024-10-02 00:00:00,,,,,,,,,Medida Preventiva N° 1: Realizar el despeje y recolección de los residuos sólidos presentes en el dren perimetral externo de lixiviados ubicado en todo el contorno del dique externo de contención de la celda N° 3. Para el cual el administrado deberá de: - Realizar el retiro de todos los residuos presente en el dren perimetral externo de lixiviados,,,,5.0,5150.0,,25750.0,,,,,,,,,0,0,0,0,0,SISUD_VW,2026-09-04 16:34:16
524,,,0110-2022-DSIS-CRES,,00119-2024-OEFA/DSIS,00001022412,20260600045,2024-I01-038928,74,23,-1,3,-1,-1,10,,,,,,2024-10-10 00:00:00,,,,,,,,,Obligaciones de la medida preventiva N° 6 6.3. Retirar los residuos sólidos segregados en el Relleno Sanitario.,,,,10.0,5150.0,,51500.0,,,,,,,,,0,0,0,0,0,SISUD_VW,2026-09-04 16:34:16
525,,,0258-2023-DSEM-CHID,,00132-2026-OEFA/DSEM,00038782612,20260700045,2026-I01-029877,87,21,-1,3,-1,-1,-1,,,,,,2026-07-17 00:00:00,,,,,,,,,"Realizar la limpieza y descontaminación del suelo de las áreas A1 y A2, ubicadas en la Batería PTS del Lote Z-2B, así como realizar la reconfiguración de las áreas intervenidas que a la fecha hayan sido afectadas por la migración del contaminante, hasta lograr que la calidad del suelo mencionado cumpla con los ECA para Suelo 2013 en la categoría de uso de suelo industrial.",,,,32.0,,,,,,,,,,,,0,0,0,0,0,SISUD_VW,2026-09-04 16:34:16
526,,,0140-2023-DSEM-CHID,,00101-2026-OEFA/DSEM,00029602612,20260500141,2026-I01-021217,29,21,-1,3,-1,-1,-1,,,,,,2026-05-28 00:00:00,,,,,,,,,"Almacenar y trasladar los residuos sólidos y líquidos peligrosos generados como consecuencia de las actividades de limpieza del área afectada por la presente emergencia ambiental (184 m2 de suelo y vegetación, y 30,6 m2 sedimento), así como de la limpieza de las áreas y componentes ambientales que resulten afectados por la migración del hidrocarburo, de acuerdo con las especificaciones técnicas del Decreto Supremo N° 014-2017-MINAM, Reglamento del Decreto Legislativo N° 1278, Decreto Legislativo que aprueba la Ley de Gestión Integral de Residuos Sólidos y sus instrumentos de gestión ambientales aplicables.",,,,12.0,,,,,,,,,,,,0,0,0,0,0,SISUD_VW,2026-09-04 16:34:16
527,,,0087-2021-DSIS-CRES,,00044-2023-OEFA/DSIS,00000022312,20260400057,2023-I01-018402,69,23,-1,3,-1,-1,9,,,,,,2023-05-31 00:00:00,,,,,,,,,"Realizar la vigilancia diaria en el ADRSM “Quebrada Cementerio N° 02”, a través de personal asignado, a fin de evitar el ingreso de segregadores y vehículos ajenos al servicio de limpieza pública",,,,10.0,4950.0,,49500.0,,,,,,,,,0,0,0,0,0,SISUD_VW,2026-09-04 16:34:16
528,,,0097-2022-DSIS-CRES,,00002-2023-OEFA/DSIS,00000072312,20260400059,2023-I01-000872,104,23,-1,3,-1,-1,9,,,,,,2023-01-09 00:00:00,,,,,,,,,"3.Erradicar la segregación de residuos sólidos en el ADRSM Botadero El Cebollar, a través de las siguientes actividades: Realizar la vigilancia diaria en el ADRSM “Botadero El Cebollar”, a través del personal asignado, a fin de evitar el ingreso de segregadores en el ADRSM..",,,,5.0,4950.0,,24750.0,,,,,,,,,0,0,0,0,0,SISUD_VW,2026-09-04 16:34:16
529,,,0193-2025-DSEM-CMIN,,00094-2026-OEFA/DSEM,00024242612,20260500021,2026-I01-018694,6,22,-1,3,-1,-1,-1,,,,,,2026-05-12 00:00:00,,,,,,,,,"Captar el agua de contacto del depósito de desmonte (ESP-ARI-11) mediante los subdrenes de dicho componente y dirigirlo hacia el sistema de tratamiento de agua ácida del tajo, a fin de que el agua en el punto PS-02 cumpla con los LMP aprobado mediante el Decreto Supremo N° 010-2010-MINAM antes de ser descargada a la quebrada Apostoloni. La captación se deberá realizar de tal modo que no ingrese agua de contacto hacia el canal de agua de no contacto de dicho componente.",,,,34.0,,,,,,,,,,,,0,0,0,0,0,SISUD_VW,2026-09-04 16:34:16
530,,,0140-2023-DSEM-CHID,,00101-2026-OEFA/DSEM,00029592612,20260500141,2026-I01-021217,29,21,-1,3,-1,-1,-1,,,,,,2026-05-28 00:00:00,,,,,,,,,"Limpiar el área afectada (184 m2 de suelo y 30,6 m2 de sedimento), donde se verificó la afectación de los componentes ambientales suelo, vegetación y sedimento; así como, las áreas y componentes ambientales que resulten afectadas por la migración del hidrocarburo, como consecuencia de la falta de contención efectiva del hidrocarburo proveniente de la emergencia ambiental ocurrida por el derrame de hidrocarburo en la Mini Central 149 de la plataforma 149X del Yacimiento Pavayacu del Lote 8.",,,,18.0,,,,,,,,,,,,0,0,0,0,0,SISUD_VW,2026-09-04 16:34:16
531,,,0068-2022-DSIS-CRES,,00047-2024-OEFA/DSIS,00001232412,20260600065,2024-I01-019213,79,23,-1,3,-1,-1,10,,,,,,2024-05-31 00:00:00,,,,,,,,,"Medida preventiva N° 11 El administrado no cumplió con realizar la instalación de 22 chimeneas para la salida y evacuación de los gases generados en la celda de disposición final, conforme a lo ordenado por la medida preventiva N° 11 de la Resolución I.",,,,10.0,5150.0,,51500.0,,,,,,,,,0,0,0,0,0,SISUD_VW,2026-09-04 16:34:16
532,,,0068-2022-DSIS-CRES,,00047-2024-OEFA/DSIS,00001252412,20260600065,2024-I01-019213,79,23,-1,3,-1,-1,10,,,,,,2024-05-31 00:00:00,,,,,,,,,"Medida preventiva N° 6 El administrado no cumplió con realizar la contención, sellado y/o clausura de toda forma de salida, fuga, afloramiento y discurrimiento de lixiviados, a partir de la base y talud del dique de contención perimetral de la celda de disposición final, conforme a lo ordenado en la medida preventiva Nº 6 de la Resolución II.",,,,5.0,5150.0,,25750.0,,,,,,,,,0,0,0,0,0,SISUD_VW,2026-09-04 16:34:16
533,,,0222-2024-DSEM-CHID,,00142-2026-OEFA/DSEM,00043502612,20260800006,2026-I01-032696,8,21,-1,3,-1,-1,-1,,,,,,2026-08-05 00:00:00,,,,,,,,,"Petroperú incumplió la medida preventiva N.° 3 dictada mediante la Resolución N.° 00092-2024-OEFA/DSEM del 26 de marzo de 2024, bajo el Expediente N.° 0196-2022-DSEM-CHID; toda vez que no realizó el transporte y la disposición final de los residuos sólidos generados como consecuencia de las actividades de limpieza de las áreas afectadas por el derrame de petróleo crudo, de acuerdo con las disposiciones contenidas en el Decreto Legislativo N.° 1278, que aprueba la Ley de Gestión Integral de Residuos Sólidos, y su Reglamento, aprobado por Decreto Supremo N.° 014-2017-MINAM.",,,,34.0,,,,,,,,,,,,0,0,0,0,0,SISUD_VW,2026-09-04 16:34:16
534,,,0197-2024-DSEM-CMIN,,00153-2026-OEFA/DSEM,00046882612,20260800087,2026-I01-036286,6,22,-1,3,-1,-1,-1,,,,,,2026-08-27 00:00:00,,,,,,,,,"Identificar en campo el origen de la tubería ubicada en la coordenada UTM WGS 84 19: 371243 E, 8167473 N",,,,64.0,,,,,,,,,,,,0,0,0,0,0,SISUD_VW,2026-09-04 16:34:16
535,,,0082-2023-DSIS-CRES,,00025-2024-OEFA/DSIS,00001172412,20260600059,2024-I01-011908,93,23,-1,3,-1,-1,10,,,,,,2024-04-08 00:00:00,,,,,,,,,"El administrado no cumplió con realizar las acciones de esparcido, nivelación, compactación y cobertura de los residuos sólidos dispuestos, con una frecuencia mínima de dos (02) veces por semana en el sector o sectores definidos. Para lo cual deberá efectuar las siguientes acciones: (…) ii) Realizar las acciones de nivelación y compactación de los residuos sólidos que son descargados en el sector y/o sectores con material de cobertura con una frecuencia mínima de dos (2) veces a la semana. iii) La cobertura de los residuos deberá realizarse con material adecuado (material de cobertura) en capas de mínimo 0.2 m de espesor.",,,,10.0,5150.0,,51500.0,,,,,,,,,0,0,0,0,0,SISUD_VW,2026-09-04 16:34:16
536,,,0192-2025-DSEM-CMIN,,00093-2026-OEFA/DSEM,00024182612,20260500019,2026-I01-018574,6,22,-1,3,-1,-1,-1,,,,,,2026-05-11 00:00:00,,,,,,,,,"Retirar las tuberías de HDPE de las descargas de agua de contacto proveniente del depósito de desmonte no autorizadas ESP-ARI-6P y ESP-ARI-7P captar dichos flujos de agua de contacto del depósito de desmonte mediante los subdrenes de dicho componente y dirigirlos hacia el sistema de tratamiento de agua ácida del tajo, a fin de que el agua en el punto PS-02 cumpla con los LMP aprobado mediante el Decreto Supremo N° 010-2010-MINEAM antes de ser descargada a la quebrada Apostoloni",,,,34.0,,,,,,,,,,,,0,0,0,0,0,SISUD_VW,2026-09-04 16:34:16
440,,,0067-2023-DSIS-CRES,,00048-2024-OEFA/DSIS,00000282412,20260600023,2024-I01-019273,101,23,-1,3,-1,-1,10,,,,,,2024-05-31 00:00:00,,,,,,,,,"Realizar operaciones de esparcido, compactación y la cobertura de los residuos sólidos en el Área DF 1, ubicado en las coordenadas UTM Zona 18L Datum (WGS-84) 531710E, 9065991N, para lo cual deberá cumplir con los siguientes requisitos: Espesor mínimo de la cobertura de residuos: 0.2 m.",,,,5.0,5150.0,,25750.0,,,,,,,,,0,0,0,0,0,SISUD_VW,2026-09-04 16:34:16
441,,,0067-2023-DSIS-CRES,,00048-2024-OEFA/DSIS,00000292412,20260600023,2024-I01-019273,101,23,-1,3,-1,-1,10,,,,,,2024-05-31 00:00:00,,,,,,,,,"Realizar operaciones de esparcido, compactación y la cobertura de los residuos sólidos en el Área DF 1, ubicado en las coordenadas UTM Zona 18L Datum (WGS-84) 531710E, 9065991N, para lo cual deberá cumplir con los siguientes requisitos: Frecuencia máxima de la cobertura de los residuos: cada 3 días",,,,5.0,5150.0,,25750.0,,,,,,,,,0,0,0,0,0,SISUD_VW,2026-09-04 16:34:16
442,,,0067-2023-DSIS-CRES,,00048-2024-OEFA/DSIS,00000302412,20260600023,2024-I01-019273,101,23,-1,3,-1,-1,10,,,,,,2024-05-31 00:00:00,,,,,,,,,"Realizar operaciones de esparcido, compactación y la cobertura de los residuos sólidos en el Área DF 1, ubicado en las coordenadas UTM Zona 18L Datum (WGS-84) 531710E, 9065991N, para lo cual deberá cumplir con los siguientes requisitos: Definir máximo 2 sectores de trabajo para la descarga diaria de los residuos dentro del Área DF 1, según programación. Así como un registro de las operaciones diarias de la disposición final de los residuos, que permita identificar fecha, sector de trabajo, cantidad de residuo, procedencia y tipo de operación realizada (descarga, esparcido y compactación y la realización de la cobertura en la frecuencia antes mencionada). (…)”",,,,5.0,5150.0,,25750.0,,,,,,,,,0,0,0,0,0,SISUD_VW,2026-09-04 16:34:16
443,,,0024-2022-DSIS-CRES,,00051-2024-OEFA/DSIS,00000342412,20260600026,2024-I01-019284,21,23,-1,3,-1,-1,10,,,,,,2024-05-31 00:00:00,,,,,,,,,"Realizar la nivelación, compactación y cobertura de los residuos sólidos acumulados en las trincheras N° 1, 2, 3, 4, 5, 6, 9 y 10 con capas de material de la zona de un espesor no menor de 0.20 m.",,,,10.0,5150.0,,51500.0,,,,,,,,,0,0,0,0,0,SISUD_VW,2026-09-04 16:34:16
444,,,0156-2023-DSIS-CRES,,00064-2024-OEFA/DSIS,00000422412,20260600028,2024-I01-027609,71,23,-1,3,-1,-1,10,,,,,,2024-07-30 00:00:00,,,,,,,,,"Comunicar a los centros poblados y anexos de la Municipalidad Distrital de Torata que realizan la disposición final de residuos en el ADRSM “Botadero Chuvilaque”, tanto el cese de toda forma de descarga y/o disposición final de residuos sólidos municipales en el ADRSM, así como, el inicio de la operación del ADRS categorizada para Reconversión del distrito de Torata. (…) 5.1 Realizar la instalación de letreros y/o afiches, en el frontis del punto de ingreso del Botadero Chuvilaque, en los cuales se señale el Cese y prohibición de descarga y/o disposición final de residuos sólidos municipales, tanto por la municipalidad involucrada, así como por terceros.",,,,5.0,5150.0,,25750.0,,,,,,,,,0,0,0,0,0,SISUD_VW,2026-09-04 16:34:16
445,,,0095-2024-DSIS-CRES,,00070-2024-OEFA/DSIS,00000462412,20260600029,2024-I01-027752,75,23,-1,3,-1,-1,10,,,,,,2024-07-31 00:00:00,,,,,,,,,"Definir y señalizar —mediante hitos o estacas u otro dispositivo similar— un sector o sectores del ADRSM Botadero Cerro Candela, a fin de efectuar en ese lugar la disposición final de residuos sólidos municipales, en función a la cantidad de residuos que dispone diariamente.",,,,5.0,5150.0,,25750.0,,,,,,,,,0,0,0,0,0,SISUD_VW,2026-09-04 16:34:16
446,,,0095-2024-DSIS-CRES,,00070-2024-OEFA/DSIS,00000492412,20260600029,2024-I01-027752,75,23,-1,3,-1,-1,10,,,,,,2024-07-31 00:00:00,,,,,,,,,"Erradicar la quema y segregación de residuos sólidos en el ADRSM “Botadero Cerro Candela”, a través de las siguientes actividades: (…) 5.2 Controlar las plumas de humo en el ADRSM “Botadero Cerro Candela”, realizando acciones de cobertura final con un espesor mínimo de 50 cm.",,,,5.0,5150.0,,25750.0,,,,,,,,,0,0,0,0,0,SISUD_VW,2026-09-04 16:34:16
447,,,0044-2025-DSEM-CMIN,,00113-2026-OEFA/DSEM,00033422612,20260600104,2026-I01-025358,6,22,-1,3,-1,-1,-1,,,,,,2026-06-22 00:00:00,,,,,,,,,"Captar el flujo de agua de contacto proveniente del depósito de desmonte, que descarga en la quebrada S/N 2, ubicado en la coordenada UTM WGS 84 Zona 19: 372314 E, 8168290 N a 4874 m.s.n.m. y derivarlo a la planta de tratamiento STAA Wetland Sur, a fin de que cumpla con los LMP aprobado mediante el Decreto Supremo N° 010-2010-MINAM",,,,100.0,,,,,,,,,,,,0,0,0,0,0,SISUD_VW,2026-09-04 16:34:16
448,,,0115-2024-DSEM-CMIN,,00082-2026-OEFA/DSEM,00022612612,20260400108,2026-I01-016514,23,22,-1,3,-1,-1,-1,,,,,,2026-04-28 00:00:00,,,,,,,,,"Captar y tratar temporalmente el efluente proveniente de la bocamina 14646, el cual debe cumplir con el Límite Máximo Permisible establecido en el Decreto Supremo N° 010-2010-MINAM, a fin de evitar que afecte las aguas de la quebrada Caridad.",,,,69.0,,,,,,,,,,,,0,0,0,0,0,SISUD_VW,2026-09-04 16:34:16
449,,,0091-2022-DSIS-CRES,,00013-2023-OEFA/DSIS,00000392312,20260500053,2023-I01-002331,70,23,-1,3,-1,-1,9,,,,,,2023-01-23 00:00:00,,,,,,,,,"4 Erradicar: i) la segregación de residuos sólidos; ii) la quema de residuos sólidos; y, iii) la crianza de animales, en el ADRSM “Botadero Quebrada Cementerio N° 01”, a través de las siguientes actividades 4.3 Implementar cerco perimétrico y carteles en las zonas potenciales de acceso al ADRSM “Botadero Quebrada Cementerio N° 01”, prohibiendo realizar la segregación y la quema de residuos sólidos y la prohibición de crianza de animales en el ADRSM.",,,,5.0,4950.0,,24750.0,,,,,,,,,0,0,0,0,0,SISUD_VW,2026-09-04 16:34:16
450,,,0015-2024-DSIS-CRES,,00006-2026-OEFA/ODES-LAM,00021022612,20260400078,2026-I12-015660,105,23,-1,3,-1,-1,-1,,,,,,2026-04-22 00:00:00,,,,,,,,,"La MD Santa Rosa no realizó las operaciones de esparcido, compactación y cobertura de los residuos sólidos dispuestos a cielo abierto en el ADRSM Botadero Municipal Santa Rosa Sector Laguna Chica en zonas distintas al área o sector definido señalado en el Oficio N° 313-2024-MDSR/A de fecha 23 de setiembre de 2024; teniendo en cuenta lo siguiente: a) Realizó fuera de plazo la sectorización de las zonas del ADRSM, distintas al área o sector definido señalado en el Oficio N° 313-2024-MDSR/A ADRSM. b) Elaboró fuera de plazo un cronograma de implementación, para ejecutar las acciones de esparcido, compactación y cobertura de las zonas del ADRSM, distintas al área o sector definido señalado en el Oficio N 313-2024-MDSR/A ADRSM. c) No realizó el esparcido, compactación y cobertura de los residuos sólidos, con un espesor entre 0.20 a 0.30 m, de las zonas del ADRSM. distintas al área o sector definido señalado en el Oficio N 313-2024-MDSR/A ADRSM; esto conforme al cronogram",,,,3.0,,,,,,,,,,,,0,0,0,0,0,SISUD_VW,2026-09-04 16:34:16
451,,,0159-2025-DSEM-CMIN,,00087-2026-OEFA/DSEM,00022782612,20260400113,2026-I01-016763,65,22,-1,3,-1,-1,-1,,,,,,2026-04-29 00:00:00,,,,,,,,,"Elaborar estudios especializados en los sectores 1 (aledaño a la bocamina Nv. 4720) y 2 (noroeste del depósito de desmonte principal Nv. 4725) con la finalidad de determinar las zonas de saturación y migración de aguas subterráneas acumuladas (aguas de contacto) en las galerías Nv. 4720 y Nv. 4600, que afloraron en los puntos ESP-ARI-1, ESP-ARI-2, ESP-ARI-3, ESP-ARI-4, ESP-ARI-5 y ESP-AS-4, identificados en la acción de supervisión noviembre 2023 y acción de supervisión julio 2024 Dichos estudios deberán tener en cuenta las consideraciones mencionadas en el párrafo 126 de la presente resolución.",,,,32.0,,,,,,,,,,,,0,0,0,0,0,SISUD_VW,2026-09-04 16:34:16
452,,,0089-2021-DSIS-CRES,,00047-2022-OEFA/DSIS,00000342212,20260500007,2022-I01-036203,75,23,-1,3,-1,-1,8,,,,,,2022-09-30 00:00:00,,,,,,,,,"Realizar en el sector definido, las actividades de nivelación, compactación y cobertura (entre 0.20 a 0.30 m de espesor) de los residuos sólidos dispuestos, con una frecuencia diaria; considerando la fecha de verificación de la acción de supervisión.",,,,10.0,4600.0,,46000.0,,,,,,,,,0,0,0,0,0,SISUD_VW,2026-09-04 16:34:16
453,,,0355-2023-DSEM-CHID,,00071-2026-OEFA/DSEM,00018552612,20260400022,2026-I01-014171,29,21,-1,3,-1,-1,-1,,,,,,2026-04-14 00:00:00,,,,,,,,,"Realizar la transporte y disposición final de los residuos sólidos y líquidos peligrosos generados como consecuencia de las actividades de retiro de la totalidad de tubería y accesorios (vigas H, válvulas, etc.) de la línea de 4” que va de Plataforma 3X hacia Batería 5 en el yacimiento Pavayacu del Lote 8, de acuerdo con las especificaciones técnicas del Decreto Supremo N° 014-2017- MINAM, Reglamento del Decreto Legislativo N° 1278, que aprueba la Ley de Gestión Integral de Residuos Sólidos y sus instrumentos de gestión ambiental aplicables.",,,,23.0,,,,,,,,,,,,0,0,0,0,0,SISUD_VW,2026-09-04 16:34:16
454,,,0081-2023-DSIS-CRES,,00103-2023-OEFA/DSIS,00000352312,20260500047,2023-I01-047077,106,23,-1,3,-1,-1,9,,,,,,2023-11-30 00:00:00,,,,,,,,,"Implementar las operaciones de nivelación, compactación y cobertura diaria de los residuos sólidos en el frente de trabajo de las trincheras con capas de material de la zona de un espesor no menor de 0.20 m que permita su correcto confinamiento. Cabe señalar que dichas operaciones deberán efectuarse en cada frente de trabajo que se implemente para realizar el confinamiento de los residuos sólidos en las trincheras.",,,,5.0,4950.0,,24750.0,,,,,,,,,0,0,0,0,0,SISUD_VW,2026-09-04 16:34:16
455,,,0023-2022-DSIS-CRES,,00006-2026-OEFA/ODES-LOR,00039042612,20260700052,2026-I13-030003,10,23,-1,3,-1,-1,-1,,,,,,2026-07-17 00:00:00,,,,,,,,,"Medida Preventiva N° 6 Implementar un sistema de manejo de lixiviados en el Botadero carretera Requena – Yaquerana, que contemple: Implementación de drenes para la captación de lixiviados en todo el perímetro del área con residuos sólidos dispuestos. * Implementación y construcción de una poza de almacenamiento de lixiviados, la cual debe estar impermeabilizada con geomembrana, provista de una cubierta (techo) y un canal perimetral pluvial para evitar el ingreso del agua de lluvia. ** Implementación de un canal de interceptación de agua pluvial, para evitar el ingreso de agua de lluvia al ADRSM. *** *Los canales de los drenes perimetrales de captación de lixiviados deberán tener un ancho de 0.40 m y una profundidad de 0.40 m con una pendiente mínima de 2% que garantice que los lixiviados fluyan hacia la poza de almacenamiento. Cabe precisar que los drenes perimetrales de captación de lixiviados deberán estar conectados a la poza de almacenamiento de lixiviados a travé",,,,12.0,,,,,,,,,,,,0,0,0,0,0,SISUD_VW,2026-09-04 16:34:16
456,,,0023-2022-DSIS-CRES,,00006-2026-OEFA/ODES-LOR,00039052612,20260700052,2026-I13-030003,-1,23,-1,3,-1,-1,-1,,,,,,2026-07-17 00:00:00,,,,,,,,,"Medida Preventiva N° 6 Implementar un sistema de manejo de lixiviados en el Botadero carretera Requena – Yaquerana, que contemple: ii) Implementación y construcción de una poza de almacenamiento de lixiviados, la cual debe estar impermeabilizada con geomembrana, provista de una cubierta (techo) y un canal perimetral pluvial para evitar el ingreso del agua de lluvia. ** ** La poza de lixiviados, debe ser ubicada al noreste del botadero, es decir en la parte de menor elevación, para permitir que los lixiviados fluyan por gravedad hacia la poza de almacenamiento.",,,,4.0,,,,,,,,,,,,0,0,0,0,0,SISUD_VW,2026-09-04 16:34:16
457,,,0257-2025-DSEM-CMIN,,00097-2026-OEFA/DSEM,00026812612,20260500092,2026-I01-020382,23,22,-1,3,-1,-1,-1,,,,,,2026-05-22 00:00:00,,,,,,,,,"Optimizar el sistema de tratamiento del efluente proveniente de la bocamina 8766, de manera que garantice el cumplimiento de los Límites Máximos Permisibles establecidos en el Decreto Supremo Nº 010-2010-MINAM, antes de ser descargados al río San Antonio, hasta que culmine con las actividades de cierre aprobadas para la bocamina 8766 de acuerdo a su PCPAM y modificatoria.",,,,75.0,,,,,,,,,,,,0,0,0,0,0,SISUD_VW,2026-09-04 16:34:16
458,,,0024-2024-DSIS-CRES,,00003-2026-OEFA/ODES-ICA,00029122612,20260500133,2026-I09-014073-1,99,23,-1,3,-1,-1,-1,,,,,,2026-05-27 00:00:00,,,,,,,,,"Medida preventiva N.° 1: Definir, delimitar y señalizar mediante hitos, estacas u otros materiales el área específica para realizar únicamente la descarga de los residuos sólidos que ingresan al ADRS “Botadero Sector Lomas de Cabeza”.",,,,2.0,,,,,,,,,,,,0,0,0,0,0,SISUD_VW,2026-09-04 16:34:16
459,,,0161-2025-DSEM-CMIN,,00072-2026-OEFA/DSEM,00018692612,20260400028,2026-I01-014484,6,22,-1,3,-1,-1,-1,,,,,,2026-04-15 00:00:00,,,,,,,,,"Retirar los aproximadamente 30 metros lineales de la tubería de HDPE de 6”, ubicada en la coordenada UTM WGS 84 19: 372 584 E, 8 167 114 N, conectada a la tubería de HDPE que provendría del algún componente del STAAT y, finalmente, sellar el espacio vacío con una tapa ciega, de modo que no exista ningún medio de posibles descargas de agua de contacto con destino al medio ambiente",,,,22.0,,,,,,,,,,,,0,0,0,0,0,SISUD_VW,2026-09-04 16:34:16
460,,,0087-2021-DSIS-CRES,,00001-2023-OEFA/DSIS,00000092312,20260400060,2023-I01-000634,69,23,-1,3,-1,-1,9,,,,,,2023-01-05 00:00:00,,,,,,,,,Expulsar a las personas que realizan la actividad de segregación en el ADRSM “Quebrada Cementerio N° 02”.,,,,10.0,4950.0,,49500.0,,,,,,,,,0,0,0,0,0,SISUD_VW,2026-09-04 16:34:16
461,,,0069-2022-DSIS-CRES,,00030-2022-OEFA/DSIS,00000272212,20260400046,2022-I01-026999,99,23,-1,3,-1,-1,8,,,,,,2022-07-26 00:00:00,,,,,,,,,"Realizar la habilitación y mejora de las chimeneas y/o drenes de salida y evacuación de gases en las celdas de disposición final de residuos sólidos. La cantidad de chimeneas o drenes se definirá teniendo en cuenta un radio de influencia de 25 metros entre cada uno. Dichas chimeneas constan de palos de madera rollizo de 4” de diámetro, mallas de gallinero de #12 de 1”x1”, con piedra de 4”-6” de diámetro Asimismo, comprende la colocación de un sistema quemador de gases, el cual se instalará al culminar la plataforma del relleno, este sistema consta de la colocación de medio cilindro unido a un tubo galvanizado y un tubo de mayor diámetro para que sirva como quemador.",,,,5.0,4600.0,,23000.0,,,,,,,,,0,0,0,0,0,SISUD_VW,2026-09-04 16:34:16
462,,,0067-2022-DSIS-CRES,,00031-2022-OEFA/DSIS,00000292212,20260500004,2022-I01-027255,85,23,-1,3,-1,-1,8,,,,,,2022-07-27 00:00:00,,,,,,,,,"El administrado no cumplió con realizar la clausura de la vía de acceso principal, de la Zona 1, del ADRS Botadero Pampas de Reque, conforme lo establecido en la medida preventiva N° 1, del Acta de Supervisión correspondiente al expediente Nº 067-2022-0EFA/DSIS-CRES, del 17 de junio de 2022",,,,5.0,4600.0,,23000.0,,,,,,,,,0,0,0,0,0,SISUD_VW,2026-09-04 16:34:16
463,,,0140-2023-DSEM-CHID,,00101-2026-OEFA/DSEM,00029612612,20260500141,2026-I01-021217,29,21,-1,3,-1,-1,-1,,,,,,2026-05-28 00:00:00,,,,,,,,,"Realizar el transporte y la disposición final de los residuos sólidos y líquidos peligrosos generados como consecuencia de las actividades de limpieza del área afectada por la emergencia ambiental (184 m2 de suelo y vegetación, y 30,6 m2 de sedimento), así como de las áreas y componentes ambientales que resulten afectados por la migración del hidrocarburo, de acuerdo con las especificaciones técnicas del Decreto Supremo N° 014-2017-MINAM, Reglamento del Decreto Legislativo N° 1278, Decreto Legislativo que aprueba la Ley de Gestión Integral de Residuos Sólidos y sus instrumentos de gestión ambientales aplicables.",,,,12.0,,,,,,,,,,,,0,0,0,0,0,SISUD_VW,2026-09-04 16:34:16
464,,,0049-2025-ODES-TUM,,00001-2026-OEFA/ODES-TUM,00018682612,20260400027,2026-I20-000562,103,29,-1,3,-1,-1,-1,,,,,,2026-04-15 00:00:00,,,,,,,,,Medida preventiva N° 4 Implementar zanjas de drenaje o canales perimetrales para controlar la acumulación de aguas pluviales.,,,,6.0,,,,,,,,,,,,0,0,0,0,0,SISUD_VW,2026-09-04 16:34:16
465,,,0089-2021-DSIS-CRES,,00026-2022-OEFA/DSIS,00000232212,20260400045,2022-I01-025272,75,23,-1,3,-1,-1,8,,,,,,2022-07-14 00:00:00,,,,,,,,,"Erradicar la segregación y la quema de residuos sólidos en el ADRSM “Cerro Candela”, a través de las siguientes actividades: 4.1 Expulsar a las personas que realizan la actividad de segregación en el ADRSM “Cerro Candela”.",,,,5.0,4600.0,,23000.0,,,,,,,,,0,0,0,0,0,SISUD_VW,2026-09-04 16:34:16
466,,,0076-2025-ODES-JUN,,00004-2026-OEFA/ODES-JUN,00027002612,20260500098,2025-I10-052281,89,25,-1,3,-1,-1,-1,,,,,,2026-05-25 00:00:00,,,,,,,,,"De la acción de cercar y delimitar el área de la unidad fiscalizable: 1.1 Delimitar y señalizar - mediante hitos o estacas u otro dispositivo similar— un sector dentro del perímetro del ADRSM Botadero Paraje Iscocusana, a fin de que se realice la disposición final de residuos sólidos municipales, en función a la cantidad de residuos que se proyecte disponer y 1.2 Cercar el perímetro total de la unidad fiscalizable",,,,1.0,,,,,,,,,,,,0,0,0,0,0,SISUD_VW,2026-09-04 16:34:16
467,,,0355-2023-DSEM-CHID,,00071-2026-OEFA/DSEM,00018542612,20260400022,2026-I01-014171,29,21,-1,3,-1,-1,-1,,,,,,2026-04-14 00:00:00,,,,,,,,,"Realizar el adecuado almacenamiento (almacén primario) y trasladar hacia un almacén central los residuos sólidos y líquidos peligrosos generados como consecuencia de las actividades de retiró de la totalidad de la tubería y accesorios (vigas H, válvulas, etc.) de la línea de 4” que va de Plataforma 3X hacia Batería 5 en el yacimiento Pavayacu del Lote 8, de acuerdo con las disposiciones y especificaciones técnicas del Decreto Supremo N° 014-2017-MINAM, Reglamento del Decreto Legislativo N° 1278, que aprueba la Ley de Gestión Integral de Residuos Sólidos y sus instrumentos de gestión ambiental aplicables.",,,,36.0,,,,,,,,,,,,0,0,0,0,0,SISUD_VW,2026-09-04 16:34:16
468,,,0110-2022-DSIS-CRES,,00065-2023-OEFA/DSIS,00000322312,20260500043,2023-I01-026567,74,23,-1,3,-1,-1,9,,,,,,2023-07-21 00:00:00,,,,,,,,,"Identificar zonas potenciales de accesos al ADRSM Botadero Alto Intiorko, y realizar actividades que impidan el ingreso al mismo",,,,5.0,4950.0,,24750.0,,,,,,,,,0,0,0,0,0,SISUD_VW,2026-09-04 16:34:16
469,,,0126-2022-DSIS-CRES,,00089-2023-OEFA/DSIS,00000332312,20260500045,2023-I01-038988,107,23,-1,3,-1,-1,9,,,,,,2023-10-16 00:00:00,,,,,,,,,"Realizar acciones de desinsectación y desratización con una frecuencia quincenal y mensual, respectivamente, para el control de vectores en el ADRSM “Botadero Municipal de Puerto Rosario”",,,,5.0,4950.0,,24750.0,,,,,,,,,0,0,0,0,0,SISUD_VW,2026-09-04 16:34:16
470,,,0355-2023-DSEM-CHID,,00071-2026-OEFA/DSEM,00018532612,20260400022,2026-I01-014171,29,21,-1,3,-1,-1,-1,,,,,,2026-04-14 00:00:00,,,,,,,,,"Retirar la totalidad de la tubería y sus respectivos accesorios (vigas H, válvulas, etc.) de la línea de 4” que va de Plataforma 3X hacia Batería 5 en el yacimiento Pavayacu del Lote 8, cumpliendo las normas y disposiciones nacionales de protección ambiental consideradas en el Reglamento para la Protección Ambiental en las Actividades de Hidrocarburos, aprobado por el Decreto Supremo N° 039-2014- EM y sus modificatorias.",,,,36.0,,,,,,,,,,,,0,0,0,0,0,SISUD_VW,2026-09-04 16:34:16
471,,,0097-2022-DSIS-CRES,,00002-2023-OEFA/DSIS,00000042312,20260400059,2023-I01-000872,104,23,-1,3,-1,-1,9,,,,,,2023-01-09 00:00:00,,,,,,,,,"Paralizar permanentemente la actividad de descarga de residuos sólidos municipales realizada en el ADRSM “Botadero El Cebollar”, ubicado en el distrito de Paucarpata, provincia y departamento de Arequipa, en las coordenadas U",,,,5.0,4950.0,,24750.0,,,,,,,,,0,0,0,0,0,SISUD_VW,2026-09-04 16:34:16
472,,,0091-2022-DSIS-CRES,,00027-2024-OEFA/DSIS,00000142412,20260600018,2024-I01-012452,70,23,-1,3,-1,-1,10,,,,,,2024-04-11 00:00:00,,,,,,,,,"Erradicar: i) la segregación de residuos sólidos; ii) la quema de residuos sólidos; y, iii) la crianza de animales, en el ADRSM “Botadero Quebrada Cementerio N° 01”, a través de las siguientes actividades:",,,,20.0,5150.0,,103000.0,,,,,,,,,0,0,0,0,0,SISUD_VW,2026-09-04 16:34:16
473,,,0067-2023-DSIS-CRES,,00048-2024-OEFA/DSIS,00000272412,20260600023,2024-I01-019273,101,23,-1,3,-1,-1,10,,,,,,2024-05-31 00:00:00,,,,,,,,,"Implementar medidas para erradicar las actividades de segregación en el área de disposición final de residuos sólidos, ubicado en el km 22 de la carretera Federico Basadre; para el cual, deberá realizar las siguientes actividades: Realizar la vigilancia y el registro diario de las personas dedicadas a las actividades de segregación en las áreas de disposición final, a través del personal asignado, a fin de asegurar el porcentaje de ingreso de segregadores en la unidad fiscalizable, antes mencionada. (…)”",,,,5.0,5150.0,,25750.0,,,,,,,,,0,0,0,0,0,SISUD_VW,2026-09-04 16:34:16
474,,,0159-2023-DSIS-CRES,,00067-2024-OEFA/DSIS,00000512412,20260600031,2024-I01-027673,45,23,-1,3,-1,-1,10,,,,,,2024-07-31 00:00:00,,,,,,,,,Realizar las acciones de descarga y disposición final de los residuos sólidos únicamente en el sector o sectores definidos del ADRS,,,,5.0,5150.0,,25750.0,,,,,,,,,0,0,0,0,0,SISUD_VW,2026-09-04 16:34:16
475,,,0013-2023-DSIS-CRES,,00097-2024-OEFA/DSIS,00000622412,20260600033,2024-I01-036594,72,23,-1,3,-1,-1,10,,,,,,2024-09-25 00:00:00,,,,,,,,,"Obligación 3.4 de la medida preventiva N° 3 Implementar medidas de prevención y mitigación del riesgo de afectación del suelo por la infiltración continua de lixiviado en la Poza N° 1, ubicada en las coordenadas 460521mE 8767298mN, para lo cual debe efectuar las siguientes actividades: (…). iv) Habilitar la estructura y talud de la poza, impermeabilizar con geomembrana y techar la poza de lixiviados. (…)",,,,5.0,5150.0,,25750.0,,,,,,,,,0,0,0,0,0,SISUD_VW,2026-09-04 16:34:16
476,,,0211-2023-DSIS-CRES,,00098-2024-OEFA/DSIS,00000802412,20260600035,2024-I01-036646,108,23,-1,3,-1,-1,10,,,,,,2024-09-25 00:00:00,,,,,,,,,"El administrado no cumplió con la no realización de acciones de segregación de residuos sólidos en la celda de disposición final, de acuerdo a lo ordenado en la medida preventiva N° 2 del Acta de Medida Administrativa.",,,,5.0,5150.0,,25750.0,,,,,,,,,0,0,0,0,0,SISUD_VW,2026-09-04 16:34:16
477,,,0084-2023-DSIS-CRES,,00118-2024-OEFA/DSIS,00000942412,20260600044,2024-I01-038894,73,23,-1,3,-1,-1,10,,,,,,2024-10-10 00:00:00,,,,,,,,,Medida preventiva N° 2: Realizar la clausura definitiva del ADRS “Botadero Quebrada El Atajo”.,,,,5.0,5150.0,,25750.0,,,,,,,,,0,0,0,0,0,SISUD_VW,2026-09-04 16:34:16
478,,,0053-2024-DSIS-CRES,,00146-2024-OEFA/DSIS,00001132412,20260600053,2024-I01-050485,109,23,-1,3,-1,-1,10,,,,,,2024-12-30 00:00:00,,,,,,,,,"medida preventiva N° 1 Realizar el esparcido, compactación y cobertura diaria de todos los residuos sólidos que se encuentran dispuestos – sin cobertura – en la terraza Nº 1, ocupando un área de 5418 m2, del cual corresponde a tres (3) zonas",,,,2.0,5150.0,,10300.0,,,,,,,,,0,0,0,0,0,SISUD_VW,2026-09-04 16:34:16
479,,,0110-2022-DSIS-CRES,,00065-2023-OEFA/DSIS,00000312312,20260500043,2023-I01-026567,74,23,-1,3,-1,-1,9,,,,,,2023-07-21 00:00:00,,,,,,,,,Retirar los residuos sólidos segregados en el Relleno Sanitario,,,,5.0,4950.0,,24750.0,,,,,,,,,0,0,0,0,0,SISUD_VW,2026-09-04 16:34:16
480,,,0098-2023-DSIS-CRES,,00001-2026-OEFA/ODES-PIU-OEN-TAL,00037532612,20260700016,2026-I32-028176,68,23,-1,3,-1,-1,-1,,,,,,2026-07-08 00:00:00,,,,,,,,,"Realizar la limpieza, retiro y traslado de los residuos sólidos de las zonas dentro y fuera del ADRS “Botadero Municipal” en el Sector N° 1 y N° 2, así como realizar las actividades de esparcido, compactación y cobertura (mínimo 0.20 m de espesor) de los residuos sólidos dispuestos en los sectores en mención.",,,,1.0,,,,,,,,,,,,0,0,0,0,0,SISUD_VW,2026-09-04 16:34:16
481,,,0045-2022-DSIS-CRES,,00025-2022-OEFA/DSIS,00000162212,20260400044,2022-I01-025162,110,23,-1,3,-1,-1,8,,,,,,2022-07-14 00:00:00,,,,,,,,,"Realizar acciones de compactación y cobertura diaria con material de la zona de los residuos sólidos que son dispuestos en el frente de trabajo de la Celda N° 2, tales como: (i) Movilización de maquinaria para obtención de material de cobertura disponible. (ii) Nivelación, compactación y cobertura diaria. (iii) Aplicación de cal (sujeto a evaluación de necesidad).",,,,5.0,4600.0,,23000.0,,,,,,,,,0,0,0,0,0,SISUD_VW,2026-09-04 16:34:16
482,,,0089-2021-DSIS-CRES,,00026-2022-OEFA/DSIS,00000212212,20260400045,2022-I01-025272,75,23,-1,3,-1,-1,8,,,,,,2022-07-14 00:00:00,,,,,,,,,"Realizar en el sector definido, las actividades de nivelación, compactación y cobertura (entre 0.20 a 0.30 m de espesor) de los residuos sólidos dispuestos, con una frecuencia diaria; considerando la fecha de verificación de la acción de supervisión",,,,5.0,4600.0,,23000.0,,,,,,,,,0,0,0,0,0,SISUD_VW,2026-09-04 16:34:16
483,,,0069-2022-DSIS-CRES,,00030-2022-OEFA/DSIS,00000252212,20260400046,2022-I01-026999,99,23,-1,3,-1,-1,8,,,,,,2022-07-26 00:00:00,,,,,,,,,"Realizar acciones de compactación y cobertura diaria con material de la zona de los residuos sólidos que son dispuestos en el frente de trabajo de la Celda, tales como: (ii) Nivelación, compactación y cobertura diaria con un espesor de 10 cm de espesor con material de la zona (iii) Aplicación de cal (sujeto a evaluación de necesidad).",,,,5.0,4600.0,,23000.0,,,,,,,,,0,0,0,0,0,SISUD_VW,2026-09-04 16:34:16
484,,,0104-2022-DSIS-CRES,,00026-2024-OEFA/DSIS,00000102412,20260600017,2024-I01-012028,78,23,-1,3,-1,-1,10,,,,,,2024-04-09 00:00:00,,,,,,,,,"Realizar en el sector definido, las actividades de nivelación, compactación y cobertura (entre 0.20 a 0.30 m de espesor) de los residuos sólidos, con una periodicidad mínima de dos (2) veces por semana.",,,,5.0,5150.0,,25750.0,,,,,,,,,0,0,0,0,0,SISUD_VW,2026-09-04 16:34:16
485,,,0024-2022-DSIS-CRES,,00043-2023-OEFA/DSIS,00000192312,20260500032,2023-I01-018401,21,23,-1,3,-1,-1,9,,,,,,2023-05-31 00:00:00,,,,,,,,,"Realizar la implementación de los drenes de evacuación y control de gases en las trincheras N° 1, 2, 3, 4, 5, 6, 7, 8, 9, 10, 11, 12, 13 y 14 de disposición final de residuos sólidos. El número de drenes, su ubicación, y rango de distancia entre sí, deberá tener como referencia la Guía10. Asimismo, con la finalidad de realizar la mitigación de gases de efecto invernadero, deberá realizar la instalación de los quemadores en el extremo superior de cada dren de evacuación y control de gases de las trincheras N° 1, 2, 3, 4, 5, 6, 7, 8, 9, 10, 11, 12, 13 y 14.",,,,5.0,4950.0,,24750.0,,,,,,,,,0,0,0,0,0,SISUD_VW,2026-09-04 16:34:16
486,,,0084-2022-DSIS-CRES,,00059-2023-OEFA/DSIS,00000212312,20260500033,2023-I01-025069,30,23,-1,3,-1,-1,9,,,,,,2023-07-12 00:00:00,,,,,,,,,"Prohibir la segregación de residuos sólidos en la celda transitoria, para esto el administrado tendrá que: -Retirar a las personas que realizan la actividad de segregación en la celda transitoria. -Reforzar la vigilancia diaria en la celda transitoria, a través del personal asignado, a fin de evitar el ingreso de segregadores y vehículos ajenos a la actividad de disposición final de residuos sólidos.",,,,5.0,4950.0,,24750.0,,,,,,,,,0,0,0,0,0,SISUD_VW,2026-09-04 16:34:16
487,,,0084-2022-DSIS-CRES,,00059-2023-OEFA/DSIS,00000262312,20260500033,2023-I01-025069,30,23,-1,3,-1,-1,9,,,,,,2023-07-12 00:00:00,,,,,,,,,"Remitir información sobre la maquinaria a ser utilizada para las actividades de compactación y cobertura de los residuos sólidos dispuestos en la celda transitoria. - Lista y detalle de maquinaria destinada a los trabajos de compactación y cobertura diaria de los residuos a disponer. -Lista y detalle de maquinaria a ser utilizada en los trabajos de compactación y cobertura de los residuos sólidos sin cobertura, correspondiente a 8500m2, e identificada en las acciones de supervisión.",,,,5.0,4950.0,,24750.0,,,,,,,,,0,0,0,0,0,SISUD_VW,2026-09-04 16:34:16
488,,,0091-2022-DSIS-CRES,,00013-2023-OEFA/DSIS,00000382312,20260500053,2023-I01-002331,70,23,-1,3,-1,-1,9,,,,,,2023-01-23 00:00:00,,,,,,,,,"4 Erradicar: i) la segregación de residuos sólidos; ii) la quema de residuos sólidos; y, iii) la crianza de animales, en el ADRSM “Botadero Quebrada Cementerio N° 01”, a través de las siguientes actividades: 4.2 Realizar la vigilancia diaria en el ADRSM “Botadero Quebrada Cementerio N° 01”, a través del personal asignado, a fin de evitar el ingreso de segregadores en el ADRSM",,,,5.0,4950.0,,24750.0,,,,,,,,,0,0,0,0,0,SISUD_VW,2026-09-04 16:34:16
489,,,0091-2022-DSIS-CRES,,00027-2024-OEFA/DSIS,00000122412,20260600018,2024-I01-012452,70,23,-1,3,-1,-1,10,,,,,,2024-04-11 00:00:00,,,,,,,,,"Erradicar: i) la segregación de residuos sólidos; ii) la quema de residuos sólidos; y, iii) la crianza de animales, en el ADRSM “Botadero Quebrada Cementerio N° 01”, a través de las siguientes actividades: 4.1 Expulsar a las personas que realizan la actividad de segregación en el ADRSM “Botadero Quebrada Cementerio N° 01”.",,,,20.0,5150.0,,103000.0,,,,,,,,,0,0,0,0,0,SISUD_VW,2026-09-04 16:34:16
537,,,0066-2022-DSIS-CRES,,00032-2023-OEFA/DSIS,00000122312,20260500027,2023-I01-014492,85,23,-1,3,-1,-1,9,,,,,,2023-04-27 00:00:00,,,,,,,,,"Realizar acciones de compactación y cobertura diaria con material de la zona de los residuos sólidos que son dispuestos en el frente de trabajo de la celda de disposición final, con un espesor mínimo de 15 cm. *Si el desarrollo de las acciones de compactación y cobertura diaria de los residuos sólidos que son dispuestos de diariamente involucra que el frente de trabajo tenga que ser reubicado y establecerse en otra zona de la celda, deberá de comunicar al OEFA las nuevas coordenadas UTM de UBICACIÓN, DIMENSIONES, así como fotografías fechas y georreferenciadas del mismo.",,,,5.0,4950.0,,24750.0,,,,,,,,,0,0,0,0,0,SISUD_VW,2026-09-04 16:34:16
538,,,0091-2022-DSIS-CRES,,00041-2023-OEFA/DSIS,00000432312,20260500054,2023-I01-017262,70,23,-1,3,-1,-1,9,,,,,,2023-05-19 00:00:00,,,,,,,,,"4 Erradicar: i) la segregación de residuos sólidos; ii) la quema de residuos sólidos; y, iii) la crianza de animales, en el ADRSM “Botadero Quebrada Cementerio N° 01”, a través de las siguientes actividades: 4.2 Realizar la vigilancia diaria en el ADRSM “Botadero Quebrada Cementerio N° 01”, a través del personal asignado, a fin de evitar el ingreso de segregadores en el ADRSM.",,,,10.0,4950.0,,49500.0,,,,,,,,,0,0,0,0,0,SISUD_VW,2026-09-04 16:34:16
539,,,0099-2022-DSIS-CRES,,00057-2023-OEFA/DSIS,00000462312,20260500055,2023-I01-023180,95,23,-1,3,-1,-1,9,,,,,,2023-06-28 00:00:00,,,,,,,,,"Realizar la identificación y mitigación de las zonas y/o puntos de emanación de humos y gases generados a partir de la combustión de los residuos sólidos dispuestos en el ADRS “Botadero El Milagro”. Para la identificación de las zonas y/o puntos de emanación de humos y gases, se deberá realizar la georreferenciación y cálculo de las áreas respectivas. Para la mitigación de las zonas y/o puntos de emanación de humos y gases, se deberá efectuar las siguientes acciones: (i) Aislar la zona y/o punto de emanación de humos y gases identificados. (ii) Realizar el esparcido, mediante herramientas y/o maquinaria (dependiendo el punto). (iii) Realizar la cobertura de la zona y/o punto de emanación de humos y gases con material de la zona considerando una capa de 0.20 m. de espesor",,,,15.0,4950.0,,74250.0,,,,,,,,,0,0,0,0,0,SISUD_VW,2026-09-04 16:34:16
540,,,0099-2022-DSIS-CRES,,00075-2023-OEFA/DSIS,00000472312,20260500057,2023-I01-033439,95,23,-1,3,-1,-1,9,,,,,,2023-09-06 00:00:00,,,,,,,,,"Realizar la identificación y mitigación de las zonas y/o puntos de emanación de humos y gases generados a partir de la combustión de los residuos sólidos dispuestos en el ADRS “Botadero El Milagro”. Para la identificación de las zonas y/o puntos de emanación de humos y gases, se deberá realizar la georreferenciación y cálculo de las áreas respectivas. Para la mitigación de las zonas y/o puntos de emanación de humos y gases, se deberá efectuar las siguientes acciones: (i) Aislar la zona y/o punto de emanación de humos y gases identificados. (ii) Realizar el esparcido, mediante herramientas y/o maquinaria (dependiendo el punto). (iii) Realizar la cobertura de la zona y/o punto de emanación de humos y gases con material de la zona considerando una capa de 0.20 m. de espesor.",,,,30.0,4950.0,,148500.0,,,,,,,,,0,0,0,0,0,SISUD_VW,2026-09-04 16:34:16
541,,,0087-2021-DSIS-CRES,,00001-2023-OEFA/DSIS,00000082312,20260400060,2023-I01-000634,69,23,-1,3,-1,-1,9,,,,,,2023-01-05 00:00:00,,,,,,,,,"Realizar la vigilancia diaria en el ADRSM “Quebrada Cementerio N° 02”, a través de personal asignado, a fin de evitar el ingreso de segregadores y vehículos ajenos al servicio de limpieza pública.",,,,5.0,4950.0,,24750.0,,,,,,,,,0,0,0,0,0,SISUD_VW,2026-09-04 16:34:16
542,,,0048-2024-DSIS-CRES,,00114-2024-OEFA/DSIS,00001332412,20260600043,2024-I01-038669,95,23,-1,3,-1,-1,10,,,,,,2024-10-09 00:00:00,,,,,,,,,"Obligación 3.2 de la medida preventiva N °3 Elaborar, remitir y ejecutar un Programa de Vigilancia, para el resguardo y prevención de ingreso de menores de edad, adultos mayores y animales; así como, la no realización de acciones de quema de residuos sólidos en el interior del ADRS Botadero El Milagro. Para ello, las municipalidades deberán cumplir con: (…) 3.1 Ejecutar el Plan de Vigilancia, a partir del desarrollo de las acciones consideradas en el mismo.",,,,5.0,5150.0,,25750.0,,,,,,,,,0,0,0,0,0,SISUD_VW,2026-09-04 16:34:16
543,,,0081-2021-DSIS-CRES,,00007-2024-OEFA/DSIS,00000072412,20260500049,2024-I01-007144,84,23,-1,3,-1,-1,10,,,,,,2024-02-29 00:00:00,,,,,,,,,"Implementar medidas de remediación y manejo de taludes en la celda N° 1 de disposición final ubicada en coordenadas UTM Zona 18L Datum (WGS-84) 368819mE, 8882600mN, conforme al siguiente detalle: Implementación de las acciones de estabilización y remediación de taludes de la celda de disposición final de residuos sólidos municipales, de acuerdo al método de estabilización y remediación de taludes seleccionado en el expediente técnico de remediación y estabilización de taludes",,,,10.0,5150.0,,51500.0,,,,,,,,,0,0,0,0,0,SISUD_VW,2026-09-04 16:34:16
544,,,0018-2026-DSEM-CMIN,,00114-2026-OEFA/DSEM,00033432612,20260600105,2026-I01-025348,6,22,-1,3,-1,-1,-1,,,,,,2026-06-22 00:00:00,,,,,,,,,Reconformar la zona deslizada del tajo Valle para evitar la generación de drenaje acido de mina y restablecer los canales de manejo de aguas superficiales.,,,,88.0,,,,,,,,,,,,0,0,0,0,0,SISUD_VW,2026-09-04 16:34:16
545,,,0045-2022-DSIS-CRES,,00025-2022-OEFA/DSIS,00000172212,20260400044,2022-I01-025162,110,23,-1,3,-1,-1,8,,,,,,2022-07-14 00:00:00,,,,,,,,,"Implementar los drenes de lixiviados exteriores a lo largo del pie del talud de la zona noroeste la Celda N° 2. Estos drenes de lixiviados deben estar conectados a la poza de almacenamiento de lixiviados más cercana a través de un dren de conducción, el cual debe tener una pendiente que permita que los lixiviados fluyan hacia la poza de almacenamiento",,,,5.0,4600.0,,23000.0,,,,,,,,,0,0,0,0,0,SISUD_VW,2026-09-04 16:34:16
546,,,0038-2023-DSIS-CRES,,00097-2023-OEFA/DSIS,00000342312,20260500046,2023-I01-041741,101,23,-1,3,-1,-1,9,,,,,,2023-10-31 00:00:00,,,,,,,,,"Implementar medidas de mitigación y control del riesgo de afectación al componente agua de la quebrada Manantay, suelo, biota y a la salud de los pobladores, segregadores y operarios por el escurrimiento de lixiviados, la infiltración y percolación de los mismos en el suelo y el colapso de los empozamientos de agua N° 1 generado por la disposición de residuos sólidos en las vías internas y al lado de los referidos empozamientos para el cual se realizarán las siguientes actividades: Retirar los residuos sólidos dispuestos sobre las vías internas y al lado del empozamiento de agua N° 1, ubicadas en las coordenadas UTM Zona 18L Datum (WGS-84) 531650E, 9065587N (lado oeste del Área DF 2), 531803E, 9065512N (lado sur del Área DF 2); 531653E, 9065504N (lado sur de la zona específica) y 531715E, 9065489N (lado noreste de la laguna artificial N° 1) y disponer dichos residuos en el Área DF 1 y/o Área DF 2, ubicadas en las coordenadas UTM Zona 18L Datum (WGS-84), 531710E, 90659",,,,5.0,4950.0,,24750.0,,,,,,,,,0,0,0,0,0,SISUD_VW,2026-09-04 16:34:16
547,,,0024-2024-DSIS-CRES,,00003-2026-OEFA/ODES-ICA,00029152612,20260500133,2026-I09-014073-1,99,23,-1,3,-1,-1,-1,,,,,,2026-05-27 00:00:00,,,,,,,,,"Medida preventiva N.° 4: Implementar un cartel de señalización e identificación del ADRS “Botadero Sector Lomas de Cabeza” e instalar una tranquera en la vía de acceso al ADRS, en las coordenadas UTM WGS 84 Zona 18: 393397 E, 8493666 N.",,,,2.0,,,,,,,,,,,,0,0,0,0,0,SISUD_VW,2026-09-04 16:34:16
548,,,0180-2025-DSAP-CAGR,,00016-2026-OEFA/DSAP,00036792612,20260600164,2026-I01-026619,59,18,-1,3,-1,-1,-1,,,,,,2026-06-30 00:00:00,,,,,,,,,El administrado no ejecutó la medida preventiva respecto de cesar de manera inmediata toda forma de transporte y vertimiento de los efluentes generados durante el beneficio de animales mayores en el Centro de Beneficio de Ganado hasta que: (i) Implemente controles operativos en el Centro de Beneficio de Ganado señaladas en el Cuadro N° 8 de la presente resolución. (ii) Implemente un sistema de tratamiento de efluentes que esté acorde con la capacidad productiva de la actividad de beneficio de animales mayores y que cumpla con las concentraciones establecidas.,,,,5.0,,,,,,,,,,,,0,0,0,0,0,SISUD_VW,2026-09-04 16:34:16
549,,,0258-2023-DSEM-CHID,,00079-2026-OEFA/DSEM,00021362612,20260400085,2026-I01-015749,87,21,-1,3,-1,-1,-1,,,,,,2026-04-22 00:00:00,,,,,,,,,"Realizar la limpieza y descontaminación del suelo de las áreas A1 y A2, ubicadas en la Batería PTS del Lote Z-2B, así como realizar la reconfiguración de las áreas intervenidas que a la fecha hayan sido afectadas por la migración del contaminante, hasta lograr que la calidad del suelo mencionado cumpla con los ECA para Suelo 2013 en la categoría de uso de suelo industrial.",,,,32.0,,,,,,,,,,,,0,0,0,0,0,SISUD_VW,2026-09-04 16:34:16
550,,,0093-2021-DSIS-CRES,,00036-2022-OEFA/DSIS,00000322212,20260500006,2022-I01-032896,76,23,-1,3,-1,-1,8,,,,,,2022-09-07 00:00:00,,,,,,,,,"La Municipalidad Distrital de Asia no cumplió con la medida preventiva ordenada en el ítem 2 del Artículo 1 de la Resolución, que tiene por objetivo Realizar en el sector definido, las actividades de nivelación, compactación y cobertura (entre 0.20 a 0.30 m de espesor) de los residuos sólidos, con una periodicidad de tres (3) veces por semana.",,,,5.0,4600.0,,23000.0,,,,,,,,,0,0,0,0,0,SISUD_VW,2026-09-04 16:34:16
551,,,0087-2021-DSIS-CRES,,00045-2022-OEFA/DSIS,00000372212,20260500008,2022-I01-036161,69,23,-1,3,-1,-1,8,,,,,,2022-09-30 00:00:00,,,,,,,,,"3.Erradicar la segregación y la quema de residuos sólidos en el ADRSM “Quebrada Cementerio N° 02”, a través de las siguientes actividades: 3.1 Expulsar a las personas que realizan la actividad de segregación en el ADRSM “Quebrada Cementerio N° 02”. (en adelante, medida preventiva 3.2).",,,,5.0,4600.0,,23000.0,,,,,,,,,0,0,0,0,0,SISUD_VW,2026-09-04 16:34:16
552,,,0044-2024-DSIS-CRES,,00004-2026-OEFA/ODES-UCA,00037872612,20260700023,2026-I27-028593,32,23,-1,3,-1,-1,-1,,,,,,2026-07-09 00:00:00,,,,,,,,,"Medida Preventiva N° 2 Realizar el esparcido, nivelación, compactación y cobertura de los residuos sólidos que se encuentran fuera del sector definido en la Medida Preventiva N° 1 de la presente acta. La cobertura debe realizarse con capas de material de la zona, con un espesor no menor a 0.20 m, para asegurar su correcto confinamiento.",,,,5.0,,,,,,,,,,,,0,0,0,0,0,SISUD_VW,2026-09-04 16:34:16
553,,,0082-2023-DSIS-CRES,,00025-2024-OEFA/DSIS,00001162412,20260600059,2024-I01-011908,93,23,-1,3,-1,-1,10,,,,,,2024-04-08 00:00:00,,,,,,,,,"Definir un sector y/o sectores del ADRSM Botadero Municipal” para la disposición final de residuos sólidos, en función a la cantidad de residuos que dispone diariamente. Para lo cual deberá efectuar las siguientes acciones: i) Definir el sector y/o sectores del ADR para la disposición final de los residuos (incluyendo la colocación de estacas o hitos que señalicen dicho sector o sectores). (…)",,,,5.0,5150.0,,25750.0,,,,,,,,,0,0,0,0,0,SISUD_VW,2026-09-04 16:34:16
554,,,0045-2022-DSIS-CRES,,00025-2022-OEFA/DSIS,00000182212,20260400044,2022-I01-025162,110,23,-1,3,-1,-1,8,,,,,,2022-07-14 00:00:00,,,,,,,,,Realizar la Implementación de drenes y/o canales para la captación y conducción de aguas pluviales. Dichos canales serán conformados alrededor de las trincheras y tendrán forma trapezoidal cuyas dimensiones serán: - Ancho superior: 0.5m - Ancho inferior: 0.35m - Altura: 0.5m - Tirante: 0.35m,,,,5.0,4600.0,,23000.0,,,,,,,,,0,0,0,0,0,SISUD_VW,2026-09-04 16:34:16
555,,,0045-2022-DSIS-CRES,,00025-2022-OEFA/DSIS,00000192212,20260400044,2022-I01-025162,110,23,-1,3,-1,-1,8,,,,,,2022-07-14 00:00:00,,,,,,,,,"Realizar la habilitación y mejora de las chimeneas y/o drenes de salida y evacuación de gases en las celdas de disposición final de residuos sólidos N° 1 y 2. La cantidad de chimeneas o drenes se definirá teniendo en cuenta un radio de influencia de 20 metros entre cada uno. Dichas chimeneas serán de 0.6 x 0.6m construidas por piedras (mayores de 3” de diámetro) y soporte de madera y forma vertical. Asimismo, las chimeneas se culminarán colocando un cilindro metálico (tipo 55 gal. de capacidad) cortado por la mitad debiéndose mantener en buen estado y protegidos a 0.4 m sobre el nivel del perfil terminado. Antes de clausurar una chimenea, se instalará un quemador de fierro galvanizado que esté a 1.5m sobre la superficie final del relleno",,,,5.0,4600.0,,23000.0,,,,,,,,,0,0,0,0,0,SISUD_VW,2026-09-04 16:34:16
556,,,0069-2022-DSIS-CRES,,00030-2022-OEFA/DSIS,00000242212,20260400046,2022-I01-026999,99,23,-1,3,-1,-1,8,,,,,,2022-07-26 00:00:00,,,,,,,,,Realizar la Implementación de drenes y/o canales para la captación y conducción de aguas pluviales.,,,,5.0,4600.0,,23000.0,,,,,,,,,0,0,0,0,0,SISUD_VW,2026-09-04 16:34:16
557,,,0069-2022-DSIS-CRES,,00030-2022-OEFA/DSIS,00000262212,20260400046,2022-I01-026999,99,23,-1,3,-1,-1,8,,,,,,2022-07-26 00:00:00,,,,,,,,,"Realizar la implementación y conexión de los drenes para captación y conducción de lixiviados de la base y al pie de talud de la celda, con la poza de almacenamiento de lixiviados. Considerar que los drenes de captación y conducción de lixiviados deben tener la pendiente necesaria para que los lixiviados puedan fluir hacia la poza de almacenamiento de lixiviados.",,,,5.0,4600.0,,23000.0,,,,,,,,,0,0,0,0,0,SISUD_VW,2026-09-04 16:34:16
558,,,0081-2021-DSIS-CRES,,00007-2024-OEFA/DSIS,00000082412,20260500049,2024-I01-007144,84,23,-1,3,-1,-1,10,,,,,,2024-02-29 00:00:00,,,,,,,,,"Implementar la cobertura final de la celda N° 1 de disposición final ubicada en coordenadas UTM Zona 18L Datum (WGS-84) 368819mE, 8882600mN, conforme al diseño establecido en la DIA, de acuerdo al siguiente orden y detalle: 1. Una capa de cobertura final, compuesta de 0,40 m. de material de cobertura (material del lugar 50 %, arcilla 50 %) compactado, la cual estará conformada por dos (02) sub-capas de 0.2 m cada una. 2. Una capa para drenaje de gases de 0.15 m de espesor y compuesta por material granular (arena - hormigón). 3. Una capa de drenaje para aguas de percolación, ubicada sobre la barrera impermeable sintética, esta capa se desarrollará con material gravoso del lugar con un espesor de 0.15 m. 4. Una capa arable, de 0.50m de espesor, compuesta de tierra agrícola (40 %), grava mediana (10%) y compost (50 %), la capa no será compactada por medio manual ni mecánico, finalmente, sobre esta capa se podrá ejecutar actividades de revegetación.",,,,10.0,5150.0,,51500.0,,,,,,,,,0,0,0,0,0,SISUD_VW,2026-09-04 16:34:16
559,,,0391-2020-DSEM-CHID,,00084-2026-OEFA/DSEM,00022692612,20260400110,2026-I01-016545,64,21,-1,3,-1,-1,-1,,,,,,2026-04-28 00:00:00,,,,,,,,,"Frontera no cumplió con la obligación para la Medida Preventiva N.° 6, referida realizar el muestreo de calidad ambiental en la totalidad de áreas con componentes afectados de suelo (muestreo de comprobación), agua (muestreo representativo del río Corrientes, de la quebrada Pumayacu y de la quebrada sin nombre) y sedimentos (en los cuerpos de agua afectados, según normativa referencial); acreditando el cumplimiento de los Estándares de Calidad Ambiental aplicables a la unidad fiscalizable, de acuerdo con los protocolos y guías de muestreo aprobados por la normativa nacional vigente.",,,,36.0,,,,,,,,,,,,0,0,0,0,0,SISUD_VW,2026-09-04 16:34:16
560,,,0093-2021-DSIS-CRES,,00022-2022-OEFA/DSIS,00000152212,20260400043,2022-I01-023276,76,23,-1,3,-1,-1,8,,,,,,2022-06-30 00:00:00,,,,,,,,,"Definir un sector del ADRSM Botadero “Sarapampa” para la disposición final de residuos sólidos, en función a la cantidad de residuos que dispone diariamente",,,,5.0,4600.0,,23000.0,,,,,,,,,0,0,0,0,0,SISUD_VW,2026-09-04 16:34:16
561,,,0089-2021-DSIS-CRES,,00026-2022-OEFA/DSIS,00000222212,20260400045,2022-I01-025272,75,23,-1,3,-1,-1,8,,,,,,2022-07-14 00:00:00,,,,,,,,,"Realizar acciones de desinsectación y desratización con una frecuencia quincenal y mensual respectivamente, para el control de vectores en el ADRSM Cerro Candela; considerando la fecha de verificación de la acción de supervisión.",,,,5.0,4600.0,,23000.0,,,,,,,,,0,0,0,0,0,SISUD_VW,2026-09-04 16:34:16
562,,,0157-2024-DSEM-CMIN,,00143-2026-OEFA/DSEM,00043432612,20260800003,2026-I01-032905,7,22,-1,3,-1,-1,-1,,,,,,2026-08-07 00:00:00,,,,,,,,,"La Dirección General de Minería del Ministerio de Energía y Minas debía presentar ante la autoridad competente la modificación del Plan de Cierre de los 55 Pasivos Ambientales Mineros La Tahona o un nuevo plan de cierre para su evaluación, de tal forma que se concluyan las actividades de cierre de los pasivos ambientales mineros.",,,,75.0,,,,,,,,,,,,0,0,0,0,0,SISUD_VW,2026-09-04 16:34:16
563,,,0155-2024-DSEM-CMIN,,00117-2026-OEFA/DSEM,00036032612,20260600144,2026-I01-025981,6,22,-1,3,-1,-1,-1,,,,,,2026-06-25 00:00:00,,,,,,,,,"Captar el agua de contacto del depósito de desmonte INF-1, INF-2, INF-3, ESP-ARI-1 y ESPARI-11 y derivarla a la planta de tratamiento STAA Wetland Sur, a fin de que cumplan con los LMP. La captación se deberá realizar de tal modo, que ya no existan afloramientos hacia la quebrada S/N 2, ni flujos de agua de contacto hacia el canal de agua de no contacto de dicho componente..",,,,10.0,,,,,,,,,,,,0,0,0,0,0,SISUD_VW,2026-09-04 16:34:16
564,,,0066-2022-DSIS-CRES,,00032-2023-OEFA/DSIS,00000132312,20260500027,2023-I01-014492,85,23,-1,3,-1,-1,9,,,,,,2023-04-27 00:00:00,,,,,,,,,"Realizar el esparcido, compactación y cobertura con material de la zona, de los residuos sólidos presentes en la celda, que están expuestos a la intemperie, correspondiente a 6.65 ha. *Asimismo, a medida que se desarrollen los trabajos de compactación y cobertura de los residuos sólidos dispuestos, el administrado deberá asegurar la presencia y operatividad de los drenes y/o chimeneas para la salida y evacuación de gases.",,,,5.0,4950.0,,24750.0,,,,,,,,,0,0,0,0,0,SISUD_VW,2026-09-04 16:34:16
565,,,0021-2022-DSIS-CRES,,00090-2023-OEFA/DSIS,00000492312,20260500058,2023-I01-039514,91,23,-1,3,-1,-1,9,,,,,,2023-10-18 00:00:00,,,,,,,,,"Implementar el manejo de lixiviados en el ADRSM ubicada en la carretera Mazan – Indiana Km 1, mediante la instalación de drenes perimetrales para la captación de lixiviado y la construcción de una poza de almacenamiento de lixiviados impermeabilizada con geomembrana, provista de una cubierta (techo) y un canal perimetral pluvial para evitar el ingreso del agua de lluvia. Los canales de los drenes perimetrales de lixiviados deberán tener un ancho de 0.40 m y una profundidad de 0.40 m con un pendiente de mínima de 2% que garantice que los lixiviados fluyan hacia la poza de almacenamiento. Cabe precisar que los drenes perimetrales de lixiviados deberán estar conectados a la poza de almacenamiento de lixiviados a través de una tubería de 4 o 6 pulgadas de diámetro. Finalmente, a fin de evitar el desborde de lixiviados de la poza de almacenamiento, se deberá considerar efectuar la recirculación periódica de los lixiviados hacia el botadero.",,,,5.0,4950.0,,24750.0,,,,,,,,,0,0,0,0,0,SISUD_VW,2026-09-04 16:34:16
566,,,0222-2024-DSEM-CHID,,00142-2026-OEFA/DSEM,00043492612,20260800006,2026-I01-032696,8,21,-1,3,-1,-1,-1,,,,,,2026-08-05 00:00:00,,,,,,,,,"Petroperú incumplió la medida preventiva N.° 2 dictada mediante la Resolución N.° 00092-2024-OEFA/DSEM del 26 de marzo de 2024, bajo el Expediente N.° 0196-2022-DSEM-CHID; toda vez que no realizó el adecuado almacenamiento de los residuos sólidos generados como resultado de la culminación de las actividades de limpieza de las áreas afectadas por el derrame del petróleo crudo, de acuerdo con las disposiciones contenidas en el Decreto Legislativo N.° 1278, que aprueba la Ley de Gestión Integral de Residuos Sólidos, y su Reglamento, aprobado por Decreto Supremo N.° 014-2017-MINAM.",,,,34.0,,,,,,,,,,,,0,0,0,0,0,SISUD_VW,2026-09-04 16:34:16
567,,,0018-2023-DSEM-CHID,,00149-2026-OEFA/DSEM,00045872612,20260800061,2026-I01-035835,36,21,-1,3,-1,-1,-1,,,,,,2026-08-25 00:00:00,,,,,,,,,"Presentar ante la Dirección General de Asuntos Ambientales de Hidrocarburos del Ministerio de Energía y Minas, el Plan de Abandono Total del Terminal Pucallpillo y sus ductos asociados que se encuentran en los Lotes 31-B y 31-D, que incorpore las medidas de remediación, descontaminación, restauración, reforestación, retiro de instalaciones y/u otras que sean necesarias para que no subsistan los impactos ambientales negativos debido al mal abandono de dichas instalaciones, de acuerdo con lo señalado en los artículos 99°, 100° y 100-A° del Decreto Supremo N° 039-2014-EM, el cual además deberá incluir los siguientes hechos detectados en el Informe de Supervisión N° 355-2020- OEFA/DSEM-CHID: a) Identificación de las instalaciones e infraestructura asociada a las actividades de transporte y almacenamiento de hidrocarburos del Terminal Pucalpillo y sus ductos asociados. b) Retiro de equipos y componentes del Terminal Pucallpillo y de sus ductos asociados, c) Limpieza y dispo",,,,75.0,,,,,,,,,,,,0,0,0,0,0,SISUD_VW,2026-09-04 16:34:16
568,,,0207-2025-DSEM-CMIN,,00106-2026-OEFA/DSEM,00031262612,20260600009,2026-I01-022682,33,22,-1,3,-1,-1,-1,,,,,,2026-06-04 00:00:00,,,,,,,,,"Optimizar el sistema de tratamiento de agua con CO2 aprobado en sus instrumentos de gestión ambiental, que permita tratar los flujos de agua provenientes del espejo de agua y del subdrenaje del depósito de relaves N° 3-4, a fin de que el efluente (ER-31) cumpla con los LMP 010-2010 antes de ser descargada al río Pallcapampa.",,,,36.0,,,,,,,,,,,,0,0,0,0,0,SISUD_VW,2026-09-04 16:34:16
569,,,0024-2022-DSIS-CRES,,00051-2024-OEFA/DSIS,00000362412,20260600026,2024-I01-019284,21,23,-1,3,-1,-1,10,,,,,,2024-05-31 00:00:00,,,,,,,,,"Respecto a la zona ubicada en las coordenadas UTM WGS84 18 M 326630E, 9225056N, donde ser realizó la disposición final de residuos de establecimientos de atención de salud; efectuar las siguientes acciones: 1. Realizar recolección, limpieza, transporte y disposición final de los residuos sólidos de establecimientos de atención de salud, hacia una infraestructura de residuos sólidos autorizada que cuente con una celda de seguridad para este tipo de residuos. 2. Posteriormente, realizar el retiro y disposición final en las trincheras del relleno sanitario del suelo que estuvo en contacto con los residuos sólidos de establecimientos de atención de salud. 3. Finalmente, realizar el relleno y compactación con material de la zona del área donde se efectuó la disposición final de los residuos sólidos de establecimientos de atención de salud.",,,,10.0,5150.0,,51500.0,,,,,,,,,0,0,0,0,0,SISUD_VW,2026-09-04 16:34:16
570,,,0077-2023-DSIS-CRES,,00054-2024-OEFA/DSIS,00000372412,20260600027,2024-I01-022604,113,23,-1,3,-1,-1,10,,,,,,2024-06-26 00:00:00,,,,,,,,,"El administrado no ejecuta las operaciones de esparcido, nivelación, compactación y cobertura de los residuos sólidos municipales dispuestos en la zona 1 del ADRSM “Botadero Tasabaya”, con una frecuencia de dos (2) veces por semana, conforme a lo ordenado por la medida preventiva N° 2 de la Resolución N° 0093-2023-OEFA/DSIS.",,,,5.0,5150.0,,25750.0,,,,,,,,,0,0,0,0,0,SISUD_VW,2026-09-04 16:34:16
571,,,0067-2023-DSIS-CRES,,00073-2024-OEFA/DSIS,00000562412,20260600032,2024-I01-027965,101,23,-1,3,-1,-1,10,,,,,,2024-07-31 00:00:00,,,,,,,,,"Implementación del sistema de manejo de lixiviados provenientes de las Áreas DF 1 y DF 2, ubicadas en las coordenadas UTM Zona 18L Datum (WGS-84) 531710mE, 9065991mN y 531764mE, 9065678mN; así como del sistema de manejo de aguas de escorrentía en el perímetro de los componentes a implementar (drenes y/o canales de lixiviados y poza de lixiviados); los cuales, deberán considerar las siguientes actividades: Ejecución del expediente técnico para la implementación del sistema de manejo de lixiviados y agua de escorrentía.”",,,,5.0,5150.0,,25750.0,,,,,,,,,0,0,0,0,0,SISUD_VW,2026-09-04 16:34:16
572,,,0013-2023-DSIS-CRES,,00097-2024-OEFA/DSIS,00000612412,20260600033,2024-I01-036594,72,23,-1,3,-1,-1,10,,,,,,2024-09-25 00:00:00,,,,,,,,,"Obligación 3.3 de la medida preventiva N° 3 Implementar medidas de prevención y mitigación del riesgo de afectación del suelo por la infiltración continua de lixiviado en la Poza N° 1, ubicada en las coordenadas 460521mE 8767298mN, para lo cual debe efectuar las siguientes actividades: (…). iii) Retirar y efectuar la disposición final adecuada del suelo afectado por la infiltración continua de lixiviado, así como realizar la limpieza de la zona. (…)",,,,5.0,5150.0,,25750.0,,,,,,,,,0,0,0,0,0,SISUD_VW,2026-09-04 16:34:16
573,,,0013-2023-DSIS-CRES,,00097-2024-OEFA/DSIS,00000662412,20260600033,2024-I01-036594,72,23,-1,3,-1,-1,10,,,,,,2024-09-25 00:00:00,,,,,,,,,"Obligación 5.1 de la medida preventiva N° 5 Implementar medidas de prevención y mitigación del riesgo de afectación al suelo por la infiltración continua de lixiviado en la poza N° 4, ubicada en las coordenadas 460420mE 8767111mN, para lo cual debe efectuar las siguientes actividades: i) Succión del lixiviado contenido en la poza y su adecuada disposición final o recirculación en la o las celdas impermeabilizadas de residuos sólidos no peligrosos. (…)",,,,5.0,5150.0,,25750.0,,,,,,,,,0,0,0,0,0,SISUD_VW,2026-09-04 16:34:16
